"cluster_id","study_id","etichetta","n_t","n_c","gsm_t","gsm_c"
"cgroup_L5_004d293d","GSE217421","Lapatinib-treated cardiac myocytes || DMSO-treated cardiac myocytes",8,12,"GSM6717795,GSM6717797,GSM6717798,GSM6717800,GSM6717804,GSM6717805,GSM6717808,GSM6717811","GSM6717325,GSM6717326,GSM6717327,GSM6717328,GSM6717330,GSM6717331,GSM6717332,GSM6717336,GSM6717347,GSM6717348,GSM6717382,GSM6717383"
"cgroup_L5_004d293d","GSE217421","Lapatinib-treated cardiac myocytes || DMSO-treated cardiac myocytes",4,12,"GSM6717796,GSM6717799,GSM6717806,GSM6717807","GSM6717325,GSM6717326,GSM6717327,GSM6717328,GSM6717330,GSM6717331,GSM6717332,GSM6717336,GSM6717347,GSM6717348,GSM6717382,GSM6717383"
"cgroup_L5_004d293d","GSE217421","Lapatinib-treated cardiac myocytes || DMSO-treated cardiac myocytes",7,12,"GSM6717794,GSM6717801,GSM6717802,GSM6717803,GSM6717809,GSM6717810,GSM6717812","GSM6717325,GSM6717326,GSM6717327,GSM6717328,GSM6717330,GSM6717331,GSM6717332,GSM6717336,GSM6717347,GSM6717348,GSM6717382,GSM6717383"
"cgroup_L5_021e875e","GSE215254","Cisplatin 3D 4h || Vehicle 3D 4h",2,2,"GSM6630473,GSM6630474","GSM6630481,GSM6630483"
"cgroup_L5_021e875e","GSE215254","Cisplatin 3D 4h || Vehicle 3D 4h",2,2,"GSM6630475,GSM6630477","GSM6630481,GSM6630483"
"cgroup_L5_0e66597e","GSE123285","MCF7 + Fulvestrant (10 nM) || MCF7 + DMSO Vehicle",2,16,"GSM3499242,GSM3499243","GSM3499287,GSM3499291,GSM3499293,GSM3499294,GSM3499295,GSM3499296,GSM3499297,GSM3499298,GSM3499299,GSM3499300,GSM3499301,GSM3499302,GSM3499303,GSM3499304,GSM3499305,GSM3499307"
"cgroup_L5_0e66597e","GSE123285","MCF7 + Fulvestrant (10 nM) || MCF7 + DMSO Vehicle",4,16,"GSM3499236,GSM3499238,GSM3499239,GSM3499240","GSM3499287,GSM3499291,GSM3499293,GSM3499294,GSM3499295,GSM3499296,GSM3499297,GSM3499298,GSM3499299,GSM3499300,GSM3499301,GSM3499302,GSM3499303,GSM3499304,GSM3499305,GSM3499307"
"cgroup_L5_12212e41","GSE138614","MS6 || C1_Control",7,2,"GSM4114298,GSM4114333,GSM4114361,GSM4114362,GSM4114365,GSM4114367,GSM4114384","GSM4114319,GSM4114352"
"cgroup_L5_12212e41","GSE138614","MS6 || C1_Control",2,2,"GSM4114342,GSM4114346","GSM4114319,GSM4114352"
"cgroup_L5_17b35bdc","GSE202682","Docetaxel Treated || Control (Vehicle)",2,6,"GSM6128392,GSM6128394","GSM6128383,GSM6128385,GSM6128387,GSM6128389,GSM6128391,GSM6128393"
"cgroup_L5_17b35bdc","GSE202682","Docetaxel Treated || Control (Vehicle)",2,6,"GSM6128386,GSM6128388","GSM6128383,GSM6128385,GSM6128387,GSM6128389,GSM6128391,GSM6128393"
"cgroup_L5_2248a891","GSE202436","Forskolin 1h || Vehicle 1h",3,3,"GSM6122487,GSM6122488,GSM6122490","GSM6122467,GSM6122468,GSM6122470"
"cgroup_L5_2248a891","GSE202436","Forskolin 18h || Vehicle 18h",3,3,"GSM6122562,GSM6122563,GSM6122565","GSM6122542,GSM6122543,GSM6122545"
"cgroup_L5_2248a891","GSE202436","Forskolin 2h || Vehicle 2h",3,2,"GSM6122512,GSM6122513,GSM6122515","GSM6122492,GSM6122495"
"cgroup_L5_2248a891","GSE202436","Forskolin 6h || Vehicle 6h",3,3,"GSM6122537,GSM6122538,GSM6122540","GSM6122517,GSM6122518,GSM6122520"
"cgroup_L5_2248a891","GSE202436","Forskolin 1h || Vehicle 1h",2,2,"GSM6122486,GSM6122489","GSM6122466,GSM6122469"
"cgroup_L5_2248a891","GSE202436","Forskolin 18h || Vehicle 18h",2,2,"GSM6122561,GSM6122564","GSM6122541,GSM6122544"
"cgroup_L5_2248a891","GSE202436","Forskolin 2h || Vehicle 2h",2,2,"GSM6122511,GSM6122514","GSM6122491,GSM6122494"
"cgroup_L5_2248a891","GSE202436","Forskolin 6h || Vehicle 6h",2,2,"GSM6122536,GSM6122539","GSM6122516,GSM6122519"
"cgroup_L5_2d53def6","GSE120904","Intestinal intraepithelial cytotoxic T cells treated with IL21 || Intestinal intraepithelial cytotoxic T cells treated with vehicle_only",3,2,"GSM3418256,GSM3418266,GSM3418288","GSM3418269,GSM3418283"
"cgroup_L5_2d53def6","GSE120904","Intestinal intraepithelial cytotoxic T cells treated with IL21 || Intestinal intraepithelial cytotoxic T cells treated with vehicle_only",2,2,"GSM3418276,GSM3418284","GSM3418269,GSM3418283"
"cgroup_L5_2e16719f","GSE191279","Healthy, 13 days of culture, TGF-β1 stimulation || Healthy, 13 days of culture",8,11,"GSM5742916,GSM5742919,GSM5742920,GSM5742933,GSM5742935,GSM5742939,GSM5742952,GSM5742956","GSM5742914,GSM5742915,GSM5742917,GSM5742918,GSM5742934,GSM5742936,GSM5742938,GSM5742949,GSM5742951,GSM5742957,GSM5742958"
"cgroup_L5_2e16719f","GSE191279","Healthy, 13 days of culture, TGF-β1 stimulation || Healthy, 13 days of culture",8,11,"GSM5742899,GSM5742900,GSM5742902,GSM5742903,GSM5742921,GSM5742937,GSM5742953,GSM5742955","GSM5742914,GSM5742915,GSM5742917,GSM5742918,GSM5742934,GSM5742936,GSM5742938,GSM5742949,GSM5742951,GSM5742957,GSM5742958"
"cgroup_L5_2e16719f","GSE97358","TGFB1-treated (Chinese, M) || Control (Malay, M)",3,4,"GSM2562544,GSM2562548,GSM2562550","GSM2562515,GSM2562521,GSM2562579,GSM2562585"
"cgroup_L5_2e16719f","GSE97358","TGFB1-treated (Chinese, M) || Control (Malay, M)",7,4,"GSM2562520,GSM2562524,GSM2562530,GSM2562580,GSM2562582,GSM2562584,GSM2562590","GSM2562515,GSM2562521,GSM2562579,GSM2562585"
"cgroup_L5_36b956de","GSE64813","Case (PTSD) Post-deployment || Control Post-deployment",6,17,"GSM1580955,GSM1580963,GSM1580965,GSM1581021,GSM1581031,GSM1581045","GSM1581051,GSM1581053,GSM1581055,GSM1581069,GSM1581071,GSM1581073,GSM1581077,GSM1581081,GSM1581089,GSM1581097,GSM1581111,GSM1581121,GSM1581123,GSM1581127,GSM1581131,GSM1581135,GSM1581137"
"cgroup_L5_36b956de","GSE64813","Case (PTSD) Post-deployment || Control Post-deployment",9,17,"GSM1580957,GSM1580959,GSM1580961,GSM1580967,GSM1580969,GSM1580971,GSM1580975,GSM1581015,GSM1581027","GSM1581051,GSM1581053,GSM1581055,GSM1581069,GSM1581071,GSM1581073,GSM1581077,GSM1581081,GSM1581089,GSM1581097,GSM1581111,GSM1581121,GSM1581123,GSM1581127,GSM1581131,GSM1581135,GSM1581137"
"cgroup_L5_37942548","GSE166214","Retinoic Acid Treated (30 µM) Neuroblastoma || DMSO Control Neuroblastoma",3,5,"GSM5066052,GSM5066053,GSM5066054","GSM5066047,GSM5066048,GSM5363896,GSM5363897,GSM5363898"
"cgroup_L5_37942548","GSE166214","Retinoic Acid Treated (30 µM) Neuroblastoma || DMSO Control Neuroblastoma",2,5,"GSM5363899,GSM5363900","GSM5066047,GSM5066048,GSM5363896,GSM5363897,GSM5363898"
"cgroup_L5_3a0a595f","GSE135514","Dasatinib (24h) || Control (24h)",3,4,"GSM4013437,GSM4013439,GSM4013440","GSM4013425,GSM4013426,GSM4013427,GSM4013428"
"cgroup_L5_3a0a595f","GSE135514","Dasatinib (72h) || Control (72h)",2,2,"GSM4013453,GSM4013455","GSM4013442,GSM4013444"
"cgroup_L5_3a0a595f","GSE135514","Dasatinib (24h) || Control (24h)",4,4,"GSM4013433,GSM4013434,GSM4013435,GSM4013436","GSM4013425,GSM4013426,GSM4013427,GSM4013428"
"cgroup_L5_3a0a595f","GSE135514","Dasatinib (72h) || Control (72h)",4,2,"GSM4013449,GSM4013450,GSM4013451,GSM4013452","GSM4013442,GSM4013444"
"cgroup_L5_3a625868","GSE217421","Trastuzumab-treated cardiac myocytes || DMSO-treated cardiac myocytes",13,12,"GSM6718185,GSM6718186,GSM6718187,GSM6718188,GSM6718189,GSM6718190,GSM6718195,GSM6718196,GSM6718197,GSM6718198,GSM6718200,GSM6718201,GSM6718203","GSM6717325,GSM6717326,GSM6717327,GSM6717328,GSM6717330,GSM6717331,GSM6717332,GSM6717336,GSM6717347,GSM6717348,GSM6717382,GSM6717383"
"cgroup_L5_3a625868","GSE217421","Trastuzumab-treated cardiac myocytes || DMSO-treated cardiac myocytes",3,12,"GSM6718192,GSM6718199,GSM6718202","GSM6717325,GSM6717326,GSM6717327,GSM6717328,GSM6717330,GSM6717331,GSM6717332,GSM6717336,GSM6717347,GSM6717348,GSM6717382,GSM6717383"
"cgroup_L5_3be7454c","GSE221804","Wild-type, IFN alpha, 2h || Wild-type, unstimulated",2,6,"GSM6899867,GSM6899868","GSM6899787,GSM6899788,GSM6899810,GSM6899843,GSM6899865,GSM6899866"
"cgroup_L5_3be7454c","GSE221804","Wild-type, IFN alpha, 2h || Wild-type, unstimulated",2,6,"GSM6899767,GSM6899768","GSM6899787,GSM6899788,GSM6899810,GSM6899843,GSM6899865,GSM6899866"
"cgroup_L5_3f0cc1fe","GSE83687","Ulcerative Colitis left colon || Control left colon",4,2,"GSM2212651,GSM2212700,GSM2212712,GSM2212740","GSM2212648,GSM2212657"
"cgroup_L5_3f0cc1fe","GSE83687","Ulcerative Colitis left colon || Control left colon",11,3,"GSM2212628,GSM2212640,GSM2212641,GSM2212665,GSM2212687,GSM2212697,GSM2212705,GSM2212715,GSM2212725,GSM2212728,GSM2212744","GSM2212677,GSM2212727,GSM2212745"
"cgroup_L5_3fa847fe","GSE89408","Osteoarthritis || Normal",2,24,"GSM2371007,GSM2371009","GSM2370970,GSM2370971,GSM2370972,GSM2370973,GSM2370974,GSM2370975,GSM2370976,GSM2370977,GSM2370978,GSM2370979,GSM2370980,GSM2370981,GSM2370982,GSM2370984,GSM2370986,GSM2370987,GSM2370988,GSM2370990,GSM2370991,GSM2370992,GSM2370993,GSM2370994,GSM2370996,GSM2370997"
"cgroup_L5_3fa847fe","GSE89408","Osteoarthritis || Normal",5,24,"GSM2371014,GSM2371015,GSM2371016,GSM2371017,GSM2371018","GSM2370970,GSM2370971,GSM2370972,GSM2370973,GSM2370974,GSM2370975,GSM2370976,GSM2370977,GSM2370978,GSM2370979,GSM2370980,GSM2370981,GSM2370982,GSM2370984,GSM2370986,GSM2370987,GSM2370988,GSM2370990,GSM2370991,GSM2370992,GSM2370993,GSM2370994,GSM2370996,GSM2370997"
"cgroup_L5_3fa847fe","GSE89408","Osteoarthritis || Normal",8,24,"GSM2371000,GSM2371001,GSM2371003,GSM2371005,GSM2371010,GSM2371012,GSM2371013,GSM2371019","GSM2370970,GSM2370971,GSM2370972,GSM2370973,GSM2370974,GSM2370975,GSM2370976,GSM2370977,GSM2370978,GSM2370979,GSM2370980,GSM2370981,GSM2370982,GSM2370984,GSM2370986,GSM2370987,GSM2370988,GSM2370990,GSM2370991,GSM2370992,GSM2370993,GSM2370994,GSM2370996,GSM2370997"
"cgroup_L5_3fa847fe","GSE89408","Osteoarthritis || Normal",3,24,"GSM2370998,GSM2371008,GSM2371011","GSM2370970,GSM2370971,GSM2370972,GSM2370973,GSM2370974,GSM2370975,GSM2370976,GSM2370977,GSM2370978,GSM2370979,GSM2370980,GSM2370981,GSM2370982,GSM2370984,GSM2370986,GSM2370987,GSM2370988,GSM2370990,GSM2370991,GSM2370992,GSM2370993,GSM2370994,GSM2370996,GSM2370997"
"cgroup_L5_46a3a103","GSE222658","SAS wild-type + radiation || SAS wild-type + control",2,3,"GSM6928414,GSM6928416","GSM6928396,GSM6928397,GSM6928398"
"cgroup_L5_46a3a103","GSE222658","SAS wild-type + radiation || SAS wild-type + control",3,3,"GSM6928408,GSM6928409,GSM6928410","GSM6928396,GSM6928397,GSM6928398"
"cgroup_L5_4811fc0c","GSE261699","PBMC + calcitriol (10 nM) 24h || PBMC + ethanol (0.1%) 24h",7,2,"GSM8149087,GSM8149088,GSM8149089,GSM8149094,GSM8149097,GSM8149099,GSM8149100","GSM8149077,GSM8149081"
"cgroup_L5_4811fc0c","GSE261699","PBMC + calcitriol (10 nM) 24h || PBMC + ethanol (0.1%) 24h",7,2,"GSM8149090,GSM8149091,GSM8149092,GSM8149093,GSM8149095,GSM8149096,GSM8149098","GSM8149077,GSM8149081"
"cgroup_L5_49d55bfd","GSE179420","IL4 + Compound treated || untreated",2,3,"GSM5417451,GSM5417453","GSM5417445,GSM5417446,GSM5417447"
"cgroup_L5_49d55bfd","GSE179420","IL4 + Compound treated || untreated",2,3,"GSM5417455,GSM5417456","GSM5417445,GSM5417446,GSM5417447"
"cgroup_L5_5927750b","GSE217421","Carfilzomib-treated cardiac myocytes || DMSO-treated cardiac myocytes",17,12,"GSM6717261,GSM6717263,GSM6717264,GSM6717265,GSM6717266,GSM6717267,GSM6717268,GSM6717269,GSM6717270,GSM6717272,GSM6717273,GSM6717275,GSM6717277,GSM6717278,GSM6717279,GSM6717280,GSM6717281","GSM6717325,GSM6717326,GSM6717327,GSM6717328,GSM6717330,GSM6717331,GSM6717332,GSM6717336,GSM6717347,GSM6717348,GSM6717382,GSM6717383"
"cgroup_L5_5927750b","GSE217421","Carfilzomib-treated cardiac myocytes || DMSO-treated cardiac myocytes",5,12,"GSM6717262,GSM6717271,GSM6717274,GSM6717276,GSM6717282","GSM6717325,GSM6717326,GSM6717327,GSM6717328,GSM6717330,GSM6717331,GSM6717332,GSM6717336,GSM6717347,GSM6717348,GSM6717382,GSM6717383"
"cgroup_L5_6df6a50e","GSE217421","Sorafenib-treated cardiac myocytes || DMSO-treated cardiac myocytes",3,12,"GSM6718088,GSM6718095,GSM6718101","GSM6717325,GSM6717326,GSM6717327,GSM6717328,GSM6717330,GSM6717331,GSM6717332,GSM6717336,GSM6717347,GSM6717348,GSM6717382,GSM6717383"
"cgroup_L5_6df6a50e","GSE217421","Sorafenib-treated cardiac myocytes || DMSO-treated cardiac myocytes",6,12,"GSM6718086,GSM6718092,GSM6718094,GSM6718098,GSM6718102,GSM6718103","GSM6717325,GSM6717326,GSM6717327,GSM6717328,GSM6717330,GSM6717331,GSM6717332,GSM6717336,GSM6717347,GSM6717348,GSM6717382,GSM6717383"
"cgroup_L5_6df6a50e","GSE217421","Sorafenib-treated cardiac myocytes || DMSO-treated cardiac myocytes",7,12,"GSM6718087,GSM6718089,GSM6718090,GSM6718093,GSM6718096,GSM6718097,GSM6718100","GSM6717325,GSM6717326,GSM6717327,GSM6717328,GSM6717330,GSM6717331,GSM6717332,GSM6717336,GSM6717347,GSM6717348,GSM6717382,GSM6717383"
"cgroup_L5_7805eee6","GSE164332","COVID-19 Frontal Cortex || Healthy Control Frontal Cortex",2,2,"GSM5006437,GSM5006445","GSM5006430,GSM5006434"
"cgroup_L5_7805eee6","GSE164332","COVID-19 Frontal Cortex || Healthy Control Frontal Cortex",6,2,"GSM5006438,GSM5006439,GSM5006440,GSM5006441,GSM5006442,GSM5006443","GSM5006430,GSM5006434"
"cgroup_L5_83b1f88c","GSE249573","MDA-MB-453 monoculture Neratinib || MDA-MB-453 monoculture DMSO",2,4,"GSM7950286,GSM7950287","GSM7950284,GSM7950285,GSM7950292,GSM7950293"
"cgroup_L5_83b1f88c","GSE249573","MDA-MB-453 monoculture Neratinib || MDA-MB-453 monoculture DMSO",2,4,"GSM7950294,GSM7950295","GSM7950284,GSM7950285,GSM7950292,GSM7950293"
"cgroup_L5_889ec305","GSE205787","CRC patient-derived spheroids (untreated) || Normal colorectal epithelial stem cell spheroids (untreated)",19,2,"GSM6226392,GSM6226395,GSM6226396,GSM6226402,GSM6226403,GSM6226406,GSM6226407,GSM6226409,GSM6226411,GSM6226424,GSM6226428,GSM6226432,GSM6226435,GSM6226436,GSM6226437,GSM6226439,GSM6226440,GSM6226441,GSM6226442","GSM6226421,GSM6226422"
"cgroup_L5_889ec305","GSE205787","CRC patient-derived spheroids (untreated) || Normal colorectal epithelial stem cell spheroids (untreated)",13,2,"GSM6226410,GSM6226412,GSM6226414,GSM6226415,GSM6226416,GSM6226425,GSM6226430,GSM6226431,GSM6226433,GSM6226434,GSM6226438,GSM6226443,GSM6226444","GSM6226421,GSM6226422"
"cgroup_L5_8b61f50b","GSE123285","MCF7 + 4-hydroxy tamoxifen (100 nM) || MCF7 + DMSO Vehicle",2,16,"GSM3499231,GSM3499234","GSM3499287,GSM3499291,GSM3499293,GSM3499294,GSM3499295,GSM3499296,GSM3499297,GSM3499298,GSM3499299,GSM3499300,GSM3499301,GSM3499302,GSM3499303,GSM3499304,GSM3499305,GSM3499307"
"cgroup_L5_8b61f50b","GSE123285","MCF7 + 4-hydroxy tamoxifen (100 nM) || MCF7 + DMSO Vehicle",2,16,"GSM3499224,GSM3499232","GSM3499287,GSM3499291,GSM3499293,GSM3499294,GSM3499295,GSM3499296,GSM3499297,GSM3499298,GSM3499299,GSM3499300,GSM3499301,GSM3499302,GSM3499303,GSM3499304,GSM3499305,GSM3499307"
"cgroup_L5_8b61f50b","GSE123285","MCF7 + 4-hydroxy tamoxifen (100 nM) || MCF7 + DMSO Vehicle",2,16,"GSM3499226,GSM3499228","GSM3499287,GSM3499291,GSM3499293,GSM3499294,GSM3499295,GSM3499296,GSM3499297,GSM3499298,GSM3499299,GSM3499300,GSM3499301,GSM3499302,GSM3499303,GSM3499304,GSM3499305,GSM3499307"
"cgroup_L5_8b61f50b","GSE123285","MCF7 + 4-hydroxy tamoxifen (100 nM) || MCF7 + DMSO Vehicle",3,16,"GSM3499221,GSM3499223,GSM3499230","GSM3499287,GSM3499291,GSM3499293,GSM3499294,GSM3499295,GSM3499296,GSM3499297,GSM3499298,GSM3499299,GSM3499300,GSM3499301,GSM3499302,GSM3499303,GSM3499304,GSM3499305,GSM3499307"
"cgroup_L5_8b61f50b","GSE123285","MCF7 + 4-hydroxy tamoxifen (100 nM) || MCF7 + DMSO Vehicle",2,16,"GSM3499217,GSM3499219","GSM3499287,GSM3499291,GSM3499293,GSM3499294,GSM3499295,GSM3499296,GSM3499297,GSM3499298,GSM3499299,GSM3499300,GSM3499301,GSM3499302,GSM3499303,GSM3499304,GSM3499305,GSM3499307"
"cgroup_L5_905be893","GSE205851","IL1Beta 4h || Untreated",2,4,"GSM6234498,GSM6234499","GSM6234494,GSM6234495,GSM6234496,GSM6234497"
"cgroup_L5_905be893","GSE205851","IL1Beta 4h || Untreated",2,4,"GSM6234500,GSM6234501","GSM6234494,GSM6234495,GSM6234496,GSM6234497"
"cgroup_L5_90db4e34","GSE124704","LuCaP 96CR-ENZR, SPT, End of Study (EOS) || LuCaP 96CR-ENZR, Control, End of Study (EOS)",3,3,"GSM3543665,GSM3543666,GSM3543668","GSM3543660,GSM3543661,GSM3543663"
"cgroup_L5_90db4e34","GSE124704","LuCaP 96CR-ENZR, SPT, End of Study (EOS) || LuCaP 96CR-ENZR, Control, End of Study (EOS)",2,3,"GSM3543664,GSM3543667","GSM3543660,GSM3543661,GSM3543663"
"cgroup_L5_96c9f7bf","GSE80655","Bipolar_Disorder_DLPFC || Control_DLPFC",12,19,"GSM2132262,GSM2132299,GSM2132309,GSM2132332,GSM2132334,GSM2132368,GSM2132391,GSM2132404,GSM2132426,GSM2132445,GSM2132470,GSM2132481","GSM2132226,GSM2132227,GSM2132228,GSM2132233,GSM2132263,GSM2132274,GSM2132275,GSM2132284,GSM2132285,GSM2132297,GSM2132310,GSM2132311,GSM2132333,GSM2132367,GSM2132392,GSM2132422,GSM2132433,GSM2132440,GSM2132462"
"cgroup_L5_96c9f7bf","GSE80655","Bipolar_Disorder_DLPFC || Control_DLPFC",2,19,"GSM2132322,GSM2132379","GSM2132226,GSM2132227,GSM2132228,GSM2132233,GSM2132263,GSM2132274,GSM2132275,GSM2132284,GSM2132285,GSM2132297,GSM2132310,GSM2132311,GSM2132333,GSM2132367,GSM2132392,GSM2132422,GSM2132433,GSM2132440,GSM2132462"
"cgroup_L5_96c9f7bf","GSE80655","Bipolar_Disorder_DLPFC || Control_DLPFC",3,19,"GSM2132216,GSM2132425,GSM2132449","GSM2132226,GSM2132227,GSM2132228,GSM2132233,GSM2132263,GSM2132274,GSM2132275,GSM2132284,GSM2132285,GSM2132297,GSM2132310,GSM2132311,GSM2132333,GSM2132367,GSM2132392,GSM2132422,GSM2132433,GSM2132440,GSM2132462"
"cgroup_L5_96c9f7bf","GSE80655","Bipolar_Disorder_DLPFC || Control_DLPFC",6,19,"GSM2132213,GSM2132241,GSM2132243,GSM2132264,GSM2132287,GSM2132424","GSM2132226,GSM2132227,GSM2132228,GSM2132233,GSM2132263,GSM2132274,GSM2132275,GSM2132284,GSM2132285,GSM2132297,GSM2132310,GSM2132311,GSM2132333,GSM2132367,GSM2132392,GSM2132422,GSM2132433,GSM2132440,GSM2132462"
"cgroup_L5_9de3f0ea","GSE255074","TB Positive, HIV Negative || TB Negative, HIV Negative",6,4,"GSM8063527,GSM8063529,GSM8063537,GSM8063542,GSM8063550,GSM8063552","GSM8063521,GSM8063530,GSM8063539,GSM8063555"
"cgroup_L5_9de3f0ea","GSE255074","TB Positive, HIV Negative || TB Negative, HIV Negative",3,3,"GSM8063515,GSM8063533,GSM8063543","GSM8063516,GSM8063532,GSM8063558"
"cgroup_L5_a12414d4","GSE80365","Estradiol 10 nM 24h || Vehicle 24h",4,7,"GSM2112720,GSM2112728,GSM2112744,GSM2112748","GSM2112719,GSM2112723,GSM2112727,GSM2112743,GSM2112747,GSM2112751,GSM2112763"
"cgroup_L5_a12414d4","GSE80365","Estradiol 10 nM 24h || Vehicle 24h",3,7,"GSM2112724,GSM2112752,GSM2112764","GSM2112719,GSM2112723,GSM2112727,GSM2112743,GSM2112747,GSM2112751,GSM2112763"
"cgroup_L5_a32e5eaa","GSE155336","Decitabine || DMSO",3,6,"GSM4699413,GSM4699417,GSM4699418","GSM4699408,GSM4699409,GSM4699410,GSM4699414,GSM4699415,GSM4699416"
"cgroup_L5_a32e5eaa","GSE155336","Decitabine || DMSO",3,6,"GSM4699411,GSM4699412,GSM4699419","GSM4699408,GSM4699409,GSM4699410,GSM4699414,GSM4699415,GSM4699416"
"cgroup_L5_aecd610f","GSE80655","Schizophrenia_AnCg || Control_AnCg",15,2,"GSM2132221,GSM2132222,GSM2132279,GSM2132324,GSM2132325,GSM2132327,GSM2132360,GSM2132361,GSM2132373,GSM2132394,GSM2132407,GSM2132408,GSM2132409,GSM2132441,GSM2132469","GSM2132439,GSM2132464"
"cgroup_L5_aecd610f","GSE80655","Schizophrenia_AnCg || Control_AnCg",8,2,"GSM2132220,GSM2132223,GSM2132276,GSM2132303,GSM2132313,GSM2132347,GSM2132432,GSM2132443","GSM2132439,GSM2132464"
"cgroup_L5_b2affd22","GSE79782","Preeclampsia (Amnion) || Control (Amnion)",13,7,"GSM2102531,GSM2102536,GSM2102537,GSM2102540,GSM2102541,GSM2102543,GSM2102544,GSM2102545,GSM2102546,GSM2102547,GSM2102549,GSM2102551,GSM2102552","GSM2102532,GSM2102533,GSM2102534,GSM2102535,GSM2102538,GSM2102548,GSM2102553"
"cgroup_L5_b2affd22","GSE79782","Preeclampsia (Amnion) || Control (Amnion)",2,7,"GSM2102542,GSM2102550","GSM2102532,GSM2102533,GSM2102534,GSM2102535,GSM2102538,GSM2102548,GSM2102553"
"cgroup_L5_b71a25a2","GSE123285","MCF7 + JQ1 (250 nM) || MCF7 + DMSO Vehicle",2,16,"GSM3499261,GSM3499267","GSM3499287,GSM3499291,GSM3499293,GSM3499294,GSM3499295,GSM3499296,GSM3499297,GSM3499298,GSM3499299,GSM3499300,GSM3499301,GSM3499302,GSM3499303,GSM3499304,GSM3499305,GSM3499307"
"cgroup_L5_b71a25a2","GSE123285","MCF7 + JQ1 (250 nM) || MCF7 + DMSO Vehicle",2,16,"GSM3499265,GSM3499270","GSM3499287,GSM3499291,GSM3499293,GSM3499294,GSM3499295,GSM3499296,GSM3499297,GSM3499298,GSM3499299,GSM3499300,GSM3499301,GSM3499302,GSM3499303,GSM3499304,GSM3499305,GSM3499307"
"cgroup_L5_b71a25a2","GSE210196","SY01 + JQ1 || SY01 + DMSO",2,3,"GSM6423269,GSM6423270","GSM6423251,GSM6423325,GSM6423326"
"cgroup_L5_b71a25a2","GSE210196","SY01 + JQ1 || SY01 + DMSO",6,3,"GSM6423271,GSM6423272,GSM6423333,GSM6423334,GSM6423335,GSM6423336","GSM6423251,GSM6423325,GSM6423326"
"cgroup_L5_b71a25a2","GSE244754","DLD-1 BRD4_AID jq1 normoxia || DLD-1 BRD4_AID NT normoxia",3,3,"GSM7829091,GSM7829092,GSM7829093","GSM7829043,GSM7829044,GSM7829045"
"cgroup_L5_b71a25a2","GSE244754","DLD-1 BRD4_AID jq1 normoxia || DLD-1 BRD4_AID NT normoxia",3,3,"GSM7829085,GSM7829086,GSM7829087","GSM7829043,GSM7829044,GSM7829045"
"cgroup_L5_be15b706","GSE220972","IL-13 Stimulation || Control (Vehicle Only)",2,9,"GSM6833370,GSM6833371","GSM6833367,GSM6833368,GSM6833375,GSM6833376,GSM6833377,GSM6833384,GSM6833385,GSM6833393,GSM6833395"
"cgroup_L5_be15b706","GSE220972","IL-13 Stimulation || Control (Vehicle Only)",9,9,"GSM6833369,GSM6833378,GSM6833379,GSM6833380,GSM6833388,GSM6833389,GSM6833396,GSM6833397,GSM6833398","GSM6833367,GSM6833368,GSM6833375,GSM6833376,GSM6833377,GSM6833384,GSM6833385,GSM6833393,GSM6833395"
"cgroup_L5_c548d053","GSE118566","LPS-treated lung tissue || Vehicle control lung tissue",3,6,"GSM3333316,GSM3333317,GSM3333318","GSM3333307,GSM3333308,GSM3333309,GSM3333310,GSM3333311,GSM3333312"
"cgroup_L5_c548d053","GSE118566","LPS-treated lung tissue || Vehicle control lung tissue",3,6,"GSM3333313,GSM3333314,GSM3333315","GSM3333307,GSM3333308,GSM3333309,GSM3333310,GSM3333311,GSM3333312"
"cgroup_L5_c548d053","GSE168468","LPS (4h) || RPMI media (4h)",2,2,"GSM5141079,GSM5141081","GSM5141074,GSM5141076"
"cgroup_L5_c548d053","GSE168468","LPS (24h) || RPMI media (24h)",6,2,"GSM5141099,GSM5141101,GSM5141103,GSM5141121,GSM5141122,GSM5141123","GSM5141094,GSM5141095"
"cgroup_L5_c548d053","GSE168468","LPS (4h) || RPMI media (4h)",2,2,"GSM5141080,GSM5141083","GSM5141074,GSM5141076"
"cgroup_L5_c548d053","GSE168468","LPS (24h) || RPMI media (24h)",3,2,"GSM5141102,GSM5141119,GSM5141120","GSM5141094,GSM5141095"
"cgroup_L5_c548d053","GSE233262","iPSC-microglia, LPS, 6h || iPSC-microglia, vehicle treatment, 6h",3,5,"GSM7417933,GSM7417936,GSM7417939","GSM7417932,GSM7417935,GSM7417938,GSM7417940,GSM7417943"
"cgroup_L5_c548d053","GSE233262","iPSC-microglia, LPS, 6h || iPSC-microglia, vehicle treatment, 6h",2,5,"GSM7417942,GSM7417944","GSM7417932,GSM7417935,GSM7417938,GSM7417940,GSM7417943"
"cgroup_L5_c5e86fe9","GSE165585","Olaparib Treated Buccal Mucosa Squamous Carcinoma || Parent Oral Cancer Cell Line",2,2,"GSM5044382,GSM5044383","GSM5044372,GSM5044373"
"cgroup_L5_c5e86fe9","GSE165585","Olaparib Treated Buccal Mucosa Squamous Carcinoma || Parent Oral Cancer Cell Line",2,2,"GSM5044380,GSM5044381","GSM5044372,GSM5044373"
"cgroup_L5_d631ee89","GSE110041","IL3 6h || Untreated 6h",5,8,"GSM2976790,GSM2976810,GSM2976814,GSM2976827,GSM2976828","GSM2976811,GSM2976812,GSM2976817,GSM2976818,GSM2976829,GSM2976830,GSM2976841,GSM2976842"
"cgroup_L5_d631ee89","GSE110041","IL3 6h || Untreated 6h",7,8,"GSM2976805,GSM2976806,GSM2976807,GSM2976808,GSM2976809,GSM2976839,GSM2976840","GSM2976811,GSM2976812,GSM2976817,GSM2976818,GSM2976829,GSM2976830,GSM2976841,GSM2976842"
"cgroup_L5_d6fad784","GSE86356","Heart DM1 || Heart Healthy",5,3,"GSM2309539,GSM2309540,GSM2309542,GSM2309544,GSM2309546","GSM2309534,GSM2309535,GSM2309536"
"cgroup_L5_d6fad784","GSE86356","Heart DM1 || Heart Healthy",6,3,"GSM2309537,GSM2309538,GSM2309541,GSM2309543,GSM2309545,GSM2309547","GSM2309534,GSM2309535,GSM2309536"
"cgroup_L5_d9e23e09","GSE202436","TNFα 1h || Vehicle 1h",3,3,"GSM6122472,GSM6122473,GSM6122475","GSM6122467,GSM6122468,GSM6122470"
"cgroup_L5_d9e23e09","GSE202436","TNFα 18h || Vehicle 18h",3,3,"GSM6122547,GSM6122548,GSM6122550","GSM6122542,GSM6122543,GSM6122545"
"cgroup_L5_d9e23e09","GSE202436","TNFα 2h || Vehicle 2h",3,2,"GSM6122497,GSM6122498,GSM6122500","GSM6122492,GSM6122495"
"cgroup_L5_d9e23e09","GSE202436","TNFα 6h || Vehicle 6h",3,3,"GSM6122522,GSM6122523,GSM6122525","GSM6122517,GSM6122518,GSM6122520"
"cgroup_L5_d9e23e09","GSE202436","TNFα 1h || Vehicle 1h",2,2,"GSM6122471,GSM6122474","GSM6122466,GSM6122469"
"cgroup_L5_d9e23e09","GSE202436","TNFα 18h || Vehicle 18h",2,2,"GSM6122546,GSM6122549","GSM6122541,GSM6122544"
"cgroup_L5_d9e23e09","GSE202436","TNFα 2h || Vehicle 2h",2,2,"GSM6122496,GSM6122499","GSM6122491,GSM6122494"
"cgroup_L5_d9e23e09","GSE202436","TNFα 6h || Vehicle 6h",2,2,"GSM6122521,GSM6122524","GSM6122516,GSM6122519"
"cgroup_L5_efced505","GSE217421","Sunitinib-treated cardiac myocytes (MSN06) || DMSO-treated cardiac myocytes",2,12,"GSM6718115,GSM6718117","GSM6717325,GSM6717326,GSM6717327,GSM6717328,GSM6717330,GSM6717331,GSM6717332,GSM6717336,GSM6717347,GSM6717348,GSM6717382,GSM6717383"
"cgroup_L5_efced505","GSE217421","Sunitinib-treated cardiac myocytes || DMSO-treated cardiac myocytes",14,12,"GSM6718104,GSM6718106,GSM6718108,GSM6718109,GSM6718110,GSM6718111,GSM6718112,GSM6718113,GSM6718116,GSM6718118,GSM6718120,GSM6718122,GSM6718123,GSM6718124","GSM6717325,GSM6717326,GSM6717327,GSM6717328,GSM6717330,GSM6717331,GSM6717332,GSM6717336,GSM6717347,GSM6717348,GSM6717382,GSM6717383"
"cgroup_L5_efced505","GSE217421","Sunitinib-treated cardiac myocytes || DMSO-treated cardiac myocytes",2,12,"GSM6718107,GSM6718121","GSM6717325,GSM6717326,GSM6717327,GSM6717328,GSM6717330,GSM6717331,GSM6717332,GSM6717336,GSM6717347,GSM6717348,GSM6717382,GSM6717383"
"cgroup_L5_efced505","GSE217421","Sunitinib-treated cardiac myocytes (MSN06) || DMSO-treated cardiac myocytes",2,12,"GSM6718114,GSM6718119","GSM6717325,GSM6717326,GSM6717327,GSM6717328,GSM6717330,GSM6717331,GSM6717332,GSM6717336,GSM6717347,GSM6717348,GSM6717382,GSM6717383"
"cgroup_L5_f97e50de","GSE217421","Crizotinib-treated cardiac myocytes || DMSO-treated cardiac myocytes",6,12,"GSM6717304,GSM6717305,GSM6717306,GSM6717311,GSM6717314,GSM6717315","GSM6717325,GSM6717326,GSM6717327,GSM6717328,GSM6717330,GSM6717331,GSM6717332,GSM6717336,GSM6717347,GSM6717348,GSM6717382,GSM6717383"
"cgroup_L5_f97e50de","GSE217421","Crizotinib-treated cardiac myocytes || DMSO-treated cardiac myocytes",11,12,"GSM6717302,GSM6717303,GSM6717307,GSM6717308,GSM6717309,GSM6717310,GSM6717312,GSM6717313,GSM6717316,GSM6717318,GSM6717319","GSM6717325,GSM6717326,GSM6717327,GSM6717328,GSM6717330,GSM6717331,GSM6717332,GSM6717336,GSM6717347,GSM6717348,GSM6717382,GSM6717383"
"cgroup_L5_f97e50de","GSE239666","Primary tissue treated with crizotinib || Primary tissue treated with DMSO",5,3,"GSM7669673,GSM7669676,GSM7669677,GSM7669680,GSM7669681","GSM7669670,GSM7669671,GSM7669672"
"cgroup_L5_f97e50de","GSE239666","Primary tissue treated with crizotinib || Primary tissue treated with DMSO",2,3,"GSM7669675,GSM7669679","GSM7669670,GSM7669671,GSM7669672"
