"cluster_id","ckey","study_id","tipo"
"cgroup_L5_2e16719f","HGNC:11766||gain||vehicle_untreated","GSE102674","etichette_cambiate"
"cgroup_L5_2e16719f","HGNC:11766||gain||vehicle_untreated","GSE119606","etichette_cambiate"
"cgroup_L5_2e16719f","HGNC:11766||gain||vehicle_untreated","GSE122305","entrato"
"cgroup_L5_2e16719f","HGNC:11766||gain||vehicle_untreated","GSE128940","etichette_cambiate"
"cgroup_L5_2e16719f","HGNC:11766||gain||vehicle_untreated","GSE134395","etichette_cambiate"
"cgroup_L5_2e16719f","HGNC:11766||gain||vehicle_untreated","GSE145746","etichette_cambiate"
"cgroup_L5_2e16719f","HGNC:11766||gain||vehicle_untreated","GSE148767","etichette_cambiate"
"cgroup_L5_2e16719f","HGNC:11766||gain||vehicle_untreated","GSE155832","etichette_cambiate"
"cgroup_L5_2e16719f","HGNC:11766||gain||vehicle_untreated","GSE163241","etichette_cambiate"
"cgroup_L5_2e16719f","HGNC:11766||gain||vehicle_untreated","GSE174490","etichette_cambiate"
"cgroup_L5_2e16719f","HGNC:11766||gain||vehicle_untreated","GSE178714","etichette_cambiate"
"cgroup_L5_2e16719f","HGNC:11766||gain||vehicle_untreated","GSE179347","etichette_cambiate"
"cgroup_L5_2e16719f","HGNC:11766||gain||vehicle_untreated","GSE191279","etichette_cambiate"
"cgroup_L5_2e16719f","HGNC:11766||gain||vehicle_untreated","GSE197132","entrato"
"cgroup_L5_2e16719f","HGNC:11766||gain||vehicle_untreated","GSE199225","etichette_cambiate"
"cgroup_L5_2e16719f","HGNC:11766||gain||vehicle_untreated","GSE202714","etichette_cambiate"
"cgroup_L5_2e16719f","HGNC:11766||gain||vehicle_untreated","GSE204868","etichette_cambiate"
"cgroup_L5_2e16719f","HGNC:11766||gain||vehicle_untreated","GSE210984","etichette_cambiate"
"cgroup_L5_2e16719f","HGNC:11766||gain||vehicle_untreated","GSE220038","etichette_cambiate"
"cgroup_L5_2e16719f","HGNC:11766||gain||vehicle_untreated","GSE223682","etichette_cambiate"
"cgroup_L5_2e16719f","HGNC:11766||gain||vehicle_untreated","GSE225549","etichette_cambiate"
"cgroup_L5_2e16719f","HGNC:11766||gain||vehicle_untreated","GSE232640","etichette_cambiate"
"cgroup_L5_2e16719f","HGNC:11766||gain||vehicle_untreated","GSE245621","etichette_cambiate"
"cgroup_L5_2e16719f","HGNC:11766||gain||vehicle_untreated","GSE246391","etichette_cambiate"
"cgroup_L5_2e16719f","HGNC:11766||gain||vehicle_untreated","GSE248794","etichette_cambiate"
"cgroup_L5_2e16719f","HGNC:11766||gain||vehicle_untreated","GSE264288","etichette_cambiate"
"cgroup_L5_2e16719f","HGNC:11766||gain||vehicle_untreated","GSE49159","etichette_cambiate"
"cgroup_L5_2e16719f","HGNC:11766||gain||vehicle_untreated","GSE88757","etichette_cambiate"
"cgroup_L5_2e16719f","HGNC:11766||gain||vehicle_untreated","GSE96975","etichette_cambiate"
"cgroup_L5_2e16719f","HGNC:11766||gain||vehicle_untreated","GSE97358","etichette_cambiate"
"cgroup_L5_2e16719f","HGNC:11766||gain||vehicle_untreated","GSE134298","uscito"
"cgroup_L5_2e16719f","HGNC:11766||gain||vehicle_untreated","GSE134595","uscito"
"cgroup_L5_2e16719f","HGNC:11766||gain||vehicle_untreated","GSE142417","uscito"
"cgroup_L5_2e16719f","HGNC:11766||gain||vehicle_untreated","GSE161176","uscito"
"cgroup_L5_2e16719f","HGNC:11766||gain||vehicle_untreated","GSE178518","uscito"
"cgroup_L5_2e16719f","HGNC:11766||gain||vehicle_untreated","GSE247237","uscito"
"cgroup_L5_2e16719f","HGNC:11766||gain||vehicle_untreated","GSE252425","uscito"
"cgroup_L5_a32e5eaa","CHEBI:50131||gain||vehicle_untreated","GSE108177","etichette_cambiate"
"cgroup_L5_a32e5eaa","CHEBI:50131||gain||vehicle_untreated","GSE140347","etichette_cambiate"
"cgroup_L5_a32e5eaa","CHEBI:50131||gain||vehicle_untreated","GSE142381","entrato"
"cgroup_L5_a32e5eaa","CHEBI:50131||gain||vehicle_untreated","GSE155336","etichette_cambiate"
"cgroup_L5_a32e5eaa","CHEBI:50131||gain||vehicle_untreated","GSE171073","etichette_cambiate"
"cgroup_L5_a32e5eaa","CHEBI:50131||gain||vehicle_untreated","GSE175867","etichette_cambiate"
"cgroup_L5_a32e5eaa","CHEBI:50131||gain||vehicle_untreated","GSE198670","etichette_cambiate"
"cgroup_L5_a32e5eaa","CHEBI:50131||gain||vehicle_untreated","GSE216988","etichette_cambiate"
"cgroup_L5_a32e5eaa","CHEBI:50131||gain||vehicle_untreated","GSE218060","etichette_cambiate"
"cgroup_L5_a32e5eaa","CHEBI:50131||gain||vehicle_untreated","GSE145639","uscito"
"cgroup_L5_a32e5eaa","CHEBI:50131||gain||vehicle_untreated","GSE217421","uscito"
"cgroup_L5_a32e5eaa","CHEBI:50131||gain||vehicle_untreated","GSE223688","uscito"
"cgroup_L5_4b901bf1","STR:psoriasis||gain||vehicle_untreated","GSE142582","etichette_cambiate"
"cgroup_L5_4b901bf1","STR:psoriasis||gain||vehicle_untreated","GSE150851","etichette_cambiate"
"cgroup_L5_bb8cb388","STR:endometriosis||gain||vehicle_untreated","GSE135485","etichette_cambiate"
"cgroup_L5_bb8cb388","STR:endometriosis||gain||vehicle_untreated","GSE153740","etichette_cambiate"
"cgroup_L5_bb8cb388","STR:endometriosis||gain||vehicle_untreated","GSE87809","etichette_cambiate"
"cgroup_L5_3824dc37","STR:nash||gain||vehicle_untreated","GSE147304","etichette_cambiate"
"cgroup_L5_3824dc37","STR:nash||gain||vehicle_untreated","GSE162694","entrato"
"cgroup_L5_3824dc37","STR:nash||gain||vehicle_untreated","GSE173735","uscito"
"cgroup_L5_a8ff7b6d","STR:atra||gain||vehicle_untreated","GSE142383","etichette_cambiate"
"cgroup_L5_a8ff7b6d","STR:atra||gain||vehicle_untreated","GSE175757","entrato"
"cgroup_L5_a8ff7b6d","STR:atra||gain||vehicle_untreated","GSE93996","uscito"
"cgroup_L5_cf34c533","CHEBI:46742||gain||vehicle_untreated","GSE108406","entrato"
"cgroup_L5_cf34c533","CHEBI:46742||gain||vehicle_untreated","GSE139862","etichette_cambiate"
"cgroup_L5_cf34c533","CHEBI:46742||gain||vehicle_untreated","GSE80716","entrato"
"cgroup_L5_cf34c533","CHEBI:46742||gain||vehicle_untreated","GSE59841","uscito"
"cgroup_L5_988d478d","STR:copd||gain||vehicle_untreated","GSE191279","entrato"
"cgroup_L5_988d478d","STR:copd||gain||vehicle_untreated","GSE268499","etichette_cambiate"
"cgroup_L5_988d478d","STR:copd||gain||vehicle_untreated","GSE57148","etichette_cambiate"
"cgroup_L5_988d478d","STR:copd||gain||vehicle_untreated","GSE178807","uscito"
"cgroup_L5_56d531e8","CHEBI:17154||gain||vehicle_untreated","GSE172494","etichette_cambiate"
"cgroup_L5_356eedd3","CHEBI:46024||gain||vehicle_untreated","GSE234148","etichette_cambiate"
"cgroup_L5_16525349","CHEBI:78543||gain||vehicle_untreated","GSE186341","etichette_cambiate"
"cgroup_L5_16525349","CHEBI:78543||gain||vehicle_untreated","GSE217421","etichette_cambiate"
"cgroup_L5_16525349","CHEBI:78543||gain||vehicle_untreated","GSE95079","etichette_cambiate"
"cgroup_L5_16525349","CHEBI:78543||gain||vehicle_untreated","GSE146096","uscito"
"cgroup_L5_c040a36d","MeSH:D002292||gain||vehicle_untreated","GSE126964","etichette_cambiate"
"cgroup_L5_c040a36d","MeSH:D002292||gain||vehicle_untreated","GSE252600","uscito"
"cgroup_L5_777adc83","STR:g007_lk||gain||vehicle_untreated","GSE123807","entrato"
"cgroup_L5_777adc83","STR:g007_lk||gain||vehicle_untreated","GSE162648","entrato"
"cgroup_L5_777adc83","STR:g007_lk||gain||vehicle_untreated","GSE220061","entrato"
"cgroup_L5_d9e23e09","HGNC:11892||gain||vehicle_untreated","GSE115311","etichette_cambiate"
"cgroup_L5_d9e23e09","HGNC:11892||gain||vehicle_untreated","GSE129210","entrato"
"cgroup_L5_d9e23e09","HGNC:11892||gain||vehicle_untreated","GSE130226","etichette_cambiate"
"cgroup_L5_d9e23e09","HGNC:11892||gain||vehicle_untreated","GSE132958","etichette_cambiate"
"cgroup_L5_d9e23e09","HGNC:11892||gain||vehicle_untreated","GSE161021","etichette_cambiate"
"cgroup_L5_d9e23e09","HGNC:11892||gain||vehicle_untreated","GSE161761","etichette_cambiate"
"cgroup_L5_d9e23e09","HGNC:11892||gain||vehicle_untreated","GSE163548","etichette_cambiate"
"cgroup_L5_d9e23e09","HGNC:11892||gain||vehicle_untreated","GSE186396","etichette_cambiate"
"cgroup_L5_d9e23e09","HGNC:11892||gain||vehicle_untreated","GSE190181","etichette_cambiate"
"cgroup_L5_d9e23e09","HGNC:11892||gain||vehicle_untreated","GSE190634","etichette_cambiate"
"cgroup_L5_d9e23e09","HGNC:11892||gain||vehicle_untreated","GSE196243","etichette_cambiate"
"cgroup_L5_d9e23e09","HGNC:11892||gain||vehicle_untreated","GSE202436","etichette_cambiate"
"cgroup_L5_d9e23e09","HGNC:11892||gain||vehicle_untreated","GSE210522","etichette_cambiate"
"cgroup_L5_d9e23e09","HGNC:11892||gain||vehicle_untreated","GSE211439","etichette_cambiate"
"cgroup_L5_d9e23e09","HGNC:11892||gain||vehicle_untreated","GSE215039","etichette_cambiate"
"cgroup_L5_d9e23e09","HGNC:11892||gain||vehicle_untreated","GSE215275","etichette_cambiate"
"cgroup_L5_d9e23e09","HGNC:11892||gain||vehicle_untreated","GSE225274","entrato"
"cgroup_L5_d9e23e09","HGNC:11892||gain||vehicle_untreated","GSE226186","etichette_cambiate"
"cgroup_L5_d9e23e09","HGNC:11892||gain||vehicle_untreated","GSE236122","etichette_cambiate"
"cgroup_L5_d9e23e09","HGNC:11892||gain||vehicle_untreated","GSE246340","etichette_cambiate"
"cgroup_L5_d9e23e09","HGNC:11892||gain||vehicle_untreated","GSE70068","etichette_cambiate"
"cgroup_L5_d9e23e09","HGNC:11892||gain||vehicle_untreated","GSE151854","uscito"
"cgroup_L5_d9e23e09","HGNC:11892||gain||vehicle_untreated","GSE159894","uscito"
"cgroup_L5_d9e23e09","HGNC:11892||gain||vehicle_untreated","GSE217421","uscito"
"cgroup_L5_d9e23e09","HGNC:11892||gain||vehicle_untreated","GSE95078","uscito"
"cgroup_L5_eb5e1e65","CHEBI:41879||gain||vehicle_untreated","GSE179347","etichette_cambiate"
"cgroup_L5_eb5e1e65","CHEBI:41879||gain||vehicle_untreated","GSE198683","etichette_cambiate"
"cgroup_L5_eb5e1e65","CHEBI:41879||gain||vehicle_untreated","GSE205890","etichette_cambiate"
"cgroup_L5_eb5e1e65","CHEBI:41879||gain||vehicle_untreated","GSE207409","etichette_cambiate"
"cgroup_L5_eb5e1e65","CHEBI:41879||gain||vehicle_untreated","GSE225901","etichette_cambiate"
"cgroup_L5_eb5e1e65","CHEBI:41879||gain||vehicle_untreated","GSE237803","etichette_cambiate"
"cgroup_L5_eb5e1e65","CHEBI:41879||gain||vehicle_untreated","GSE52778","etichette_cambiate"
"cgroup_L5_eb5e1e65","CHEBI:41879||gain||vehicle_untreated","GSE56022","etichette_cambiate"
"cgroup_L5_eb5e1e65","CHEBI:41879||gain||vehicle_untreated","GSE96649","etichette_cambiate"
"cgroup_L5_eb5e1e65","CHEBI:41879||gain||vehicle_untreated","GSE115514","uscito"
"cgroup_L5_eb5e1e65","CHEBI:41879||gain||vehicle_untreated","GSE221103","uscito"
"cgroup_L5_3a0a595f","CHEBI:49375||gain||vehicle_untreated","GSE151159","etichette_cambiate"
"cgroup_L5_3a0a595f","CHEBI:49375||gain||vehicle_untreated","GSE184427","etichette_cambiate"
"cgroup_L5_3a0a595f","CHEBI:49375||gain||vehicle_untreated","GSE186341","etichette_cambiate"
"cgroup_L5_3a0a595f","CHEBI:49375||gain||vehicle_untreated","GSE199800","entrato"
"cgroup_L5_3a0a595f","CHEBI:49375||gain||vehicle_untreated","GSE217421","etichette_cambiate"
"cgroup_L5_3a0a595f","CHEBI:49375||gain||vehicle_untreated","GSE229331","etichette_cambiate"
"cgroup_L5_3a0a595f","CHEBI:49375||gain||vehicle_untreated","GSE146096","uscito"
"cgroup_L5_3a0a595f","CHEBI:49375||gain||vehicle_untreated","GSE166617","uscito"
"cgroup_L5_3a0a595f","CHEBI:49375||gain||vehicle_untreated","GSE171358","uscito"
"cgroup_L5_ba4af011","STR:irradiation||gain||vehicle_untreated","GSE105951","etichette_cambiate"
"cgroup_L5_ba4af011","STR:irradiation||gain||vehicle_untreated","GSE165585","etichette_cambiate"
"cgroup_L5_ba4af011","STR:irradiation||gain||vehicle_untreated","GSE232305","etichette_cambiate"
"cgroup_L5_7784bb43","STR:pcos||gain||vehicle_untreated","GSE128328","etichette_cambiate"
"cgroup_L5_7784bb43","STR:pcos||gain||vehicle_untreated","GSE156067","etichette_cambiate"
"cgroup_L5_7784bb43","STR:pcos||gain||vehicle_untreated","GSE173160","etichette_cambiate"
"cgroup_L5_7784bb43","STR:pcos||gain||vehicle_untreated","GSE193812","etichette_cambiate"
"cgroup_L5_dd2a1a58","STR:heart_failure||gain||vehicle_untreated","GSE138252","entrato"
"cgroup_L5_dd2a1a58","STR:heart_failure||gain||vehicle_untreated","GSE145154","etichette_cambiate"
"cgroup_L5_dd2a1a58","STR:heart_failure||gain||vehicle_untreated","GSE147236","etichette_cambiate"
"cgroup_L5_dd2a1a58","STR:heart_failure||gain||vehicle_untreated","GSE196656","etichette_cambiate"
"cgroup_L5_dd2a1a58","STR:heart_failure||gain||vehicle_untreated","GSE135055","uscito"
"cgroup_L5_f34ff8df","CHEBI:4911||gain||vehicle_untreated","GSE111379","etichette_cambiate"
"cgroup_L5_f34ff8df","CHEBI:4911||gain||vehicle_untreated","GSE161803","etichette_cambiate"
"cgroup_L5_f34ff8df","CHEBI:4911||gain||vehicle_untreated","GSE211244","entrato"
"cgroup_L5_f34ff8df","CHEBI:4911||gain||vehicle_untreated","GSE226406","entrato"
"cgroup_L5_f34ff8df","CHEBI:4911||gain||vehicle_untreated","GSE222221","uscito"
"cgroup_L5_c860712d","STR:cystic_fibrosis||gain||vehicle_untreated","GSE101993","etichette_cambiate"
"cgroup_L5_c860712d","STR:cystic_fibrosis||gain||vehicle_untreated","GSE136371","etichette_cambiate"
"cgroup_L5_c860712d","STR:cystic_fibrosis||gain||vehicle_untreated","GSE110935","uscito"
"cgroup_L5_a8015c98","CHEBI:175901||gain||vehicle_untreated","GSE106336","etichette_cambiate"
"cgroup_L5_a8015c98","CHEBI:175901||gain||vehicle_untreated","GSE189764","etichette_cambiate"
"cgroup_L5_a8015c98","CHEBI:175901||gain||vehicle_untreated","GSE97766","etichette_cambiate"
"cgroup_L5_a8015c98","CHEBI:175901||gain||vehicle_untreated","GSE165548","uscito"
"cgroup_L5_a8015c98","CHEBI:175901||gain||vehicle_untreated","GSE250050","uscito"
"cgroup_L5_17b35bdc","CHEBI:4672||gain||vehicle_untreated","GSE162285","etichette_cambiate"
"cgroup_L5_17b35bdc","CHEBI:4672||gain||vehicle_untreated","GSE184427","etichette_cambiate"
"cgroup_L5_17b35bdc","CHEBI:4672||gain||vehicle_untreated","GSE202682","etichette_cambiate"
"cgroup_L5_17b35bdc","CHEBI:4672||gain||vehicle_untreated","GSE217452","uscito"
"cgroup_L5_3437775a","CHEBI:91450||gain||vehicle_untreated","GSE199800","entrato"
"cgroup_L5_3437775a","CHEBI:91450||gain||vehicle_untreated","GSE246886","entrato"
"cgroup_L5_3437775a","CHEBI:91450||gain||vehicle_untreated","GSE61375","entrato"
"cgroup_L5_387b0d1a","MeSH:D003922||gain||vehicle_untreated","GSE123658","etichette_cambiate"
"cgroup_L5_387b0d1a","MeSH:D003922||gain||vehicle_untreated","GSE131526","etichette_cambiate"
"cgroup_L5_dd2a13de","STR:idiopathic_pulmonary_fibrosis||gain||vehicle_untreated","GSE248485","etichette_cambiate"
"cgroup_L5_dd2a13de","STR:idiopathic_pulmonary_fibrosis||gain||vehicle_untreated","GSE79544","etichette_cambiate"
"cgroup_L5_dd2a13de","STR:idiopathic_pulmonary_fibrosis||gain||vehicle_untreated","GSE92592","entrato"
"cgroup_L5_dd2a13de","STR:idiopathic_pulmonary_fibrosis||gain||vehicle_untreated","GSE99621","uscito"
"cgroup_L5_c548d053","CHEBI:16412||gain||vehicle_untreated","GSE103501","etichette_cambiate"
"cgroup_L5_c548d053","CHEBI:16412||gain||vehicle_untreated","GSE104282","etichette_cambiate"
"cgroup_L5_c548d053","CHEBI:16412||gain||vehicle_untreated","GSE110947","entrato"
"cgroup_L5_c548d053","CHEBI:16412||gain||vehicle_untreated","GSE135640","etichette_cambiate"
"cgroup_L5_c548d053","CHEBI:16412||gain||vehicle_untreated","GSE142560","etichette_cambiate"
"cgroup_L5_c548d053","CHEBI:16412||gain||vehicle_untreated","GSE145382","etichette_cambiate"
"cgroup_L5_c548d053","CHEBI:16412||gain||vehicle_untreated","GSE150893","etichette_cambiate"
"cgroup_L5_c548d053","CHEBI:16412||gain||vehicle_untreated","GSE151796","etichette_cambiate"
"cgroup_L5_c548d053","CHEBI:16412||gain||vehicle_untreated","GSE161031","entrato"
"cgroup_L5_c548d053","CHEBI:16412||gain||vehicle_untreated","GSE168468","entrato"
"cgroup_L5_c548d053","CHEBI:16412||gain||vehicle_untreated","GSE173807","etichette_cambiate"
"cgroup_L5_c548d053","CHEBI:16412||gain||vehicle_untreated","GSE190405","etichette_cambiate"
"cgroup_L5_c548d053","CHEBI:16412||gain||vehicle_untreated","GSE196243","etichette_cambiate"
"cgroup_L5_c548d053","CHEBI:16412||gain||vehicle_untreated","GSE199367","etichette_cambiate"
"cgroup_L5_c548d053","CHEBI:16412||gain||vehicle_untreated","GSE226280","etichette_cambiate"
"cgroup_L5_c548d053","CHEBI:16412||gain||vehicle_untreated","GSE231686","etichette_cambiate"
"cgroup_L5_c548d053","CHEBI:16412||gain||vehicle_untreated","GSE233262","etichette_cambiate"
"cgroup_L5_c548d053","CHEBI:16412||gain||vehicle_untreated","GSE241554","etichette_cambiate"
"cgroup_L5_c548d053","CHEBI:16412||gain||vehicle_untreated","GSE245677","etichette_cambiate"
"cgroup_L5_c548d053","CHEBI:16412||gain||vehicle_untreated","GSE251809","entrato"
"cgroup_L5_c548d053","CHEBI:16412||gain||vehicle_untreated","GSE272030","entrato"
"cgroup_L5_c548d053","CHEBI:16412||gain||vehicle_untreated","GSE81478","etichette_cambiate"
"cgroup_L5_c548d053","CHEBI:16412||gain||vehicle_untreated","GSE92532","etichette_cambiate"
"cgroup_L5_c548d053","CHEBI:16412||gain||vehicle_untreated","GSE135753","uscito"
"cgroup_L5_c548d053","CHEBI:16412||gain||vehicle_untreated","GSE140702","uscito"
"cgroup_L5_c548d053","CHEBI:16412||gain||vehicle_untreated","GSE155918","uscito"
"cgroup_L5_c548d053","CHEBI:16412||gain||vehicle_untreated","GSE208550","uscito"
"cgroup_L5_c548d053","CHEBI:16412||gain||vehicle_untreated","GSE217012","uscito"
"cgroup_L5_c548d053","CHEBI:16412||gain||vehicle_untreated","GSE76404","uscito"
"cgroup_L5_c548d053","CHEBI:16412||gain||vehicle_untreated","GSE92852","uscito"
"cgroup_L5_6df6a50e","CHEBI:50924||gain||vehicle_untreated","GSE114686","etichette_cambiate"
"cgroup_L5_6df6a50e","CHEBI:50924||gain||vehicle_untreated","GSE146096","entrato"
"cgroup_L5_6df6a50e","CHEBI:50924||gain||vehicle_untreated","GSE186341","etichette_cambiate"
"cgroup_L5_6df6a50e","CHEBI:50924||gain||vehicle_untreated","GSE192771","etichette_cambiate"
"cgroup_L5_6df6a50e","CHEBI:50924||gain||vehicle_untreated","GSE199800","entrato"
"cgroup_L5_6df6a50e","CHEBI:50924||gain||vehicle_untreated","GSE217423","etichette_cambiate"
"cgroup_L5_6df6a50e","CHEBI:50924||gain||vehicle_untreated","GSE225537","etichette_cambiate"
"cgroup_L5_6df6a50e","CHEBI:50924||gain||vehicle_untreated","GSE227609","etichette_cambiate"
"cgroup_L5_6df6a50e","CHEBI:50924||gain||vehicle_untreated","GSE184427","uscito"
"cgroup_L5_6df6a50e","CHEBI:50924||gain||vehicle_untreated","GSE242333","uscito"
"cgroup_L5_6df6a50e","CHEBI:50924||gain||vehicle_untreated","GSE98431","uscito"
"cgroup_L5_6df6a50e","CHEBI:50924||gain||vehicle_untreated","GSE99536","uscito"
"cgroup_L5_702a5dea","CHEBI:75998||gain||vehicle_untreated","GSE110397","entrato"
"cgroup_L5_702a5dea","CHEBI:75998||gain||vehicle_untreated","GSE118548","etichette_cambiate"
"cgroup_L5_702a5dea","CHEBI:75998||gain||vehicle_untreated","GSE206267","etichette_cambiate"
"cgroup_L5_702a5dea","CHEBI:75998||gain||vehicle_untreated","GSE207645","entrato"
"cgroup_L5_702a5dea","CHEBI:75998||gain||vehicle_untreated","GSE217421","etichette_cambiate"
"cgroup_L5_702a5dea","CHEBI:75998||gain||vehicle_untreated","GSE228090","etichette_cambiate"
"cgroup_L5_702a5dea","CHEBI:75998||gain||vehicle_untreated","GSE64550","entrato"
"cgroup_L5_702a5dea","CHEBI:75998||gain||vehicle_untreated","GSE138780","uscito"
"cgroup_L5_702a5dea","CHEBI:75998||gain||vehicle_untreated","GSE146096","uscito"
"cgroup_L5_702a5dea","CHEBI:75998||gain||vehicle_untreated","GSE152705","uscito"
"cgroup_L5_702a5dea","CHEBI:75998||gain||vehicle_untreated","GSE252002","uscito"
"cgroup_L5_12212e41","STR:multiple_sclerosis||gain||vehicle_untreated","GSE137619","etichette_cambiate"
"cgroup_L5_12212e41","STR:multiple_sclerosis||gain||vehicle_untreated","GSE138614","etichette_cambiate"
"cgroup_L5_12212e41","STR:multiple_sclerosis||gain||vehicle_untreated","GSE173789","etichette_cambiate"
"cgroup_L5_12212e41","STR:multiple_sclerosis||gain||vehicle_untreated","GSE180760","etichette_cambiate"
"cgroup_L5_12212e41","STR:multiple_sclerosis||gain||vehicle_untreated","GSE89843","etichette_cambiate"
"cgroup_L5_12212e41","STR:multiple_sclerosis||gain||vehicle_untreated","GSE168527","uscito"
"cgroup_L5_4753688f","STR:r5020||gain||vehicle_untreated","GSE126775","etichette_cambiate"
"cgroup_L5_4753688f","STR:r5020||gain||vehicle_untreated","GSE139393","entrato"
"cgroup_L5_4753688f","STR:r5020||gain||vehicle_untreated","GSE155272","etichette_cambiate"
"cgroup_L5_4753688f","STR:r5020||gain||vehicle_untreated","GSE243454","etichette_cambiate"
"cgroup_L5_4753688f","STR:r5020||gain||vehicle_untreated","GSE247777","uscito"
"cgroup_L5_4753688f","STR:r5020||gain||vehicle_untreated","GSE80366","uscito"
"cgroup_L5_3ec58cd6","STR:obese||gain||vehicle_untreated","GSE134580","etichette_cambiate"
"cgroup_L5_3ec58cd6","STR:obese||gain||vehicle_untreated","GSE205668","etichette_cambiate"
"cgroup_L5_3ec58cd6","STR:obese||gain||vehicle_untreated","GSE213465","etichette_cambiate"
"cgroup_L5_3ec58cd6","STR:obese||gain||vehicle_untreated","GSE95243","etichette_cambiate"
"cgroup_L5_3ec58cd6","STR:obese||gain||vehicle_untreated","GSE168705","uscito"
"cgroup_L5_3ec58cd6","STR:obese||gain||vehicle_untreated","GSE196387","uscito"
"cgroup_L5_089ccae5","CHEBI:52717||gain||vehicle_untreated","GSE123637","etichette_cambiate"
"cgroup_L5_089ccae5","CHEBI:52717||gain||vehicle_untreated","GSE123638","etichette_cambiate"
"cgroup_L5_089ccae5","CHEBI:52717||gain||vehicle_untreated","GSE136725","etichette_cambiate"
"cgroup_L5_089ccae5","CHEBI:52717||gain||vehicle_untreated","GSE217898","entrato"
"cgroup_L5_089ccae5","CHEBI:52717||gain||vehicle_untreated","GSE152816","uscito"
"cgroup_L5_089ccae5","CHEBI:52717||gain||vehicle_untreated","GSE217421","uscito"
"cgroup_L5_82f82010","STR:diabetic||gain||vehicle_untreated","GSE182923","etichette_cambiate"
"cgroup_L5_82f82010","STR:diabetic||gain||vehicle_untreated","GSE92724","entrato"
"cgroup_L5_82f82010","STR:diabetic||gain||vehicle_untreated","GSE175988","uscito"
"cgroup_L5_82f82010","STR:diabetic||gain||vehicle_untreated","GSE89475","uscito"
"cgroup_L5_ea4a1823","CHEBI:22984||gain||vehicle_untreated","GSE190031","etichette_cambiate"
"cgroup_L5_ea4a1823","CHEBI:22984||gain||vehicle_untreated","GSE228631","etichette_cambiate"
"cgroup_L5_8958b27a","CHEBI:46741||gain||vehicle_untreated","GSE139546","etichette_cambiate"
"cgroup_L5_8958b27a","CHEBI:46741||gain||vehicle_untreated","GSE211244","etichette_cambiate"
"cgroup_L5_8958b27a","CHEBI:46741||gain||vehicle_untreated","GSE201021","uscito"
"cgroup_L5_8958b27a","CHEBI:46741||gain||vehicle_untreated","GSE59841","uscito"
"cgroup_L5_4041e3af","CHEBI:95077||gain||vehicle_untreated","GSE118319","etichette_cambiate"
"cgroup_L5_4041e3af","CHEBI:95077||gain||vehicle_untreated","GSE125518","etichette_cambiate"
"cgroup_L5_4041e3af","CHEBI:95077||gain||vehicle_untreated","GSE110709","uscito"
"cgroup_L5_4041e3af","CHEBI:95077||gain||vehicle_untreated","GSE180233","uscito"
"cgroup_L5_a69fcae5","MeSH:D008180||gain||vehicle_untreated","GSE131525","entrato"
"cgroup_L5_a69fcae5","MeSH:D008180||gain||vehicle_untreated","GSE162828","etichette_cambiate"
"cgroup_L5_a69fcae5","MeSH:D008180||gain||vehicle_untreated","GSE168527","uscito"
"cgroup_L5_a69fcae5","MeSH:D008180||gain||vehicle_untreated","GSE80183","uscito"
"cgroup_L5_9bdf0dcb","STR:ifna||gain||vehicle_untreated","GSE161916","etichette_cambiate"
"cgroup_L5_83f57274","STR:hypoxia||gain||vehicle_untreated","GSE104193","etichette_cambiate"
"cgroup_L5_83f57274","STR:hypoxia||gain||vehicle_untreated","GSE120523","entrato"
"cgroup_L5_83f57274","STR:hypoxia||gain||vehicle_untreated","GSE120886","etichette_cambiate"
"cgroup_L5_83f57274","STR:hypoxia||gain||vehicle_untreated","GSE134737","etichette_cambiate"
"cgroup_L5_83f57274","STR:hypoxia||gain||vehicle_untreated","GSE154427","etichette_cambiate"
"cgroup_L5_83f57274","STR:hypoxia||gain||vehicle_untreated","GSE157371","entrato"
"cgroup_L5_83f57274","STR:hypoxia||gain||vehicle_untreated","GSE163333","entrato"
"cgroup_L5_83f57274","STR:hypoxia||gain||vehicle_untreated","GSE163827","etichette_cambiate"
"cgroup_L5_83f57274","STR:hypoxia||gain||vehicle_untreated","GSE193133","etichette_cambiate"
"cgroup_L5_83f57274","STR:hypoxia||gain||vehicle_untreated","GSE197525","etichette_cambiate"
"cgroup_L5_83f57274","STR:hypoxia||gain||vehicle_untreated","GSE211611","etichette_cambiate"
"cgroup_L5_83f57274","STR:hypoxia||gain||vehicle_untreated","GSE226005","etichette_cambiate"
"cgroup_L5_83f57274","STR:hypoxia||gain||vehicle_untreated","GSE244754","etichette_cambiate"
"cgroup_L5_83f57274","STR:hypoxia||gain||vehicle_untreated","GSE245762","etichette_cambiate"
"cgroup_L5_83f57274","STR:hypoxia||gain||vehicle_untreated","GSE269699","etichette_cambiate"
"cgroup_L5_83f57274","STR:hypoxia||gain||vehicle_untreated","GSE77307","etichette_cambiate"
"cgroup_L5_83f57274","STR:hypoxia||gain||vehicle_untreated","GSE139233","uscito"
"cgroup_L5_83f57274","STR:hypoxia||gain||vehicle_untreated","GSE151610","uscito"
"cgroup_L5_83f57274","STR:hypoxia||gain||vehicle_untreated","GSE176123","uscito"
"cgroup_L5_83f57274","STR:hypoxia||gain||vehicle_untreated","GSE180467","uscito"
"cgroup_L5_83f57274","STR:hypoxia||gain||vehicle_untreated","GSE224973","uscito"
"cgroup_L5_83f57274","STR:hypoxia||gain||vehicle_untreated","GSE228269","uscito"
"cgroup_L5_83f57274","STR:hypoxia||gain||vehicle_untreated","GSE233425","uscito"
"cgroup_L5_83f57274","STR:hypoxia||gain||vehicle_untreated","GSE267662","uscito"
"cgroup_L5_83f57274","STR:hypoxia||gain||vehicle_untreated","GSE70544","uscito"
"cgroup_L5_1d96b9da","CHEBI:84491||gain||vehicle_untreated","GSE105160","etichette_cambiate"
"cgroup_L5_1d96b9da","CHEBI:84491||gain||vehicle_untreated","GSE109181","etichette_cambiate"
"cgroup_L5_1d96b9da","CHEBI:84491||gain||vehicle_untreated","GSE145639","etichette_cambiate"
"cgroup_L5_1d96b9da","CHEBI:84491||gain||vehicle_untreated","GSE180881","etichette_cambiate"
"cgroup_L5_1d96b9da","CHEBI:84491||gain||vehicle_untreated","GSE189706","etichette_cambiate"
"cgroup_L5_1d96b9da","CHEBI:84491||gain||vehicle_untreated","GSE213691","etichette_cambiate"
"cgroup_L5_1d96b9da","CHEBI:84491||gain||vehicle_untreated","GSE213759","entrato"
"cgroup_L5_1d96b9da","CHEBI:84491||gain||vehicle_untreated","GSE223543","etichette_cambiate"
"cgroup_L5_1d96b9da","CHEBI:84491||gain||vehicle_untreated","GSE231686","etichette_cambiate"
"cgroup_L5_1d96b9da","CHEBI:84491||gain||vehicle_untreated","GSE251809","etichette_cambiate"
"cgroup_L5_c3ae78cd","MeSH:D003424||gain||vehicle_untreated","GSE112057","etichette_cambiate"
"cgroup_L5_c3ae78cd","MeSH:D003424||gain||vehicle_untreated","GSE165512","entrato"
"cgroup_L5_c3ae78cd","MeSH:D003424||gain||vehicle_untreated","GSE193677","entrato"
"cgroup_L5_c3ae78cd","MeSH:D003424||gain||vehicle_untreated","GSE261086","etichette_cambiate"
"cgroup_L5_c3ae78cd","MeSH:D003424||gain||vehicle_untreated","GSE83687","entrato"
"cgroup_L5_c3ae78cd","MeSH:D003424||gain||vehicle_untreated","GSE93624","etichette_cambiate"
"cgroup_L5_c3ae78cd","MeSH:D003424||gain||vehicle_untreated","GSE117875","uscito"
"cgroup_L5_c3ae78cd","MeSH:D003424||gain||vehicle_untreated","GSE137344","uscito"
"cgroup_L5_c3ae78cd","MeSH:D003424||gain||vehicle_untreated","GSE139179","uscito"
"cgroup_L5_c3ae78cd","MeSH:D003424||gain||vehicle_untreated","GSE199906","uscito"
"cgroup_L5_c3ae78cd","MeSH:D003424||gain||vehicle_untreated","GSE233900","uscito"
"cgroup_L5_479c6221","CHEBI:124921||gain||vehicle_untreated","GSE180067","etichette_cambiate"
"cgroup_L5_479c6221","CHEBI:124921||gain||vehicle_untreated","GSE222376","etichette_cambiate"
"cgroup_L5_479c6221","CHEBI:124921||gain||vehicle_untreated","GSE235704","entrato"
"cgroup_L5_479c6221","CHEBI:124921||gain||vehicle_untreated","GSE240898","etichette_cambiate"
"cgroup_L5_479c6221","CHEBI:124921||gain||vehicle_untreated","GSE247275","entrato"
"cgroup_L5_479c6221","CHEBI:124921||gain||vehicle_untreated","GSE183777","uscito"
"cgroup_L5_b5db4aff","CHEBI:229764||gain||vehicle_untreated","GSE137702","entrato"
"cgroup_L5_b5db4aff","CHEBI:229764||gain||vehicle_untreated","GSE181003","etichette_cambiate"
"cgroup_L5_b5db4aff","CHEBI:229764||gain||vehicle_untreated","GSE198000","etichette_cambiate"
"cgroup_L5_522fa0c2","STR:sals||gain||vehicle_untreated","GSE138691","entrato"
"cgroup_L5_522fa0c2","STR:sals||gain||vehicle_untreated","GSE52946","etichette_cambiate"
"cgroup_L5_522fa0c2","STR:sals||gain||vehicle_untreated","GSE67196","etichette_cambiate"
"cgroup_L5_d2c64672","CHEBI:61080||gain||vehicle_untreated","GSE155452","etichette_cambiate"
"cgroup_L5_d2c64672","CHEBI:61080||gain||vehicle_untreated","GSE219065","etichette_cambiate"
"cgroup_L5_d2c64672","CHEBI:61080||gain||vehicle_untreated","GSE223758","etichette_cambiate"
"cgroup_L5_b0066299","STR:keloid||gain||vehicle_untreated","GSE185309","etichette_cambiate"
"cgroup_L5_a3f0c959","CHEBI:232752||gain||vehicle_untreated","GSE147816","etichette_cambiate"
"cgroup_L5_24ae0579","CHEBI:47898||gain||vehicle_untreated","GSE217421","etichette_cambiate"
"cgroup_L5_24ae0579","CHEBI:47898||gain||vehicle_untreated","GSE217423","etichette_cambiate"
"cgroup_L5_5e0c0fae","CHEMBL:CHEMBL1201576||gain||vehicle_untreated","GSE206130","etichette_cambiate"
"cgroup_L5_5e0c0fae","CHEMBL:CHEMBL1201576||gain||vehicle_untreated","GSE217423","etichette_cambiate"
"cgroup_L5_5e0c0fae","CHEMBL:CHEMBL1201576||gain||vehicle_untreated","GSE217421","uscito"
"cgroup_L5_3b91a21d","MeSH:D009362||gain||vehicle_untreated","GSE162960","etichette_cambiate"
"cgroup_L5_3b91a21d","MeSH:D009362||gain||vehicle_untreated","GSE186145","etichette_cambiate"
"cgroup_L5_3b91a21d","MeSH:D009362||gain||vehicle_untreated","GSE147493","uscito"
"cgroup_L5_3b91a21d","MeSH:D009362||gain||vehicle_untreated","GSE159851","uscito"
"cgroup_L5_3b91a21d","MeSH:D009362||gain||vehicle_untreated","GSE256492","uscito"
"cgroup_L5_70f8671b","STR:medulloblastoma||gain||vehicle_untreated","GSE148389","entrato"
"cgroup_L5_70f8671b","STR:medulloblastoma||gain||vehicle_untreated","GSE189919","entrato"
"cgroup_L5_70f8671b","STR:medulloblastoma||gain||vehicle_untreated","GSE203174","entrato"
"cgroup_L5_b71a25a2","CHEBI:137113||gain||vehicle_untreated","GSE113604","etichette_cambiate"
"cgroup_L5_b71a25a2","CHEBI:137113||gain||vehicle_untreated","GSE118548","etichette_cambiate"
"cgroup_L5_b71a25a2","CHEBI:137113||gain||vehicle_untreated","GSE123285","etichette_cambiate"
"cgroup_L5_b71a25a2","CHEBI:137113||gain||vehicle_untreated","GSE130313","etichette_cambiate"
"cgroup_L5_b71a25a2","CHEBI:137113||gain||vehicle_untreated","GSE147876","entrato"
"cgroup_L5_b71a25a2","CHEBI:137113||gain||vehicle_untreated","GSE158552","entrato"
"cgroup_L5_b71a25a2","CHEBI:137113||gain||vehicle_untreated","GSE192903","etichette_cambiate"
"cgroup_L5_b71a25a2","CHEBI:137113||gain||vehicle_untreated","GSE210101","etichette_cambiate"
"cgroup_L5_b71a25a2","CHEBI:137113||gain||vehicle_untreated","GSE210196","etichette_cambiate"
"cgroup_L5_b71a25a2","CHEBI:137113||gain||vehicle_untreated","GSE235031","etichette_cambiate"
"cgroup_L5_b71a25a2","CHEBI:137113||gain||vehicle_untreated","GSE236168","entrato"
"cgroup_L5_b71a25a2","CHEBI:137113||gain||vehicle_untreated","GSE239585","etichette_cambiate"
"cgroup_L5_b71a25a2","CHEBI:137113||gain||vehicle_untreated","GSE244754","entrato"
"cgroup_L5_b71a25a2","CHEBI:137113||gain||vehicle_untreated","GSE255300","etichette_cambiate"
"cgroup_L5_b71a25a2","CHEBI:137113||gain||vehicle_untreated","GSE55922","etichette_cambiate"
"cgroup_L5_b71a25a2","CHEBI:137113||gain||vehicle_untreated","GSE74324","etichette_cambiate"
"cgroup_L5_b71a25a2","CHEBI:137113||gain||vehicle_untreated","GSE80153","etichette_cambiate"
"cgroup_L5_b71a25a2","CHEBI:137113||gain||vehicle_untreated","GSE81405","etichette_cambiate"
"cgroup_L5_b71a25a2","CHEBI:137113||gain||vehicle_untreated","GSE211468","uscito"
"cgroup_L5_b71a25a2","CHEBI:137113||gain||vehicle_untreated","GSE219191","uscito"
"cgroup_L5_b71a25a2","CHEBI:137113||gain||vehicle_untreated","GSE266389","uscito"
"cgroup_L5_b71a25a2","CHEBI:137113||gain||vehicle_untreated","GSE78801","uscito"
"cgroup_L5_be15b706","HGNC:5973||gain||vehicle_untreated","GSE116927","etichette_cambiate"
"cgroup_L5_be15b706","HGNC:5973||gain||vehicle_untreated","GSE140900","etichette_cambiate"
"cgroup_L5_be15b706","HGNC:5973||gain||vehicle_untreated","GSE162696","etichette_cambiate"
"cgroup_L5_be15b706","HGNC:5973||gain||vehicle_untreated","GSE202866","etichette_cambiate"
"cgroup_L5_be15b706","HGNC:5973||gain||vehicle_untreated","GSE220972","etichette_cambiate"
"cgroup_L5_be15b706","HGNC:5973||gain||vehicle_untreated","GSE65335","etichette_cambiate"
"cgroup_L5_be15b706","HGNC:5973||gain||vehicle_untreated","GSE79027","etichette_cambiate"
"cgroup_L5_85083e38","MeSH:D010300||gain||vehicle_untreated","GSE133101","etichette_cambiate"
"cgroup_L5_85083e38","MeSH:D010300||gain||vehicle_untreated","GSE181029","etichette_cambiate"
"cgroup_L5_85083e38","MeSH:D010300||gain||vehicle_untreated","GSE206308","etichette_cambiate"
"cgroup_L5_85083e38","MeSH:D010300||gain||vehicle_untreated","GSE90469","etichette_cambiate"
"cgroup_L5_85083e38","MeSH:D010300||gain||vehicle_untreated","GSE128177","uscito"
"cgroup_L5_85083e38","MeSH:D010300||gain||vehicle_untreated","GSE140089","uscito"
"cgroup_L5_d411c435","CHEBI:29699||gain||vehicle_untreated","GSE102505","etichette_cambiate"
"cgroup_L5_d411c435","CHEBI:29699||gain||vehicle_untreated","GSE125218","etichette_cambiate"
"cgroup_L5_d411c435","CHEBI:29699||gain||vehicle_untreated","GSE148342","entrato"
"cgroup_L5_d411c435","CHEBI:29699||gain||vehicle_untreated","GSE157069","etichette_cambiate"
"cgroup_L5_d411c435","CHEBI:29699||gain||vehicle_untreated","GSE211244","etichette_cambiate"
"cgroup_L5_d411c435","CHEBI:29699||gain||vehicle_untreated","GSE226549","etichette_cambiate"
"cgroup_L5_dc7451b1","CHEBI:230493||gain||vehicle_untreated","GSE149280","etichette_cambiate"
"cgroup_L5_dc7451b1","CHEBI:230493||gain||vehicle_untreated","GSE230791","etichette_cambiate"
"cgroup_L5_dc7451b1","CHEBI:230493||gain||vehicle_untreated","GSE234615","etichette_cambiate"
"cgroup_L5_dc7451b1","CHEBI:230493||gain||vehicle_untreated","GSE125437","uscito"
"cgroup_L5_dc7451b1","CHEBI:230493||gain||vehicle_untreated","GSE172544","uscito"
"cgroup_L5_df599af1","STR:sepsis||gain||vehicle_untreated","GSE122274","etichette_cambiate"
"cgroup_L5_df599af1","STR:sepsis||gain||vehicle_untreated","GSE163196","etichette_cambiate"
"cgroup_L5_df599af1","STR:sepsis||gain||vehicle_untreated","GSE186054","etichette_cambiate"
"cgroup_L5_5927750b","CHEBI:65347||gain||vehicle_untreated","GSE184029","etichette_cambiate"
"cgroup_L5_5927750b","CHEBI:65347||gain||vehicle_untreated","GSE217898","etichette_cambiate"
"cgroup_L5_5927750b","CHEBI:65347||gain||vehicle_untreated","GSE266011","etichette_cambiate"
"cgroup_L5_35d1be10","STR:nutlin_3a||gain||vehicle_untreated","GSE111009","etichette_cambiate"
"cgroup_L5_35d1be10","STR:nutlin_3a||gain||vehicle_untreated","GSE147699","etichette_cambiate"
"cgroup_L5_35d1be10","STR:nutlin_3a||gain||vehicle_untreated","GSE148342","etichette_cambiate"
"cgroup_L5_35d1be10","STR:nutlin_3a||gain||vehicle_untreated","GSE173483","etichette_cambiate"
"cgroup_L5_35d1be10","STR:nutlin_3a||gain||vehicle_untreated","GSE135870","uscito"
"cgroup_L5_35d1be10","STR:nutlin_3a||gain||vehicle_untreated","GSE137297","uscito"
"cgroup_L5_35d1be10","STR:nutlin_3a||gain||vehicle_untreated","GSE139003","uscito"
"cgroup_L5_35d1be10","STR:nutlin_3a||gain||vehicle_untreated","GSE80716","uscito"
"cgroup_L5_0dd60753","CHEBI:233362||gain||vehicle_untreated","GSE157214","entrato"
"cgroup_L5_0dd60753","CHEBI:233362||gain||vehicle_untreated","GSE194374","entrato"
"cgroup_L5_0dd60753","CHEBI:233362||gain||vehicle_untreated","GSE232072","entrato"
"cgroup_L5_e294a3bc","CHEBI:49852||gain||vehicle_untreated","GSE153303","etichette_cambiate"
"cgroup_L5_b2645a34","CHEMBL:CHEMBL1201577||gain||vehicle_untreated","GSE162104","entrato"
"cgroup_L5_b2645a34","CHEMBL:CHEMBL1201577||gain||vehicle_untreated","GSE217421","entrato"
"cgroup_L5_b2645a34","CHEMBL:CHEMBL1201577||gain||vehicle_untreated","GSE217423","entrato"
"cgroup_L5_dac1b45f","MeSH:D010911||gain||vehicle_untreated","GSE182180","entrato"
"cgroup_L5_dac1b45f","MeSH:D010911||gain||vehicle_untreated","GSE208107","entrato"
"cgroup_L5_dac1b45f","MeSH:D010911||gain||vehicle_untreated","GSE264621","entrato"
"cgroup_L5_d6fad784","STR:myotonic_dystrophy_type_1||gain||vehicle_untreated","GSE157428","entrato"
"cgroup_L5_d6fad784","STR:myotonic_dystrophy_type_1||gain||vehicle_untreated","GSE228458","entrato"
"cgroup_L5_d6fad784","STR:myotonic_dystrophy_type_1||gain||vehicle_untreated","GSE86356","entrato"
"cgroup_L5_871ae09e","NCBITaxon:2697049||gain||vehicle_untreated","GSE147507","entrato"
"cgroup_L5_871ae09e","NCBITaxon:2697049||gain||vehicle_untreated","GSE148697","etichette_cambiate"
"cgroup_L5_871ae09e","NCBITaxon:2697049||gain||vehicle_untreated","GSE150819","etichette_cambiate"
"cgroup_L5_871ae09e","NCBITaxon:2697049||gain||vehicle_untreated","GSE151803","etichette_cambiate"
"cgroup_L5_871ae09e","NCBITaxon:2697049||gain||vehicle_untreated","GSE151879","etichette_cambiate"
"cgroup_L5_871ae09e","NCBITaxon:2697049||gain||vehicle_untreated","GSE155518","etichette_cambiate"
"cgroup_L5_871ae09e","NCBITaxon:2697049||gain||vehicle_untreated","GSE159201","etichette_cambiate"
"cgroup_L5_871ae09e","NCBITaxon:2697049||gain||vehicle_untreated","GSE163959","etichette_cambiate"
"cgroup_L5_871ae09e","NCBITaxon:2697049||gain||vehicle_untreated","GSE164073","etichette_cambiate"
"cgroup_L5_871ae09e","NCBITaxon:2697049||gain||vehicle_untreated","GSE174745","entrato"
"cgroup_L5_871ae09e","NCBITaxon:2697049||gain||vehicle_untreated","GSE188382","etichette_cambiate"
"cgroup_L5_871ae09e","NCBITaxon:2697049||gain||vehicle_untreated","GSE190350","etichette_cambiate"
"cgroup_L5_871ae09e","NCBITaxon:2697049||gain||vehicle_untreated","GSE193330","etichette_cambiate"
"cgroup_L5_871ae09e","NCBITaxon:2697049||gain||vehicle_untreated","GSE205621","etichette_cambiate"
"cgroup_L5_871ae09e","NCBITaxon:2697049||gain||vehicle_untreated","GSE217099","etichette_cambiate"
"cgroup_L5_871ae09e","NCBITaxon:2697049||gain||vehicle_untreated","GSE225564","etichette_cambiate"
"cgroup_L5_871ae09e","NCBITaxon:2697049||gain||vehicle_untreated","GSE153277","uscito"
"cgroup_L5_871ae09e","NCBITaxon:2697049||gain||vehicle_untreated","GSE161281","uscito"
"cgroup_L5_871ae09e","NCBITaxon:2697049||gain||vehicle_untreated","GSE169241","uscito"
"cgroup_L5_871ae09e","NCBITaxon:2697049||gain||vehicle_untreated","GSE181238","uscito"
"cgroup_L5_871ae09e","NCBITaxon:2697049||gain||vehicle_untreated","GSE183850","uscito"
"cgroup_L5_871ae09e","NCBITaxon:2697049||gain||vehicle_untreated","GSE183999","uscito"
"cgroup_L5_871ae09e","NCBITaxon:2697049||gain||vehicle_untreated","GSE196464","uscito"
"cgroup_L5_871ae09e","NCBITaxon:2697049||gain||vehicle_untreated","GSE198449","uscito"
"cgroup_L5_871ae09e","NCBITaxon:2697049||gain||vehicle_untreated","GSE202963","uscito"
"cgroup_L5_871ae09e","NCBITaxon:2697049||gain||vehicle_untreated","GSE206677","uscito"
"cgroup_L5_871ae09e","NCBITaxon:2697049||gain||vehicle_untreated","GSE233732","uscito"
"cgroup_L5_871ae09e","NCBITaxon:2697049||gain||vehicle_untreated","GSE237059","uscito"
"cgroup_L5_871ae09e","NCBITaxon:2697049||gain||vehicle_untreated","GSE244484","uscito"
"cgroup_L5_dde29fb4","CHEBI:16240||gain||vehicle_untreated","GSE161860","entrato"
"cgroup_L5_dde29fb4","CHEBI:16240||gain||vehicle_untreated","GSE222749","etichette_cambiate"
"cgroup_L5_dde29fb4","CHEBI:16240||gain||vehicle_untreated","GSE225095","etichette_cambiate"
"cgroup_L5_dde29fb4","CHEBI:16240||gain||vehicle_untreated","GSE227554","etichette_cambiate"
"cgroup_L5_dde29fb4","CHEBI:16240||gain||vehicle_untreated","GSE60340","entrato"
"cgroup_L5_79a73ac5","NCBITaxon:11320||gain||vehicle_untreated","GSE113210","etichette_cambiate"
"cgroup_L5_79a73ac5","NCBITaxon:11320||gain||vehicle_untreated","GSE134817","entrato"
"cgroup_L5_79a73ac5","NCBITaxon:11320||gain||vehicle_untreated","GSE147507","entrato"
"cgroup_L5_79a73ac5","NCBITaxon:11320||gain||vehicle_untreated","GSE163959","etichette_cambiate"
"cgroup_L5_79a73ac5","NCBITaxon:11320||gain||vehicle_untreated","GSE239726","etichette_cambiate"
"cgroup_L5_79a73ac5","NCBITaxon:11320||gain||vehicle_untreated","GSE197143","uscito"
"cgroup_L5_d7ad915e","CHEBI:39867||gain||vehicle_untreated","GSE187006","etichette_cambiate"
"cgroup_L5_d7ad915e","CHEBI:39867||gain||vehicle_untreated","GSE229014","etichette_cambiate"
"cgroup_L5_d7ad915e","CHEBI:39867||gain||vehicle_untreated","GSE232218","etichette_cambiate"
"cgroup_L5_d7ad915e","CHEBI:39867||gain||vehicle_untreated","GSE159487","uscito"
"cgroup_L5_a6fd82fa","CHEBI:44616||gain||vehicle_untreated","GSE200029","etichette_cambiate"
"cgroup_L5_a6fd82fa","CHEBI:44616||gain||vehicle_untreated","GSE219159","entrato"
"cgroup_L5_a6fd82fa","CHEBI:44616||gain||vehicle_untreated","GSE184156","uscito"
"cgroup_L5_37942548","CHEBI:15367||gain||vehicle_untreated","GSE100855","etichette_cambiate"
"cgroup_L5_37942548","CHEBI:15367||gain||vehicle_untreated","GSE166214","etichette_cambiate"
"cgroup_L5_37942548","CHEBI:15367||gain||vehicle_untreated","GSE69121","etichette_cambiate"
"cgroup_L5_99d7941a","CHEBI:72564||gain||vehicle_untreated","GSE104917","etichette_cambiate"
"cgroup_L5_99d7941a","CHEBI:72564||gain||vehicle_untreated","GSE218860","etichette_cambiate"
"cgroup_L5_99d7941a","CHEBI:72564||gain||vehicle_untreated","GSE229136","etichette_cambiate"
"cgroup_L5_99d7941a","CHEBI:72564||gain||vehicle_untreated","GSE229600","uscito"
"cgroup_L5_74daf1c9","STR:oscc||gain||vehicle_untreated","GSE246050","etichette_cambiate"
"cgroup_L5_57810d6c","CHEBI:27881||gain||vehicle_untreated","GSE104869","entrato"
"cgroup_L5_57810d6c","CHEBI:27881||gain||vehicle_untreated","GSE117620","entrato"
"cgroup_L5_57810d6c","CHEBI:27881||gain||vehicle_untreated","GSE65634","entrato"
"cgroup_L5_f640365a","CHEBI:50385||gain||vehicle_untreated","GSE110947","entrato"
"cgroup_L5_f640365a","CHEBI:50385||gain||vehicle_untreated","GSE182350","etichette_cambiate"
"cgroup_L5_f640365a","CHEBI:50385||gain||vehicle_untreated","GSE232390","uscito"
"cgroup_L5_f2481870","CHEMBL:CHEMBL2022968||gain||vehicle_untreated","GSE231611","etichette_cambiate"
"cgroup_L5_6ee86f02","MeSH:D013167||gain||vehicle_untreated","GSE212613","etichette_cambiate"
"cgroup_L5_469db990","STR:nahs||gain||vehicle_untreated","GSE148985","etichette_cambiate"
"cgroup_L5_469db990","STR:nahs||gain||vehicle_untreated","GSE193660","etichette_cambiate"
"cgroup_L5_905be893","HGNC:5992||gain||vehicle_untreated","GSE105088","etichette_cambiate"
"cgroup_L5_905be893","HGNC:5992||gain||vehicle_untreated","GSE120784","etichette_cambiate"
"cgroup_L5_905be893","HGNC:5992||gain||vehicle_untreated","GSE126750","etichette_cambiate"
"cgroup_L5_905be893","HGNC:5992||gain||vehicle_untreated","GSE134896","etichette_cambiate"
"cgroup_L5_905be893","HGNC:5992||gain||vehicle_untreated","GSE142620","etichette_cambiate"
"cgroup_L5_905be893","HGNC:5992||gain||vehicle_untreated","GSE155141","entrato"
"cgroup_L5_905be893","HGNC:5992||gain||vehicle_untreated","GSE161916","etichette_cambiate"
"cgroup_L5_905be893","HGNC:5992||gain||vehicle_untreated","GSE162691","etichette_cambiate"
"cgroup_L5_905be893","HGNC:5992||gain||vehicle_untreated","GSE196195","entrato"
"cgroup_L5_905be893","HGNC:5992||gain||vehicle_untreated","GSE205851","etichette_cambiate"
"cgroup_L5_905be893","HGNC:5992||gain||vehicle_untreated","GSE215039","etichette_cambiate"
"cgroup_L5_905be893","HGNC:5992||gain||vehicle_untreated","GSE246493","etichette_cambiate"
"cgroup_L5_905be893","HGNC:5992||gain||vehicle_untreated","GSE97619","entrato"
"cgroup_L5_905be893","HGNC:5992||gain||vehicle_untreated","GSE131320","uscito"
"cgroup_L5_905be893","HGNC:5992||gain||vehicle_untreated","GSE131732","uscito"
"cgroup_L5_7934174c","CHEBI:231598||gain||vehicle_untreated","GSE107781","entrato"
"cgroup_L5_7934174c","CHEBI:231598||gain||vehicle_untreated","GSE126395","etichette_cambiate"
"cgroup_L5_7934174c","CHEBI:231598||gain||vehicle_untreated","GSE183487","etichette_cambiate"
"cgroup_L5_7934174c","CHEBI:231598||gain||vehicle_untreated","GSE205261","etichette_cambiate"
"cgroup_L5_7934174c","CHEBI:231598||gain||vehicle_untreated","GSE236896","etichette_cambiate"
"cgroup_L5_7934174c","CHEBI:231598||gain||vehicle_untreated","GSE247275","entrato"
"cgroup_L5_7934174c","CHEBI:231598||gain||vehicle_untreated","GSE186239","uscito"
"cgroup_L5_2987cdb6","CHEBI:114785||gain||vehicle_untreated","GSE114686","etichette_cambiate"
"cgroup_L5_2987cdb6","CHEBI:114785||gain||vehicle_untreated","GSE132500","entrato"
"cgroup_L5_2987cdb6","CHEBI:114785||gain||vehicle_untreated","GSE217421","etichette_cambiate"
"cgroup_L5_2987cdb6","CHEBI:114785||gain||vehicle_untreated","GSE244730","etichette_cambiate"
"cgroup_L5_2987cdb6","CHEBI:114785||gain||vehicle_untreated","GSE249721","etichette_cambiate"
"cgroup_L5_2987cdb6","CHEBI:114785||gain||vehicle_untreated","GSE146096","uscito"
"cgroup_L5_81b706c4","CHEBI:45863||gain||vehicle_untreated","GSE113685","etichette_cambiate"
"cgroup_L5_81b706c4","CHEBI:45863||gain||vehicle_untreated","GSE135215","entrato"
"cgroup_L5_81b706c4","CHEBI:45863||gain||vehicle_untreated","GSE199800","entrato"
"cgroup_L5_81b706c4","CHEBI:45863||gain||vehicle_untreated","GSE204825","entrato"
"cgroup_L5_81b706c4","CHEBI:45863||gain||vehicle_untreated","GSE215975","etichette_cambiate"
"cgroup_L5_3eaa92c9","CHEBI:50122||gain||vehicle_untreated","GSE115421","etichette_cambiate"
"cgroup_L5_3eaa92c9","CHEBI:50122||gain||vehicle_untreated","GSE179347","etichette_cambiate"
"cgroup_L5_3eaa92c9","CHEBI:50122||gain||vehicle_untreated","GSE210693","etichette_cambiate"
"cgroup_L5_3eaa92c9","CHEBI:50122||gain||vehicle_untreated","GSE217421","etichette_cambiate"
"cgroup_L5_3eaa92c9","CHEBI:50122||gain||vehicle_untreated","GSE77039","etichette_cambiate"
"cgroup_L5_d28620cd","CHEBI:15738||gain||vehicle_untreated","GSE251861","entrato"
"cgroup_L5_1e8a735e","CHEBI:9516||gain||vehicle_untreated","GSE125218","etichette_cambiate"
"cgroup_L5_1e8a735e","CHEBI:9516||gain||vehicle_untreated","GSE138730","entrato"
"cgroup_L5_46a3a103","STR:radiation||gain||vehicle_untreated","GSE222658","etichette_cambiate"
"cgroup_L5_46a3a103","STR:radiation||gain||vehicle_untreated","GSE195919","uscito"
"cgroup_L5_46a3a103","STR:radiation||gain||vehicle_untreated","GSE196453","uscito"
"cgroup_L5_46a3a103","STR:radiation||gain||vehicle_untreated","GSE262746","uscito"
"cgroup_L5_3d3658ad","CHEBI:28777||gain||vehicle_untreated","GSE223524","entrato"
"cgroup_L5_3d3658ad","CHEBI:28777||gain||vehicle_untreated","GSE56066","entrato"
"cgroup_L5_3d3658ad","CHEBI:28777||gain||vehicle_untreated","GSE93807","entrato"
"cgroup_L5_06ff1592","CHEBI:5118||gain||vehicle_untreated","GSE158674","entrato"
"cgroup_L5_06ff1592","CHEBI:5118||gain||vehicle_untreated","GSE200209","entrato"
"cgroup_L5_06ff1592","CHEBI:5118||gain||vehicle_untreated","GSE224715","entrato"
"cgroup_L5_f56d966d","CHEMBL:CHEMBL2177390||gain||vehicle_untreated","GSE223758","entrato"
"cgroup_L5_f56d966d","CHEMBL:CHEMBL2177390||gain||vehicle_untreated","GSE205729","uscito"
"cgroup_L5_729b276d","MeSH:D016640||gain||vehicle_untreated","GSE154377","etichette_cambiate"
"cgroup_L5_729b276d","MeSH:D016640||gain||vehicle_untreated","GSE228990","etichette_cambiate"
"cgroup_L5_3fa847fe","STR:osteoarthritis||gain||vehicle_untreated","GSE185064","etichette_cambiate"
"cgroup_L5_3fa847fe","STR:osteoarthritis||gain||vehicle_untreated","GSE89408","etichette_cambiate"
"cgroup_L5_f94b6180","CHEBI:379896||gain||vehicle_untreated","GSE135879","etichette_cambiate"
"cgroup_L5_f94b6180","CHEBI:379896||gain||vehicle_untreated","GSE143905","etichette_cambiate"
"cgroup_L5_f94b6180","CHEBI:379896||gain||vehicle_untreated","GSE168670","etichette_cambiate"
"cgroup_L5_f94b6180","CHEBI:379896||gain||vehicle_untreated","GSE172094","etichette_cambiate"
"cgroup_L5_f94b6180","CHEBI:379896||gain||vehicle_untreated","GSE225481","etichette_cambiate"
"cgroup_L5_f94b6180","CHEBI:379896||gain||vehicle_untreated","GSE236441","etichette_cambiate"
"cgroup_L5_f94b6180","CHEBI:379896||gain||vehicle_untreated","GSE256370","etichette_cambiate"
"cgroup_L5_f94b6180","CHEBI:379896||gain||vehicle_untreated","GSE99381","entrato"
"cgroup_L5_f94b6180","CHEBI:379896||gain||vehicle_untreated","GSE225206","uscito"
"cgroup_L5_f94b6180","CHEBI:379896||gain||vehicle_untreated","GSE230741","uscito"
"cgroup_L5_f94b6180","CHEBI:379896||gain||vehicle_untreated","GSE240167","uscito"
"cgroup_L5_f94b6180","CHEBI:379896||gain||vehicle_untreated","GSE240364","uscito"
"cgroup_L5_f94b6180","CHEBI:379896||gain||vehicle_untreated","GSE243329","uscito"
"cgroup_L5_a25d0964","HGNC:6018||gain||vehicle_untreated","GSE126003","etichette_cambiate"
"cgroup_L5_a25d0964","HGNC:6018||gain||vehicle_untreated","GSE149262","etichette_cambiate"
"cgroup_L5_a25d0964","HGNC:6018||gain||vehicle_untreated","GSE179347","etichette_cambiate"
"cgroup_L5_a25d0964","HGNC:6018||gain||vehicle_untreated","GSE189997","etichette_cambiate"
"cgroup_L5_a25d0964","HGNC:6018||gain||vehicle_untreated","GSE202045","etichette_cambiate"
"cgroup_L5_a25d0964","HGNC:6018||gain||vehicle_untreated","GSE215039","etichette_cambiate"
"cgroup_L5_a25d0964","HGNC:6018||gain||vehicle_untreated","GSE78922","etichette_cambiate"
"cgroup_L5_a25d0964","HGNC:6018||gain||vehicle_untreated","GSE113185","uscito"
"cgroup_L5_79ce3bd1","CHEBI:3139||gain||vehicle_untreated","GSE156038","etichette_cambiate"
"cgroup_L5_79ce3bd1","CHEBI:3139||gain||vehicle_untreated","GSE156184","etichette_cambiate"
"cgroup_L5_79ce3bd1","CHEBI:3139||gain||vehicle_untreated","GSE176324","etichette_cambiate"
"cgroup_L5_79ce3bd1","CHEBI:3139||gain||vehicle_untreated","GSE222279","etichette_cambiate"
"cgroup_L5_79ce3bd1","CHEBI:3139||gain||vehicle_untreated","GSE222676","entrato"
"cgroup_L5_79ce3bd1","CHEBI:3139||gain||vehicle_untreated","GSE244305","etichette_cambiate"
"cgroup_L5_29cb04f8","CHEBI:46345||gain||vehicle_untreated","GSE157300","etichette_cambiate"
"cgroup_L5_29cb04f8","CHEBI:46345||gain||vehicle_untreated","GSE180146","etichette_cambiate"
"cgroup_L5_29cb04f8","CHEBI:46345||gain||vehicle_untreated","GSE264144","etichette_cambiate"
"cgroup_L5_29cb04f8","CHEBI:46345||gain||vehicle_untreated","GSE267150","etichette_cambiate"
"cgroup_L5_03b38818","CHEBI:63637||gain||vehicle_untreated","GSE188469","etichette_cambiate"
"cgroup_L5_03b38818","CHEBI:63637||gain||vehicle_untreated","GSE209769","entrato"
"cgroup_L5_03b38818","CHEBI:63637||gain||vehicle_untreated","GSE217423","etichette_cambiate"
"cgroup_L5_03b38818","CHEBI:63637||gain||vehicle_untreated","GSE104869","uscito"
"cgroup_L5_03b38818","CHEBI:63637||gain||vehicle_untreated","GSE146096","uscito"
"cgroup_L5_03b38818","CHEBI:63637||gain||vehicle_untreated","GSE217421","uscito"
"cgroup_L5_03b38818","CHEBI:63637||gain||vehicle_untreated","GSE64741","uscito"
"cgroup_L5_03b38818","CHEBI:63637||gain||vehicle_untreated","GSE66539","uscito"
"cgroup_L5_90db4e34","CHEBI:17347||gain||vehicle_untreated","GSE124704","etichette_cambiate"
"cgroup_L5_90db4e34","CHEBI:17347||gain||vehicle_untreated","GSE159531","entrato"
"cgroup_L5_90db4e34","CHEBI:17347||gain||vehicle_untreated","GSE184427","etichette_cambiate"
"cgroup_L5_ff45f67e","COMBO:ionomycin+pma||gain||vehicle_untreated","GSE193414","entrato"
"cgroup_L5_ff45f67e","COMBO:ionomycin+pma||gain||vehicle_untreated","GSE213521","etichette_cambiate"
"cgroup_L5_844de383","STR:sjogren_s_syndrome||gain||vehicle_untreated","GSE145065","etichette_cambiate"
"cgroup_L5_844de383","STR:sjogren_s_syndrome||gain||vehicle_untreated","GSE173670","etichette_cambiate"
"cgroup_L5_844de383","STR:sjogren_s_syndrome||gain||vehicle_untreated","GSE199868","etichette_cambiate"
"cgroup_L5_844de383","STR:sjogren_s_syndrome||gain||vehicle_untreated","GSE200020","etichette_cambiate"
"cgroup_L5_844de383","STR:sjogren_s_syndrome||gain||vehicle_untreated","GSE154926","uscito"
"cgroup_L5_1c7b64af","CHEBI:3638||gain||vehicle_untreated","GSE197302","entrato"
"cgroup_L5_1c7b64af","CHEBI:3638||gain||vehicle_untreated","GSE209582","entrato"
"cgroup_L5_1c7b64af","CHEBI:3638||gain||vehicle_untreated","GSE217898","entrato"
"cgroup_L5_3b461817","CHEBI:52172||gain||vehicle_untreated","GSE186341","etichette_cambiate"
"cgroup_L5_3b461817","CHEBI:52172||gain||vehicle_untreated","GSE217421","etichette_cambiate"
"cgroup_L5_3b461817","CHEBI:52172||gain||vehicle_untreated","GSE217423","etichette_cambiate"
"cgroup_L5_3b461817","CHEBI:52172||gain||vehicle_untreated","GSE146096","uscito"
"cgroup_L5_28bee975","CHEMBL:CHEMBL3987016||gain||vehicle_untreated","GSE208774","etichette_cambiate"
"cgroup_L5_44420e6e","NCBITaxon:851||gain||vehicle_untreated","GSE171611","entrato"
"cgroup_L5_44420e6e","NCBITaxon:851||gain||vehicle_untreated","GSE236117","entrato"
"cgroup_L5_44420e6e","NCBITaxon:851||gain||vehicle_untreated","GSE237052","entrato"
"cgroup_L5_3de56a79","STR:pdac||gain||vehicle_untreated","GSE175436","etichette_cambiate"
"cgroup_L5_3de56a79","STR:pdac||gain||vehicle_untreated","GSE210351","entrato"
"cgroup_L5_3de56a79","STR:pdac||gain||vehicle_untreated","GSE133684","uscito"
"cgroup_L5_c0d1d837","CHEBI:68534||gain||vehicle_untreated","GSE123766","etichette_cambiate"
"cgroup_L5_c0d1d837","CHEBI:68534||gain||vehicle_untreated","GSE130246","etichette_cambiate"
"cgroup_L5_c0d1d837","CHEBI:68534||gain||vehicle_untreated","GSE147250","etichette_cambiate"
"cgroup_L5_c0d1d837","CHEBI:68534||gain||vehicle_untreated","GSE147876","etichette_cambiate"
"cgroup_L5_c0d1d837","CHEBI:68534||gain||vehicle_untreated","GSE184427","etichette_cambiate"
"cgroup_L5_c0d1d837","CHEBI:68534||gain||vehicle_untreated","GSE202885","etichette_cambiate"
"cgroup_L5_c0d1d837","CHEBI:68534||gain||vehicle_untreated","GSE217537","entrato"
"cgroup_L5_c0d1d837","CHEBI:68534||gain||vehicle_untreated","GSE225481","etichette_cambiate"
"cgroup_L5_c0d1d837","CHEBI:68534||gain||vehicle_untreated","GSE229805","etichette_cambiate"
"cgroup_L5_c0d1d837","CHEBI:68534||gain||vehicle_untreated","GSE244272","etichette_cambiate"
"cgroup_L5_c0d1d837","CHEBI:68534||gain||vehicle_untreated","GSE95413","etichette_cambiate"
"cgroup_L5_c0d1d837","CHEBI:68534||gain||vehicle_untreated","GSE182278","uscito"
"cgroup_L5_c0d1d837","CHEBI:68534||gain||vehicle_untreated","GSE184455","uscito"
"cgroup_L5_a12414d4","CHEBI:16469||gain||vehicle_untreated","GSE108308","etichette_cambiate"
"cgroup_L5_a12414d4","CHEBI:16469||gain||vehicle_untreated","GSE112983","entrato"
"cgroup_L5_a12414d4","CHEBI:16469||gain||vehicle_untreated","GSE150683","entrato"
"cgroup_L5_a12414d4","CHEBI:16469||gain||vehicle_untreated","GSE217423","etichette_cambiate"
"cgroup_L5_a12414d4","CHEBI:16469||gain||vehicle_untreated","GSE252576","etichette_cambiate"
"cgroup_L5_a12414d4","CHEBI:16469||gain||vehicle_untreated","GSE256370","etichette_cambiate"
"cgroup_L5_a12414d4","CHEBI:16469||gain||vehicle_untreated","GSE80365","etichette_cambiate"
"cgroup_L5_a12414d4","CHEBI:16469||gain||vehicle_untreated","GSE112568","uscito"
"cgroup_L5_a12414d4","CHEBI:16469||gain||vehicle_untreated","GSE217421","uscito"
"cgroup_L5_a12414d4","CHEBI:16469||gain||vehicle_untreated","GSE99641","uscito"
"cgroup_L5_efced505","CHEBI:38940||gain||vehicle_untreated","GSE114686","etichette_cambiate"
"cgroup_L5_efced505","CHEBI:38940||gain||vehicle_untreated","GSE186341","etichette_cambiate"
"cgroup_L5_efced505","CHEBI:38940||gain||vehicle_untreated","GSE217421","etichette_cambiate"
"cgroup_L5_efced505","CHEBI:38940||gain||vehicle_untreated","GSE217423","etichette_cambiate"
"cgroup_L5_efced505","CHEBI:38940||gain||vehicle_untreated","GSE59066","etichette_cambiate"
"cgroup_L5_efced505","CHEBI:38940||gain||vehicle_untreated","GSE98428","etichette_cambiate"
"cgroup_L5_efced505","CHEBI:38940||gain||vehicle_untreated","GSE146096","uscito"
"cgroup_L5_efced505","CHEBI:38940||gain||vehicle_untreated","GSE98431","uscito"
"cgroup_L5_922312d6","CHEBI:66919||gain||vehicle_untreated","GSE131300","entrato"
"cgroup_L5_922312d6","CHEBI:66919||gain||vehicle_untreated","GSE161664","entrato"
"cgroup_L5_922312d6","CHEBI:66919||gain||vehicle_untreated","GSE161916","entrato"
"cgroup_L5_922312d6","CHEBI:66919||gain||vehicle_untreated","GSE201093","entrato"
"cgroup_L5_922312d6","CHEBI:66919||gain||vehicle_untreated","GSE217421","entrato"
"cgroup_L5_922312d6","CHEBI:66919||gain||vehicle_untreated","GSE94235","entrato"
"cgroup_L5_3439da02","CHEBI:68478||gain||vehicle_untreated","GSE155923","etichette_cambiate"
"cgroup_L5_3439da02","CHEBI:68478||gain||vehicle_untreated","GSE225751","etichette_cambiate"
"cgroup_L5_3439da02","CHEBI:68478||gain||vehicle_untreated","GSE230627","entrato"
"cgroup_L5_3439da02","CHEBI:68478||gain||vehicle_untreated","GSE99875","etichette_cambiate"
"cgroup_L5_4811fc0c","CHEBI:17823||gain||vehicle_untreated","GSE162427","entrato"
"cgroup_L5_4811fc0c","CHEBI:17823||gain||vehicle_untreated","GSE178702","entrato"
"cgroup_L5_4811fc0c","CHEBI:17823||gain||vehicle_untreated","GSE248274","entrato"
"cgroup_L5_4811fc0c","CHEBI:17823||gain||vehicle_untreated","GSE261699","entrato"
"cgroup_L5_828ae0cb","HGNC:11927||gain||vehicle_untreated","GSE171170","entrato"
"cgroup_L5_828ae0cb","HGNC:11927||gain||vehicle_untreated","GSE231480","etichette_cambiate"
"cgroup_L5_828ae0cb","HGNC:11927||gain||vehicle_untreated","GSE237845","uscito"
"cgroup_L5_64fbeb97","CHEBI:102218||gain||vehicle_untreated","GSE162834","entrato"
"cgroup_L5_64fbeb97","CHEBI:102218||gain||vehicle_untreated","GSE189504","entrato"
"cgroup_L5_64fbeb97","CHEBI:102218||gain||vehicle_untreated","GSE204929","entrato"
"cgroup_L5_31308596","CHEBI:37537||gain||vehicle_untreated","GSE178883","etichette_cambiate"
"cgroup_L5_31308596","CHEBI:37537||gain||vehicle_untreated","GSE206742","etichette_cambiate"
"cgroup_L5_31308596","CHEBI:37537||gain||vehicle_untreated","GSE138209","uscito"
"cgroup_L5_31308596","CHEBI:37537||gain||vehicle_untreated","GSE252575","uscito"
"cgroup_L5_a4029927","CHEBI:61390||gain||vehicle_untreated","GSE186341","etichette_cambiate"
"cgroup_L5_a4029927","CHEBI:61390||gain||vehicle_untreated","GSE217421","etichette_cambiate"
"cgroup_L5_a4029927","CHEBI:61390||gain||vehicle_untreated","GSE146096","uscito"
"cgroup_L5_aad8ed47","COMBO:taz+yap||block||control sirna","GSE133003","etichette_cambiate"
"cgroup_L5_aad8ed47","COMBO:taz+yap||block||control sirna","GSE205726","etichette_cambiate"
"cgroup_L5_47e67cab","STR:1_25_oh_2d3||gain||vehicle_untreated","GSE100785","entrato"
"cgroup_L5_47e67cab","STR:1_25_oh_2d3||gain||vehicle_untreated","GSE143782","entrato"
"cgroup_L5_47e67cab","STR:1_25_oh_2d3||gain||vehicle_untreated","GSE223405","entrato"
"cgroup_L5_a747a14e","STR:pm2_5||gain||vehicle_untreated","GSE208331","uscito"
"cgroup_L5_930c8dcf","CHEBI:16330||gain||vehicle_untreated","GSE118152","entrato"
"cgroup_L5_930c8dcf","CHEBI:16330||gain||vehicle_untreated","GSE123763","etichette_cambiate"
"cgroup_L5_930c8dcf","CHEBI:16330||gain||vehicle_untreated","GSE131726","entrato"
"cgroup_L5_930c8dcf","CHEBI:16330||gain||vehicle_untreated","GSE157104","etichette_cambiate"
"cgroup_L5_930c8dcf","CHEBI:16330||gain||vehicle_untreated","GSE158557","etichette_cambiate"
"cgroup_L5_930c8dcf","CHEBI:16330||gain||vehicle_untreated","GSE174618","etichette_cambiate"
"cgroup_L5_930c8dcf","CHEBI:16330||gain||vehicle_untreated","GSE178374","etichette_cambiate"
"cgroup_L5_930c8dcf","CHEBI:16330||gain||vehicle_untreated","GSE210765","etichette_cambiate"
"cgroup_L5_930c8dcf","CHEBI:16330||gain||vehicle_untreated","GSE218556","etichette_cambiate"
"cgroup_L5_930c8dcf","CHEBI:16330||gain||vehicle_untreated","GSE227511","etichette_cambiate"
"cgroup_L5_930c8dcf","CHEBI:16330||gain||vehicle_untreated","GSE123766","uscito"
"cgroup_L5_930c8dcf","CHEBI:16330||gain||vehicle_untreated","GSE125014","uscito"
"cgroup_L5_930c8dcf","CHEBI:16330||gain||vehicle_untreated","GSE130247","uscito"
"cgroup_L5_930c8dcf","CHEBI:16330||gain||vehicle_untreated","GSE148806","uscito"
"cgroup_L5_930c8dcf","CHEBI:16330||gain||vehicle_untreated","GSE163539","uscito"
"cgroup_L5_930c8dcf","CHEBI:16330||gain||vehicle_untreated","GSE165246","uscito"
"cgroup_L5_930c8dcf","CHEBI:16330||gain||vehicle_untreated","GSE89917","uscito"
"cgroup_L5_930c8dcf","CHEBI:16330||gain||vehicle_untreated","GSE94013","uscito"
"cgroup_L5_930c8dcf","CHEBI:16330||gain||vehicle_untreated","GSE99626","uscito"
"cgroup_L5_721184e6","CHEBI:230500||gain||vehicle_untreated","GSE125245","etichette_cambiate"
"cgroup_L5_721184e6","CHEBI:230500||gain||vehicle_untreated","GSE158119","etichette_cambiate"
"cgroup_L5_721184e6","CHEBI:230500||gain||vehicle_untreated","GSE160534","etichette_cambiate"
"cgroup_L5_721184e6","CHEBI:230500||gain||vehicle_untreated","GSE229967","entrato"
"cgroup_L5_721184e6","CHEBI:230500||gain||vehicle_untreated","GSE266389","etichette_cambiate"
"cgroup_L5_721184e6","CHEBI:230500||gain||vehicle_untreated","GSE89127","etichette_cambiate"
"cgroup_L5_721184e6","CHEBI:230500||gain||vehicle_untreated","GSE135527","uscito"
"cgroup_L5_721184e6","CHEBI:230500||gain||vehicle_untreated","GSE157927","uscito"
"cgroup_L5_721184e6","CHEBI:230500||gain||vehicle_untreated","GSE164933","uscito"
"cgroup_L5_535d97f6","CHEBI:45783||gain||vehicle_untreated","GSE102209","entrato"
"cgroup_L5_535d97f6","CHEBI:45783||gain||vehicle_untreated","GSE155800","etichette_cambiate"
"cgroup_L5_535d97f6","CHEBI:45783||gain||vehicle_untreated","GSE184427","etichette_cambiate"
"cgroup_L5_535d97f6","CHEBI:45783||gain||vehicle_untreated","GSE186341","etichette_cambiate"
"cgroup_L5_535d97f6","CHEBI:45783||gain||vehicle_untreated","GSE217423","etichette_cambiate"
"cgroup_L5_535d97f6","CHEBI:45783||gain||vehicle_untreated","GSE146096","uscito"
"cgroup_L5_535d97f6","CHEBI:45783||gain||vehicle_untreated","GSE216837","uscito"
"cgroup_L5_535d97f6","CHEBI:45783||gain||vehicle_untreated","GSE218451","uscito"
"cgroup_L5_c5e86fe9","CHEBI:83766||gain||vehicle_untreated","GSE114273","entrato"
"cgroup_L5_c5e86fe9","CHEBI:83766||gain||vehicle_untreated","GSE153867","etichette_cambiate"
"cgroup_L5_c5e86fe9","CHEBI:83766||gain||vehicle_untreated","GSE164088","etichette_cambiate"
"cgroup_L5_c5e86fe9","CHEBI:83766||gain||vehicle_untreated","GSE165585","etichette_cambiate"
"cgroup_L5_c5e86fe9","CHEBI:83766||gain||vehicle_untreated","GSE191231","entrato"
"cgroup_L5_c5e86fe9","CHEBI:83766||gain||vehicle_untreated","GSE165548","uscito"
"cgroup_L5_c5e86fe9","CHEBI:83766||gain||vehicle_untreated","GSE188717","uscito"
"cgroup_L5_c5e86fe9","CHEBI:83766||gain||vehicle_untreated","GSE189186","uscito"
"cgroup_L5_2ab433c8","HGNC:14900||gain||vehicle_untreated","GSE149262","etichette_cambiate"
"cgroup_L5_2ab433c8","HGNC:14900||gain||vehicle_untreated","GSE190634","etichette_cambiate"
"cgroup_L5_2ab433c8","HGNC:14900||gain||vehicle_untreated","GSE243230","etichette_cambiate"
"cgroup_L5_93068469","CHEBI:2038||gain||vehicle_untreated","GSE117446","etichette_cambiate"
"cgroup_L5_93068469","CHEBI:2038||gain||vehicle_untreated","GSE145560","etichette_cambiate"
"cgroup_L5_93068469","CHEBI:2038||gain||vehicle_untreated","GSE184891","etichette_cambiate"
"cgroup_L5_93068469","CHEBI:2038||gain||vehicle_untreated","GSE199800","entrato"
"cgroup_L5_93068469","CHEBI:2038||gain||vehicle_untreated","GSE175615","uscito"
"cgroup_L5_3be7454c","HGNC:5417||gain||vehicle_untreated","GSE126517","etichette_cambiate"
"cgroup_L5_3be7454c","HGNC:5417||gain||vehicle_untreated","GSE206784","etichette_cambiate"
"cgroup_L5_3be7454c","HGNC:5417||gain||vehicle_untreated","GSE221804","entrato"
"cgroup_L5_3370a794","CHEBI:145372||gain||vehicle_untreated","GSE227839","etichette_cambiate"
"cgroup_L5_3370a794","CHEBI:145372||gain||vehicle_untreated","GSE181586","uscito"
"cgroup_L5_8b61f50b","CHEBI:41774||gain||vehicle_untreated","GSE123285","etichette_cambiate"
"cgroup_L5_8b61f50b","CHEBI:41774||gain||vehicle_untreated","GSE144378","etichette_cambiate"
"cgroup_L5_8b61f50b","CHEBI:41774||gain||vehicle_untreated","GSE152360","etichette_cambiate"
"cgroup_L5_8b61f50b","CHEBI:41774||gain||vehicle_untreated","GSE199800","uscito"
"cgroup_L5_83b1f88c","CHEBI:61397||gain||vehicle_untreated","GSE186341","etichette_cambiate"
"cgroup_L5_83b1f88c","CHEBI:61397||gain||vehicle_untreated","GSE188958","etichette_cambiate"
"cgroup_L5_83b1f88c","CHEBI:61397||gain||vehicle_untreated","GSE249573","etichette_cambiate"
"cgroup_L5_344e058f","HGNC:1071||gain||vehicle_untreated","GSE213245","etichette_cambiate"
"cgroup_L5_50ef2733","STR:5_aza||gain||vehicle_untreated","GSE247389","entrato"
"cgroup_L5_50ef2733","STR:5_aza||gain||vehicle_untreated","GSE56623","entrato"
"cgroup_L5_50ef2733","STR:5_aza||gain||vehicle_untreated","GSE60340","entrato"
"cgroup_L5_36b956de","STR:ptsd||gain||vehicle_untreated","GSE64813","entrato"
"cgroup_L5_36b956de","STR:ptsd||gain||vehicle_untreated","GSE83601","entrato"
"cgroup_L5_36b956de","STR:ptsd||gain||vehicle_untreated","GSE97356","entrato"
"cgroup_L5_021e875e","CHEBI:27899||gain||vehicle_untreated","GSE119978","entrato"
"cgroup_L5_021e875e","CHEBI:27899||gain||vehicle_untreated","GSE157069","etichette_cambiate"
"cgroup_L5_021e875e","CHEBI:27899||gain||vehicle_untreated","GSE161800","etichette_cambiate"
"cgroup_L5_021e875e","CHEBI:27899||gain||vehicle_untreated","GSE173201","etichette_cambiate"
"cgroup_L5_021e875e","CHEBI:27899||gain||vehicle_untreated","GSE209769","etichette_cambiate"
"cgroup_L5_021e875e","CHEBI:27899||gain||vehicle_untreated","GSE213102","etichette_cambiate"
"cgroup_L5_021e875e","CHEBI:27899||gain||vehicle_untreated","GSE215254","entrato"
"cgroup_L5_021e875e","CHEBI:27899||gain||vehicle_untreated","GSE223839","etichette_cambiate"
"cgroup_L5_021e875e","CHEBI:27899||gain||vehicle_untreated","GSE235549","entrato"
"cgroup_L5_021e875e","CHEBI:27899||gain||vehicle_untreated","GSE235681","etichette_cambiate"
"cgroup_L5_021e875e","CHEBI:27899||gain||vehicle_untreated","GSE249026","etichette_cambiate"
"cgroup_L5_021e875e","CHEBI:27899||gain||vehicle_untreated","GSE195663","uscito"
"cgroup_L5_021e875e","CHEBI:27899||gain||vehicle_untreated","GSE206649","uscito"
"cgroup_L5_021e875e","CHEBI:27899||gain||vehicle_untreated","GSE216043","uscito"
"cgroup_L5_021e875e","CHEBI:27899||gain||vehicle_untreated","GSE241595","uscito"
"cgroup_L5_0e66597e","CHEBI:31638||gain||vehicle_untreated","GSE140758","etichette_cambiate"
"cgroup_L5_0e66597e","CHEBI:31638||gain||vehicle_untreated","GSE214052","etichette_cambiate"
"cgroup_L5_0e66597e","CHEBI:31638||gain||vehicle_untreated","GSE266932","etichette_cambiate"
"cgroup_L5_0e66597e","CHEBI:31638||gain||vehicle_untreated","GSE147283","uscito"
"cgroup_L5_0e66597e","CHEBI:31638||gain||vehicle_untreated","GSE230362","uscito"
"cgroup_L5_0e66597e","CHEBI:31638||gain||vehicle_untreated","GSE241942","uscito"
"cgroup_L5_004d293d","CHEBI:49603||gain||vehicle_untreated","GSE114686","entrato"
"cgroup_L5_004d293d","CHEBI:49603||gain||vehicle_untreated","GSE146096","etichette_cambiate"
"cgroup_L5_004d293d","CHEBI:49603||gain||vehicle_untreated","GSE186341","etichette_cambiate"
"cgroup_L5_004d293d","CHEBI:49603||gain||vehicle_untreated","GSE217421","etichette_cambiate"
"cgroup_L5_004d293d","CHEBI:49603||gain||vehicle_untreated","GSE217898","entrato"
"cgroup_L5_004d293d","CHEBI:49603||gain||vehicle_untreated","GSE237413","etichette_cambiate"
"cgroup_L5_12228932","HGNC:3229||gain||vehicle_untreated","GSE247637","etichette_cambiate"
"cgroup_L5_12228932","HGNC:3229||gain||vehicle_untreated","GSE254479","etichette_cambiate"
"cgroup_L5_12228932","HGNC:3229||gain||vehicle_untreated","GSE269441","entrato"
"cgroup_L5_49d55bfd","HGNC:6014||gain||vehicle_untreated","GSE132270","etichette_cambiate"
"cgroup_L5_49d55bfd","HGNC:6014||gain||vehicle_untreated","GSE140900","etichette_cambiate"
"cgroup_L5_49d55bfd","HGNC:6014||gain||vehicle_untreated","GSE171750","entrato"
"cgroup_L5_49d55bfd","HGNC:6014||gain||vehicle_untreated","GSE179420","entrato"
"cgroup_L5_49d55bfd","HGNC:6014||gain||vehicle_untreated","GSE244934","etichette_cambiate"
"cgroup_L5_49d55bfd","HGNC:6014||gain||vehicle_untreated","GSE108038","uscito"
"cgroup_L5_49d55bfd","HGNC:6014||gain||vehicle_untreated","GSE113185","uscito"
"cgroup_L5_49d55bfd","HGNC:6014||gain||vehicle_untreated","GSE182955","uscito"
"cgroup_L5_49d55bfd","HGNC:6014||gain||vehicle_untreated","GSE222284","uscito"
"cgroup_L5_49d55bfd","HGNC:6014||gain||vehicle_untreated","GSE227737","uscito"
"cgroup_L5_49d55bfd","HGNC:6014||gain||vehicle_untreated","GSE59275","uscito"
"cgroup_L5_e37b838c","CHEBI:205761||gain||vehicle_untreated","GSE132782","entrato"
"cgroup_L5_e37b838c","CHEBI:205761||gain||vehicle_untreated","GSE157725","entrato"
"cgroup_L5_e37b838c","CHEBI:205761||gain||vehicle_untreated","GSE185373","entrato"
"cgroup_L5_e37b838c","CHEBI:205761||gain||vehicle_untreated","GSE222199","entrato"
"cgroup_L5_3d8c29f4","HGNC:6001||gain||vehicle_untreated","GSE122409","etichette_cambiate"
"cgroup_L5_3d8c29f4","HGNC:6001||gain||vehicle_untreated","GSE130284","etichette_cambiate"
"cgroup_L5_3d8c29f4","HGNC:6001||gain||vehicle_untreated","GSE221563","etichette_cambiate"
"cgroup_L5_e17c136b","CHEBI:145535||gain||vehicle_untreated","GSE171260","etichette_cambiate"
"cgroup_L5_e17c136b","CHEBI:145535||gain||vehicle_untreated","GSE206428","etichette_cambiate"
"cgroup_L5_dcce160a","CHEBI:41977||gain||vehicle_untreated","GSE140347","etichette_cambiate"
"cgroup_L5_dcce160a","CHEBI:41977||gain||vehicle_untreated","GSE217421","etichette_cambiate"
"cgroup_L5_dcce160a","CHEBI:41977||gain||vehicle_untreated","GSE217423","etichette_cambiate"
"cgroup_L5_dcce160a","CHEBI:41977||gain||vehicle_untreated","GSE86190","uscito"
"cgroup_L5_92f4f307","CHEBI:64317||gain||vehicle_untreated","GSE179347","etichette_cambiate"
"cgroup_L5_92f4f307","CHEBI:64317||gain||vehicle_untreated","GSE217421","etichette_cambiate"
"cgroup_L5_92f4f307","CHEBI:64317||gain||vehicle_untreated","GSE217423","etichette_cambiate"
"cgroup_L5_bd40f34f","HGNC:5977||gain||vehicle_untreated","GSE120904","etichette_cambiate"
"cgroup_L5_bd40f34f","HGNC:5977||gain||vehicle_untreated","GSE126409","etichette_cambiate"
"cgroup_L5_bd40f34f","HGNC:5977||gain||vehicle_untreated","GSE132270","etichette_cambiate"
"cgroup_L5_bd40f34f","HGNC:5977||gain||vehicle_untreated","GSE166268","uscito"
"cgroup_L5_bd40f34f","HGNC:5977||gain||vehicle_untreated","GSE94150","uscito"
"cgroup_L5_2a225fda","STR:asthma||gain||vehicle_untreated","GSE85567","entrato"
"cgroup_L5_2a225fda","STR:asthma||gain||vehicle_untreated","GSE145505","uscito"
"cgroup_L5_2a225fda","STR:asthma||gain||vehicle_untreated","GSE201955","uscito"
"cgroup_L5_eedd08cb","STR:sirna_pool_against_igf2bp1||block||control sirna","GSE146547","etichette_cambiate"
"cgroup_L5_eedd08cb","STR:sirna_pool_against_igf2bp1||block||control sirna","GSE146805","etichette_cambiate"
"cgroup_L5_eedd08cb","STR:sirna_pool_against_igf2bp1||block||control sirna","GSE161087","etichette_cambiate"
"cgroup_L5_87c40ebb","HGNC:5438||gain||vehicle_untreated","GSE135458","etichette_cambiate"
"cgroup_L5_87c40ebb","HGNC:5438||gain||vehicle_untreated","GSE141585","etichette_cambiate"
"cgroup_L5_87c40ebb","HGNC:5438||gain||vehicle_untreated","GSE144484","etichette_cambiate"
"cgroup_L5_87c40ebb","HGNC:5438||gain||vehicle_untreated","GSE158814","etichette_cambiate"
"cgroup_L5_87c40ebb","HGNC:5438||gain||vehicle_untreated","GSE161916","etichette_cambiate"
"cgroup_L5_87c40ebb","HGNC:5438||gain||vehicle_untreated","GSE190634","etichette_cambiate"
"cgroup_L5_87c40ebb","HGNC:5438||gain||vehicle_untreated","GSE198460","entrato"
"cgroup_L5_87c40ebb","HGNC:5438||gain||vehicle_untreated","GSE215771","etichette_cambiate"
"cgroup_L5_87c40ebb","HGNC:5438||gain||vehicle_untreated","GSE221804","entrato"
"cgroup_L5_87c40ebb","HGNC:5438||gain||vehicle_untreated","GSE228173","etichette_cambiate"
"cgroup_L5_87c40ebb","HGNC:5438||gain||vehicle_untreated","GSE99299","etichette_cambiate"
"cgroup_L5_87c40ebb","HGNC:5438||gain||vehicle_untreated","GSE124939","uscito"
"cgroup_L5_87c40ebb","HGNC:5438||gain||vehicle_untreated","GSE138209","uscito"
"cgroup_L5_87c40ebb","HGNC:5438||gain||vehicle_untreated","GSE174244","uscito"
"cgroup_L5_87c40ebb","HGNC:5438||gain||vehicle_untreated","GSE179354","uscito"
"cgroup_L5_87c40ebb","HGNC:5438||gain||vehicle_untreated","GSE197302","uscito"
"cgroup_L5_f97e50de","CHEBI:64310||gain||vehicle_untreated","GSE109720","entrato"
"cgroup_L5_f97e50de","CHEBI:64310||gain||vehicle_untreated","GSE124450","etichette_cambiate"
"cgroup_L5_f97e50de","CHEBI:64310||gain||vehicle_untreated","GSE186341","etichette_cambiate"
"cgroup_L5_f97e50de","CHEBI:64310||gain||vehicle_untreated","GSE217421","etichette_cambiate"
"cgroup_L5_f97e50de","CHEBI:64310||gain||vehicle_untreated","GSE217423","entrato"
"cgroup_L5_f97e50de","CHEBI:64310||gain||vehicle_untreated","GSE239666","etichette_cambiate"
"cgroup_L5_f97e50de","CHEBI:64310||gain||vehicle_untreated","GSE64741","entrato"
"cgroup_L5_f97e50de","CHEBI:64310||gain||vehicle_untreated","GSE146096","uscito"
"cgroup_L5_f97e50de","CHEBI:64310||gain||vehicle_untreated","GSE214715","uscito"
"cgroup_L5_41f7b088","CHEBI:49668||gain||vehicle_untreated","GSE117610","etichette_cambiate"
"cgroup_L5_41f7b088","CHEBI:49668||gain||vehicle_untreated","GSE186341","etichette_cambiate"
"cgroup_L5_41f7b088","CHEBI:49668||gain||vehicle_untreated","GSE217421","etichette_cambiate"
"cgroup_L5_41f7b088","CHEBI:49668||gain||vehicle_untreated","GSE217423","entrato"
"cgroup_L5_41f7b088","CHEBI:49668||gain||vehicle_untreated","GSE221475","etichette_cambiate"
"cgroup_L5_41f7b088","CHEBI:49668||gain||vehicle_untreated","GSE125933","uscito"
"cgroup_L5_41f7b088","CHEBI:49668||gain||vehicle_untreated","GSE143588","uscito"
"cgroup_L5_63e69fdc","MeSH:D000544||gain||vehicle_untreated","GSE113524","etichette_cambiate"
"cgroup_L5_63e69fdc","MeSH:D000544||gain||vehicle_untreated","GSE203206","etichette_cambiate"
"cgroup_L5_63e69fdc","MeSH:D000544||gain||vehicle_untreated","GSE95587","etichette_cambiate"
"cgroup_L5_3f0cc1fe","MeSH:D003093||gain||vehicle_untreated","GSE112057","etichette_cambiate"
"cgroup_L5_3f0cc1fe","MeSH:D003093||gain||vehicle_untreated","GSE123141","etichette_cambiate"
"cgroup_L5_3f0cc1fe","MeSH:D003093||gain||vehicle_untreated","GSE224758","entrato"
"cgroup_L5_3f0cc1fe","MeSH:D003093||gain||vehicle_untreated","GSE243625","etichette_cambiate"
"cgroup_L5_3f0cc1fe","MeSH:D003093||gain||vehicle_untreated","GSE83687","entrato"
"cgroup_L5_3f0cc1fe","MeSH:D003093||gain||vehicle_untreated","GSE137344","uscito"
"cgroup_L5_3a625868","CHEBI:231601||gain||vehicle_untreated","GSE121105","entrato"
"cgroup_L5_3a625868","CHEBI:231601||gain||vehicle_untreated","GSE158969","etichette_cambiate"
"cgroup_L5_3a625868","CHEBI:231601||gain||vehicle_untreated","GSE217421","etichette_cambiate"
"cgroup_L5_3a625868","CHEBI:231601||gain||vehicle_untreated","GSE244533","etichette_cambiate"
"cgroup_L5_3a625868","CHEBI:231601||gain||vehicle_untreated","GSE186402","uscito"
"cgroup_L5_d631ee89","HGNC:6011||gain||vehicle_untreated","GSE110041","entrato"
"cgroup_L5_d631ee89","HGNC:6011||gain||vehicle_untreated","GSE159782","etichette_cambiate"
"cgroup_L5_d631ee89","HGNC:6011||gain||vehicle_untreated","GSE89442","etichette_cambiate"
"cgroup_L5_d631ee89","HGNC:6011||gain||vehicle_untreated","GSE93620","etichette_cambiate"
"cgroup_L5_3a58e5f5","CHEBI:15551||gain||vehicle_untreated","GSE213691","etichette_cambiate"
"cgroup_L5_3a58e5f5","CHEBI:15551||gain||vehicle_untreated","GSE99392","entrato"
"cgroup_L5_3a58e5f5","CHEBI:15551||gain||vehicle_untreated","GSE229398","uscito"
"cgroup_L5_2248a891","CHEBI:42471||gain||vehicle_untreated","GSE202436","etichette_cambiate"
"cgroup_L5_2248a891","CHEBI:42471||gain||vehicle_untreated","GSE223514","entrato"
"cgroup_L5_2248a891","CHEBI:42471||gain||vehicle_untreated","GSE129153","uscito"
"cgroup_L5_fd0c6a79","CHEBI:68647||gain||vehicle_untreated","GSE186341","etichette_cambiate"
"cgroup_L5_fd0c6a79","CHEBI:68647||gain||vehicle_untreated","GSE217421","etichette_cambiate"
"cgroup_L5_fd0c6a79","CHEBI:68647||gain||vehicle_untreated","GSE234647","etichette_cambiate"
"cgroup_L5_fd0c6a79","CHEBI:68647||gain||vehicle_untreated","GSE146096","uscito"
"cgroup_L5_3973fe03","HGNC:5991||gain||vehicle_untreated","GSE142706","entrato"
"cgroup_L5_3973fe03","HGNC:5991||gain||vehicle_untreated","GSE181229","etichette_cambiate"
"cgroup_L5_3973fe03","HGNC:5991||gain||vehicle_untreated","GSE205853","etichette_cambiate"
"cgroup_L5_3973fe03","HGNC:5991||gain||vehicle_untreated","GSE155141","uscito"
"cgroup_L5_3973fe03","HGNC:5991||gain||vehicle_untreated","GSE214475","uscito"
"cgroup_L5_f51ff620","STR:asthmatic||gain||vehicle_untreated","GSE109313","etichette_cambiate"
"cgroup_L5_f51ff620","STR:asthmatic||gain||vehicle_untreated","GSE152004","etichette_cambiate"
"cgroup_L5_f51ff620","STR:asthmatic||gain||vehicle_untreated","GSE240567","uscito"
"cgroup_L5_9de3f0ea","STR:tb_positive||gain||tb negative","GSE255071","etichette_cambiate"
"cgroup_L5_9de3f0ea","STR:tb_positive||gain||tb negative","GSE255073","etichette_cambiate"
"cgroup_L5_9de3f0ea","STR:tb_positive||gain||tb negative","GSE255074","etichette_cambiate"
"cgroup_L5_8a54ddd6","CHEBI:28748||gain||vehicle_untreated","GSE124622","etichette_cambiate"
"cgroup_L5_8a54ddd6","CHEBI:28748||gain||vehicle_untreated","GSE128728","etichette_cambiate"
"cgroup_L5_8a54ddd6","CHEBI:28748||gain||vehicle_untreated","GSE137056","etichette_cambiate"
"cgroup_L5_8a54ddd6","CHEBI:28748||gain||vehicle_untreated","GSE139862","etichette_cambiate"
"cgroup_L5_8a54ddd6","CHEBI:28748||gain||vehicle_untreated","GSE196724","etichette_cambiate"
"cgroup_L5_8a54ddd6","CHEBI:28748||gain||vehicle_untreated","GSE197243","etichette_cambiate"
"cgroup_L5_8a54ddd6","CHEBI:28748||gain||vehicle_untreated","GSE217423","entrato"
"cgroup_L5_8a54ddd6","CHEBI:28748||gain||vehicle_untreated","GSE217898","etichette_cambiate"
"cgroup_L5_8a54ddd6","CHEBI:28748||gain||vehicle_untreated","GSE226115","entrato"
"cgroup_L5_8a54ddd6","CHEBI:28748||gain||vehicle_untreated","GSE55727","entrato"
"cgroup_L5_8a54ddd6","CHEBI:28748||gain||vehicle_untreated","GSE60340","entrato"
"cgroup_L5_8a54ddd6","CHEBI:28748||gain||vehicle_untreated","GSE145141","uscito"
"cgroup_L5_8a54ddd6","CHEBI:28748||gain||vehicle_untreated","GSE157069","uscito"
"cgroup_L5_8a54ddd6","CHEBI:28748||gain||vehicle_untreated","GSE222221","uscito"
"cgroup_L5_2ec87595","CHEBI:6801||gain||vehicle_untreated","GSE102677","etichette_cambiate"
"cgroup_L5_2ec87595","CHEBI:6801||gain||vehicle_untreated","GSE146982","entrato"
"cgroup_L5_2ec87595","CHEBI:6801||gain||vehicle_untreated","GSE196343","entrato"
"cgroup_L5_2ec87595","CHEBI:6801||gain||vehicle_untreated","GSE247159","etichette_cambiate"
"cgroup_L5_2ec87595","CHEBI:6801||gain||vehicle_untreated","GSE133087","uscito"
"cgroup_L5_c054e202","CHEBI:9168||gain||vehicle_untreated","GSE102674","etichette_cambiate"
"cgroup_L5_c054e202","CHEBI:9168||gain||vehicle_untreated","GSE184427","etichette_cambiate"
"cgroup_L5_c054e202","CHEBI:9168||gain||vehicle_untreated","GSE193398","etichette_cambiate"
"cgroup_L5_c054e202","CHEBI:9168||gain||vehicle_untreated","GSE225683","entrato"
"cgroup_L5_c054e202","CHEBI:9168||gain||vehicle_untreated","GSE246886","etichette_cambiate"
"cgroup_L5_bd19fe42","MeSH:D006528||gain||vehicle_untreated","GSE164359","etichette_cambiate"
"cgroup_L5_bd19fe42","MeSH:D006528||gain||vehicle_untreated","GSE77509","etichette_cambiate"
"cgroup_L5_bd19fe42","MeSH:D006528||gain||vehicle_untreated","GSE216613","uscito"
"cgroup_L5_bd19fe42","MeSH:D006528||gain||vehicle_untreated","GSE263134","uscito"
"cgroup_L5_bd19fe42","MeSH:D006528||gain||vehicle_untreated","GSE73708","uscito"
"cgroup_L5_1bbf4b9b","MeSH:D013274||gain||vehicle_untreated","GSE172032","etichette_cambiate"
"cgroup_L5_1bbf4b9b","MeSH:D013274||gain||vehicle_untreated","GSE184336","uscito"
"cgroup_L5_f956ef98","CHEBI:28119||gain||vehicle_untreated","GSE160981","etichette_cambiate"
"cgroup_L5_f956ef98","CHEBI:28119||gain||vehicle_untreated","GSE217334","etichette_cambiate"
"cgroup_L5_f956ef98","CHEBI:28119||gain||vehicle_untreated","GSE226045","uscito"
"cgroup_L5_f832048f","MeSH:D001943||gain||vehicle_untreated","GSE117970","etichette_cambiate"
"cgroup_L5_f832048f","MeSH:D001943||gain||vehicle_untreated","GSE183947","etichette_cambiate"
"cgroup_L5_f832048f","MeSH:D001943||gain||vehicle_untreated","GSE210787","etichette_cambiate"
"cgroup_L5_f832048f","MeSH:D001943||gain||vehicle_untreated","GSE225846","etichette_cambiate"
"cgroup_L5_f832048f","MeSH:D001943||gain||vehicle_untreated","GSE157086","uscito"
"cgroup_L5_862cd9b9","CHEBI:167670||gain||vehicle_untreated","GSE237177","etichette_cambiate"
"cgroup_L5_862cd9b9","CHEBI:167670||gain||vehicle_untreated","GSE252002","etichette_cambiate"
"cgroup_L5_5b9a08fb","CHEBI:44185||gain||vehicle_untreated","GSE163377","etichette_cambiate"
"cgroup_L5_5b9a08fb","CHEBI:44185||gain||vehicle_untreated","GSE183062","entrato"
"cgroup_L5_5b9a08fb","CHEBI:44185||gain||vehicle_untreated","GSE225731","etichette_cambiate"
"cgroup_L5_5b9a08fb","CHEBI:44185||gain||vehicle_untreated","GSE199800","uscito"
"cgroup_L5_05322ba1","CHEBI:71019||gain||vehicle_untreated","GSE193897","etichette_cambiate"
"cgroup_L5_05322ba1","CHEBI:71019||gain||vehicle_untreated","GSE252740","etichette_cambiate"
"cgroup_L5_2d53def6","HGNC:6005||gain||vehicle_untreated","GSE120904","etichette_cambiate"
"cgroup_L5_2d53def6","HGNC:6005||gain||vehicle_untreated","GSE126409","etichette_cambiate"
"cgroup_L5_2d53def6","HGNC:6005||gain||vehicle_untreated","GSE198963","etichette_cambiate"
"cgroup_L5_96c9f7bf","STR:bipolar_disorder||gain||vehicle_untreated","GSE134497","etichette_cambiate"
"cgroup_L5_96c9f7bf","STR:bipolar_disorder||gain||vehicle_untreated","GSE78936","etichette_cambiate"
"cgroup_L5_96c9f7bf","STR:bipolar_disorder||gain||vehicle_untreated","GSE80655","etichette_cambiate"
"cgroup_L5_96c9f7bf","STR:bipolar_disorder||gain||vehicle_untreated","GSE234795","uscito"
"cgroup_L5_f9cc41b3","STR:vtp50469||gain||vehicle_untreated","GSE183487","etichette_cambiate"
"cgroup_L5_f9cc41b3","STR:vtp50469||gain||vehicle_untreated","GSE186709","etichette_cambiate"
"cgroup_L5_b6b8bc00","CHEBI:85993||gain||vehicle_untreated","GSE110397","entrato"
"cgroup_L5_b6b8bc00","CHEBI:85993||gain||vehicle_untreated","GSE113922","etichette_cambiate"
"cgroup_L5_b6b8bc00","CHEBI:85993||gain||vehicle_untreated","GSE133567","etichette_cambiate"
"cgroup_L5_b6b8bc00","CHEBI:85993||gain||vehicle_untreated","GSE145316","etichette_cambiate"
"cgroup_L5_b6b8bc00","CHEBI:85993||gain||vehicle_untreated","GSE148342","etichette_cambiate"
"cgroup_L5_b6b8bc00","CHEBI:85993||gain||vehicle_untreated","GSE155001","etichette_cambiate"
"cgroup_L5_b6b8bc00","CHEBI:85993||gain||vehicle_untreated","GSE195568","etichette_cambiate"
"cgroup_L5_b6b8bc00","CHEBI:85993||gain||vehicle_untreated","GSE206257","etichette_cambiate"
"cgroup_L5_b6b8bc00","CHEBI:85993||gain||vehicle_untreated","GSE234514","etichette_cambiate"
"cgroup_L5_b6b8bc00","CHEBI:85993||gain||vehicle_untreated","GSE241943","entrato"
"cgroup_L5_b6b8bc00","CHEBI:85993||gain||vehicle_untreated","GSE197602","uscito"
"cgroup_L5_b6b8bc00","CHEBI:85993||gain||vehicle_untreated","GSE235401","uscito"
"cgroup_L5_601ede7b","CHEBI:90943||gain||vehicle_untreated","GSE153183","etichette_cambiate"
"cgroup_L5_601ede7b","CHEBI:90943||gain||vehicle_untreated","GSE186341","etichette_cambiate"
"cgroup_L5_601ede7b","CHEBI:90943||gain||vehicle_untreated","GSE211854","etichette_cambiate"
"cgroup_L5_601ede7b","CHEBI:90943||gain||vehicle_untreated","GSE223372","etichette_cambiate"
"cgroup_L5_601ede7b","CHEBI:90943||gain||vehicle_untreated","GSE249721","etichette_cambiate"
"cgroup_L5_601ede7b","CHEBI:90943||gain||vehicle_untreated","GSE253742","etichette_cambiate"
"cgroup_L5_601ede7b","CHEBI:90943||gain||vehicle_untreated","GSE255958","etichette_cambiate"
"cgroup_L5_601ede7b","CHEBI:90943||gain||vehicle_untreated","GSE249138","uscito"
"cgroup_L5_fea19ca0","HGNC:5434||gain||vehicle_untreated","GSE104348","entrato"
"cgroup_L5_fea19ca0","HGNC:5434||gain||vehicle_untreated","GSE114284","etichette_cambiate"
"cgroup_L5_fea19ca0","HGNC:5434||gain||vehicle_untreated","GSE125066","entrato"
"cgroup_L5_fea19ca0","HGNC:5434||gain||vehicle_untreated","GSE126409","etichette_cambiate"
"cgroup_L5_fea19ca0","HGNC:5434||gain||vehicle_untreated","GSE161664","entrato"
"cgroup_L5_fea19ca0","HGNC:5434||gain||vehicle_untreated","GSE161916","etichette_cambiate"
"cgroup_L5_fea19ca0","HGNC:5434||gain||vehicle_untreated","GSE178901","etichette_cambiate"
"cgroup_L5_fea19ca0","HGNC:5434||gain||vehicle_untreated","GSE124939","uscito"
"cgroup_L5_fea19ca0","HGNC:5434||gain||vehicle_untreated","GSE233494","uscito"
"cgroup_L5_b2affd22","MeSH:D011225||gain||vehicle_untreated","GSE148241","etichette_cambiate"
"cgroup_L5_b2affd22","MeSH:D011225||gain||vehicle_untreated","GSE186257","etichette_cambiate"
"cgroup_L5_b2affd22","MeSH:D011225||gain||vehicle_untreated","GSE218039","etichette_cambiate"
"cgroup_L5_b2affd22","MeSH:D011225||gain||vehicle_untreated","GSE262147","etichette_cambiate"
"cgroup_L5_b2affd22","MeSH:D011225||gain||vehicle_untreated","GSE79782","etichette_cambiate"
"cgroup_L5_889ec305","MeSH:D015179||gain||vehicle_untreated","GSE104178","etichette_cambiate"
"cgroup_L5_889ec305","MeSH:D015179||gain||vehicle_untreated","GSE164541","etichette_cambiate"
"cgroup_L5_889ec305","MeSH:D015179||gain||vehicle_untreated","GSE205787","etichette_cambiate"
"cgroup_L5_889ec305","MeSH:D015179||gain||vehicle_untreated","GSE223119","entrato"
"cgroup_L5_889ec305","MeSH:D015179||gain||vehicle_untreated","GSE157086","uscito"
"cgroup_L5_889ec305","MeSH:D015179||gain||vehicle_untreated","GSE189212","uscito"
"cgroup_L5_889ec305","MeSH:D015179||gain||vehicle_untreated","GSE216561","uscito"
"cgroup_L5_4be9e90d","CHEBI:39421||gain||vehicle_untreated","GSE262137","etichette_cambiate"
"cgroup_L5_debadb13","NCBITaxon:10407||gain||vehicle_untreated","GSE194179","etichette_cambiate"
"cgroup_L5_debadb13","NCBITaxon:10407||gain||vehicle_untreated","GSE205567","entrato"
"cgroup_L5_debadb13","NCBITaxon:10407||gain||vehicle_untreated","GSE93153","etichette_cambiate"
"cgroup_L5_ef9b09df","CHEBI:167693||gain||vehicle_untreated","GSE165543","entrato"
"cgroup_L5_ef9b09df","CHEBI:167693||gain||vehicle_untreated","GSE199811","entrato"
"cgroup_L5_ef9b09df","CHEBI:167693||gain||vehicle_untreated","GSE92723","entrato"
"cgroup_L5_ae11259e","CHEBI:71200||gain||vehicle_untreated","GSE158923","etichette_cambiate"
"cgroup_L5_ae11259e","CHEBI:71200||gain||vehicle_untreated","GSE217421","etichette_cambiate"
"cgroup_L5_ae11259e","CHEBI:71200||gain||vehicle_untreated","GSE94235","etichette_cambiate"
"cgroup_L5_ae11259e","CHEBI:71200||gain||vehicle_untreated","GSE146096","uscito"
"cgroup_L5_eba39954","MeSH:D000074285||gain||non smoker","GSE79544","etichette_cambiate"
"cgroup_L5_eba39954","MeSH:D000074285||gain||non smoker","GSE182923","uscito"
"cgroup_L5_79b3a442","STR:cteph||gain||vehicle_untreated","GSE188938","etichette_cambiate"
"cgroup_L5_79b3a442","STR:cteph||gain||vehicle_untreated","GSE84538","etichette_cambiate"
"cgroup_L5_4d535f25","STR:ykl_5_124||gain||vehicle_untreated","GSE172442","etichette_cambiate"
"cgroup_L5_4d535f25","STR:ykl_5_124||gain||vehicle_untreated","GSE172443","etichette_cambiate"
"cgroup_L5_aecd610f","STR:schizophrenia||gain||vehicle_untreated","GSE107638","etichette_cambiate"
"cgroup_L5_aecd610f","STR:schizophrenia||gain||vehicle_untreated","GSE112523","etichette_cambiate"
"cgroup_L5_aecd610f","STR:schizophrenia||gain||vehicle_untreated","GSE121376","etichette_cambiate"
"cgroup_L5_aecd610f","STR:schizophrenia||gain||vehicle_untreated","GSE182875","etichette_cambiate"
"cgroup_L5_aecd610f","STR:schizophrenia||gain||vehicle_untreated","GSE184102","etichette_cambiate"
"cgroup_L5_aecd610f","STR:schizophrenia||gain||vehicle_untreated","GSE191248","etichette_cambiate"
"cgroup_L5_aecd610f","STR:schizophrenia||gain||vehicle_untreated","GSE263180","etichette_cambiate"
"cgroup_L5_aecd610f","STR:schizophrenia||gain||vehicle_untreated","GSE78936","etichette_cambiate"
"cgroup_L5_aecd610f","STR:schizophrenia||gain||vehicle_untreated","GSE80655","etichette_cambiate"
"cgroup_L5_aecd610f","STR:schizophrenia||gain||vehicle_untreated","GSE86906","etichette_cambiate"
"cgroup_L5_aecd610f","STR:schizophrenia||gain||vehicle_untreated","GSE138082","uscito"
"cgroup_L5_444e7fc2","NCBITaxon:10359||gain||vehicle_untreated","GSE120891","etichette_cambiate"
"cgroup_L5_444e7fc2","NCBITaxon:10359||gain||vehicle_untreated","GSE141236","etichette_cambiate"
"cgroup_L5_444e7fc2","NCBITaxon:10359||gain||vehicle_untreated","GSE179609","etichette_cambiate"
"cgroup_L5_444e7fc2","NCBITaxon:10359||gain||vehicle_untreated","GSE203395","etichette_cambiate"
"cgroup_L5_444e7fc2","NCBITaxon:10359||gain||vehicle_untreated","GSE210989","etichette_cambiate"
"cgroup_L5_b32ab7f6","HGNC:5981||gain||vehicle_untreated","GSE103930","etichette_cambiate"
"cgroup_L5_b32ab7f6","HGNC:5981||gain||vehicle_untreated","GSE119047","etichette_cambiate"
"cgroup_L5_b32ab7f6","HGNC:5981||gain||vehicle_untreated","GSE171952","etichette_cambiate"
"cgroup_L5_b32ab7f6","HGNC:5981||gain||vehicle_untreated","GSE190634","etichette_cambiate"
"cgroup_L5_b32ab7f6","HGNC:5981||gain||vehicle_untreated","GSE198683","etichette_cambiate"
"cgroup_L5_b32ab7f6","HGNC:5981||gain||vehicle_untreated","GSE122305","uscito"
"cgroup_L5_b32ab7f6","HGNC:5981||gain||vehicle_untreated","GSE179354","uscito"
"cgroup_L5_7805eee6","STR:covid_19||gain||vehicle_untreated","GSE154311","etichette_cambiate"
"cgroup_L5_7805eee6","STR:covid_19||gain||vehicle_untreated","GSE164332","etichette_cambiate"
"cgroup_L5_7805eee6","STR:covid_19||gain||vehicle_untreated","GSE190496","etichette_cambiate"
"cgroup_L5_7805eee6","STR:covid_19||gain||vehicle_untreated","GSE165461","uscito"
"cgroup_L5_c13b1103","MeSH:D065626||gain||vehicle_untreated","GSE126848","etichette_cambiate"
"cgroup_L5_c13b1103","MeSH:D065626||gain||vehicle_untreated","GSE135251","etichette_cambiate"
"cgroup_L5_49e290ae","CHEBI:4031||gain||vehicle_untreated","GSE217421","etichette_cambiate"
"cgroup_L5_49e290ae","CHEBI:4031||gain||vehicle_untreated","GSE217423","etichette_cambiate"
"cgroup_L5_49e290ae","CHEBI:4031||gain||vehicle_untreated","GSE236896","etichette_cambiate"
"cgroup_L5_49e290ae","CHEBI:4031||gain||vehicle_untreated","GSE259282","entrato"
"cgroup_L5_49e290ae","CHEBI:4031||gain||vehicle_untreated","GSE208405","uscito"
"cgroup_L5_8c9339f5","NCBITaxon:64320||gain||vehicle_untreated","GSE131605","etichette_cambiate"
"cgroup_L5_8c9339f5","NCBITaxon:64320||gain||vehicle_untreated","GSE233049","etichette_cambiate"
"cgroup_L5_8c9339f5","NCBITaxon:64320||gain||vehicle_untreated","GSE235210","uscito"
"cgroup_L5_8341bee7","CHEBI:17026||gain||vehicle_untreated","GSE149640","etichette_cambiate"
"cgroup_L5_d800c4f2","CHEBI:45716||gain||vehicle_untreated","GSE115205","entrato"
"cgroup_L5_d800c4f2","CHEBI:45716||gain||vehicle_untreated","GSE199800","entrato"
"cgroup_L5_d800c4f2","CHEBI:45716||gain||vehicle_untreated","GSE246045","entrato"
"cgroup_L5_8ac307e0","CHEBI:72317||gain||vehicle_untreated","GSE171358","etichette_cambiate"
"cgroup_L5_8ac307e0","CHEBI:72317||gain||vehicle_untreated","GSE186341","etichette_cambiate"
"cgroup_L5_8ac307e0","CHEBI:72317||gain||vehicle_untreated","GSE217421","etichette_cambiate"
"cgroup_L5_8ac307e0","CHEBI:72317||gain||vehicle_untreated","GSE146096","uscito"
"cgroup_L5_f29dd3b3","MeSH:D001172||gain||vehicle_untreated","GSE116899","etichette_cambiate"
"cgroup_L5_f29dd3b3","MeSH:D001172||gain||vehicle_untreated","GSE120178","etichette_cambiate"
"cgroup_L5_f29dd3b3","MeSH:D001172||gain||vehicle_untreated","GSE89408","etichette_cambiate"
"cgroup_L5_f29dd3b3","MeSH:D001172||gain||vehicle_untreated","GSE117769","uscito"
"cgroup_L5_f29dd3b3","MeSH:D001172||gain||vehicle_untreated","GSE189136","uscito"
"cgroup_L5_17b55386","STR:fshd||gain||vehicle_untreated","GSE115650","etichette_cambiate"
"cgroup_L5_17b55386","STR:fshd||gain||vehicle_untreated","GSE123468","etichette_cambiate"
"cgroup_L5_17b55386","STR:fshd||gain||vehicle_untreated","GSE254310","etichette_cambiate"
"cgroup_L5_17b55386","STR:fshd||gain||vehicle_untreated","GSE102812","uscito"
