"study","ent_off","ent_on","tl","cl"
"GSE125577","STR:tgfb","HGNC:11766","HIBEC P4-6 TGFb stimulated","HIBEC P4-6 Vehicle Control"
"GSE125577","STR:tgfb","HGNC:11766","Primary HIBEC TGFb stimulated","HIBEC P4-6 Vehicle Control"
"GSE130348","STR:tgf_b","HGNC:11766","TGF-B 24H","Untreated"
"GSE130348","STR:tgf_b","HGNC:11766","TGF-B 48H","Untreated"
"GSE137779","STR:tgfb","HGNC:11766","TGFB","Control"
"GSE145850","STR:tgfb","HGNC:11766","TGFB 10d","Untreated"
"GSE145850","STR:tgfb","HGNC:11766","TGFB 6d","Untreated"
"GSE145850","STR:tgfb","HGNC:11766","TGFB 4d","Untreated"
"GSE145850","STR:tgfb","HGNC:11766","TGFB 2d","Untreated"
"GSE145850","STR:tgfb","HGNC:11766","TGFB 24d","Untreated"
"GSE145850","STR:tgfb","HGNC:11766","TGFB 4d","Untreated"
"GSE145850","STR:tgfb","HGNC:11766","TGFB 4d","Untreated"
"GSE145850","STR:tgfb","HGNC:11766","TGFB 4d","Untreated"
"GSE145850","STR:tgfb","HGNC:11766","TGFB 2d","Untreated"
"GSE145850","STR:tgfb","HGNC:11766","TGFB 6d","Untreated"
"GSE145850","STR:tgfb","HGNC:11766","TGFB 8d","Untreated"
"GSE145850","STR:tgfb","HGNC:11766","TGFB 10d","Untreated"
"GSE145850","STR:tgfb","HGNC:11766","TGFB 2d","Untreated"
"GSE145850","STR:tgfb","HGNC:11766","TGFB 4d","Untreated"
"GSE145850","STR:tgfb","HGNC:11766","TGFB 10d","Untreated"
"GSE145850","STR:tgfb","HGNC:11766","TGFB 2d","Untreated"
"GSE145850","STR:tgfb","HGNC:11766","TGFB 4d withdrawn","Untreated"
"GSE147045","STR:il17","HGNC:5981","Intestinal Epithelial Cells (IEC) treated with IL17","Intestinal Epithelial Cells (IEC) treated with Medium"
"GSE147045","STR:il17","HGNC:5981","Intestinal Epithelial Cells (IEC) treated with IL17","Intestinal Epithelial Cells (IEC) treated with Medium"
"GSE148248","STR:tgfb","HGNC:11766","HPAC + TGFb","HPAC + vehicle"
"GSE148248","STR:tgfb","HGNC:11766","PANC0327 + TGFb","PANC0327 + vehicle"
"GSE148248","STR:tgfb","HGNC:11766","PANC1 + TGFb","PANC1 + vehicle"
"GSE148248","STR:tgfb","HGNC:11766","PATU8902 + TGFb","PATU8902 + vehicle"
"GSE152250","STR:tgfb","HGNC:11766","Stellate Cells, TGFb, 24h","Stellate Cells, 24h, CTRL"
"GSE152250","STR:tgfb","HGNC:11766","Stellate Cells, TGFb, 48h","Stellate Cells, 48h, CTRL"
"GSE152250","STR:tgfb","HGNC:11766","Stellate Cells, TGFB, 6h","Stellate Cells, 6h, CTRL"
"GSE152438","STR:il17","HGNC:5981","IL17 stimulated","Control delayed"
"GSE152438","STR:il17","HGNC:5981","IL17 stimulated","Normal control"
"GSE152438","STR:il17","HGNC:5981","IL17 stimulated","Control delayed"
"GSE152438","STR:il17","HGNC:5981","IL17 stimulated","Normal control"
"GSE158542","STR:tgf_b","HGNC:11766","NHLF1 TGF-B","NHLF1 Vehicle Control"
"GSE158542","STR:tgf_b","HGNC:11766","NHLF2 TGF-B","NHLF2 Vehicle Control"
"GSE160990","STR:tgfb","HGNC:11766","TGFB","No Treatment"
"GSE168639","STR:tgfb","HGNC:11766","CAFs + TGFB","NFs + Control"
"GSE168639","STR:tgfb","HGNC:11766","CAFs + TGFB + 1% BDDGE scaffold","NFs + Control"
"GSE178518","STR:tgfb","HGNC:11766","Vehicle A + TGFb","Vehicle A"
"GSE178714","STR:tgfb","HGNC:11766","Wild-type, TGFB, 1h","Wild-type, untreated, 1h"
"GSE178714","STR:tgfb","HGNC:11766","Wild-type, TGFB, 24h","Wild-type, untreated, 24h"
"GSE178714","STR:tgfb","HGNC:11766","SMAD2/SMAD3 KO, TGFB, 1h","SMAD2/SMAD3 KO, untreated, 1h"
"GSE178714","STR:tgfb","HGNC:11766","SMAD2/SMAD3 KO, TGFB, 24h","SMAD2/SMAD3 KO, untreated, 24h"
"GSE178714","STR:tgfb","HGNC:11766","SMAD2/SMAD3 KO, TGFB, 1h","SMAD2/SMAD3 KO, untreated, 1h"
"GSE178714","STR:tgfb","HGNC:11766","SMAD2/SMAD3 KO, TGFB, 24h","SMAD2/SMAD3 KO, untreated, 24h"
"GSE182371","STR:tgf_b","HGNC:11766","Fibroblast TGF-B anti-Ig-G antibody","Fibroblast untreated"
"GSE182371","STR:tgf_b","HGNC:11766","Fibroblast TGF-B","Fibroblast untreated"
"GSE182372","STR:tgf_b","HGNC:11766","fibroblast TGF-B","fibroblast untreated"
"GSE182957","STR:il17","HGNC:5981","IL17","Bronchial epithelial cells differentiated on porous membrane under air-liquid interface condition"
"GSE185200","STR:il17","HGNC:5981","IL17","Untreated Control"
"GSE198683","STR:il_17","HGNC:5981","IL-17 (DonorID 3)","Control"
"GSE198683","STR:il_17","HGNC:5981","IL-17 (DonorID 4)","Control"
"GSE198683","STR:il_17","HGNC:5981","IL-17 (DonorID 1)","Control"
"GSE199154","STR:tgfb","HGNC:11766","TGFb 100 nM 16h DIV63","PBS 100 nM 16h DIV63"
"GSE199154","STR:tgfb","HGNC:11766","TGFb 100 nM 96h DIV63","PBS 100 nM 96h DIV63"
"GSE199225","STR:tgfb","HGNC:11766","PCOS, tgfb","PCOS, no treatment"
"GSE205378","STR:tgfb","HGNC:11766","Primary PrSC 1 TGFB Day 3","Primary PrSC 1 untreated"
"GSE205378","STR:tgfb","HGNC:11766","Primary PrSC 2 TGFB Day 3","Primary PrSC 2 untreated"
"GSE205378","STR:tgfb","HGNC:11766","Primary PrSC 3 TGFB Day 3","Primary PrSC 3 untreated"
"GSE205378","STR:tgfb","HGNC:11766","Primary PrSC 4 TGFB Day 3","Primary PrSC 4 untreated"
"GSE205378","STR:tgfb","HGNC:11766","Primary PrSC 5 TGFB Day 3","Primary PrSC 5 untreated"
"GSE215947","STR:tgf_b","HGNC:11766","TGF-B","Control"
"GSE219215","STR:tgfb","HGNC:11766","MCRIi019-A_D48_TGFb","MCRIi019-A_D69_chondrogenic_diff"
"GSE219215","STR:tgfb","HGNC:11766","MCRIi019-A_D48_TGFb_transgene","MCRIi019-A_D48_chondrogenic_diff_transgene"
"GSE225336","STR:tgfb","HGNC:11766","TGFB 48hrs","Ctrl 48hrs"
"GSE225336","STR:tgfb","HGNC:11766","TGFB 72hrs","Ctrl 72hrs"
"GSE225336","STR:tgfb","HGNC:11766","TGFB 24hrs","Ctrl 24hrs"
"GSE225549","STR:tgfb","HGNC:11766","Post-COVID Fibrosis TGFB","Post-COVID Fibrosis Control"
"GSE225549","STR:tgfb","HGNC:11766","IPF TGFB","IPF Control"
"GSE225549","STR:tgfb","HGNC:11766","Healthy Donor TGFB","Healthy Donor Control"
"GSE232640","STR:tgfb","HGNC:11766","TGFb treated LX2 cells","Untreated LX2 cells"
"GSE237690","STR:tgf_b","HGNC:11766","Lupus + TGF-B","Lupus + NoStim"
"GSE237690","STR:tgf_b","HGNC:11766","PSLE + TGF-B","PSLE + NoStim"
"GSE237690","STR:tgf_b","HGNC:11766","Psoriasis + TGF-B","Psoriasis + NoStim"
"GSE237690","STR:tgf_b","HGNC:11766","Control + TGF-B","Control + NoStim"
"GSE240476","STR:tgfb","HGNC:11766","Fibrotic tissue, TGFB","Fibrotic tissue, Vehicle"
"GSE240476","STR:tgfb","HGNC:11766","Non-fibrotic tissue, TGFB","Non-fibrotic tissue, Vehicle"
"GSE240476","STR:tgfb","HGNC:11766","Knee tissue, TGFB","Non-fibrotic tissue, Vehicle"
"GSE240476","STR:tgfb","HGNC:11766","Knee tissue, TGFB","Non-fibrotic tissue, Vehicle"
"GSE252315","STR:tgf_b","HGNC:11766","HMLE TGF-b Day1","HMLE Untreated Day1"
"GSE252315","STR:tgf_b","HGNC:11766","HMLE TGF-b Day4","HMLE Untreated Day4"
"GSE252315","STR:tgf_b","HGNC:11766","HMLE TGF-b Day7","HMLE Untreated Day7"
"GSE252315","STR:tgf_b","HGNC:11766","HMLE TGF-b Day10","HMLE Untreated Day10"
"GSE252315","STR:tgf_b","HGNC:11766","HMLE TGF-b Day15","HMLE Untreated Day15"
"GSE259376","STR:tgfb","HGNC:11766","Treated (TGFB)","Control (CON)"
"GSE262398","STR:tgfb","HGNC:11766","TGFb-treated SAEC","DMSO-treated SAEC"
"GSE59817","STR:tgfb","HGNC:11766","TGFb","Control"
"GSE59818","STR:tgfb","HGNC:11766","MCF10A + siCtrl + TGFb","MCF10A + siCtrl"
"GSE78276","STR:tgfb","HGNC:11766","TGFb","beads only"
"GSE88757","STR:tgfb","HGNC:11766","PANC-1 + TGFb 72h","PANC-1 + Vehicle 72h"
"GSE88757","STR:tgfb","HGNC:11766","PANC-1 + TGFb 72h (duplicate)","PANC-1 + Vehicle 72h"
"GSE89152","STR:tgfb","HGNC:11766","MCF10A TGFB Day1","MCF10A Vehicle Control"
"GSE90111","STR:tgfb","HGNC:11766","PANC1 TGFb","PANC1 DMSO"
"GSE93605","STR:tgfb","HGNC:11766","MDA231 + TGFB","MDA231 + vehicle"
"GSE93605","STR:tgfb","HGNC:11766","MDA231 + TGFB","MDA231 + vehicle"
