series_id	n_total	n_sc	frac_sc
GSE270928	5552	5552	1
GSE267774	3011	3011	1
GSE224449	1876	1876	1
GSE212782,GSE212786	1728	1728	1
GSE225331	1238	1238	1
GSE237817	1004	1004	1
GSE270484	935	935	1
GSE207824	925	925	1
GSE269792	854	854	1
GSE207802	838	838	1
GSE201339	768	768	1
GSE239582,GSE239583	766	766	1
GSE230467	598	598	1
GSE240114,GSE240128	389	389	1
GSE214265	384	384	1
GSE244721	264	264	1
GSE131747,GSE233715	253	253	1
GSE212666	242	242	1
GSE201443	192	192	1
GSE247519	192	192	1
GSE232107	180	180	1
GSE202126	134	134	1
GSE254034	123	123	1
GSE221180,GSE221181	115	115	1
GSE255299	96	96	1
GSE214146	93	93	1
GSE254569	92	92	1
GSE227136	89	89	1
GSE212217	82	82	1
GSE221884	78	78	1
GSE208418	76	76	1
GSE219098	57	57	1
GSE233574	51	51	1
GSE234069	51	51	1
GSE195665,GSE235326	47	47	1
GSE202051	45	45	1
GSE212212	44	44	1
GSE229232	42	42	1
GSE206283,GSE206284	41	41	1
GSE232391	41	41	1
GSE233605,GSE233682	40	40	1
GSE239799	40	40	1
GSE163194,GSE163219	38	38	1
GSE216501	38	38	1
GSE203499	37	37	1
GSE213982	35	35	1
GSE218429,GSE218431	35	35	1
GSE210661,GSE210694	34	34	1
GSE215915	34	34	1
GSE202813	32	32	1
GSE208337	32	32	1
GSE236566	32	32	1
GSE253212	31	31	1
GSE210115	30	30	1
GSE263565	30	30	1
GSE179640	29	29	1
GSE220116	28	28	1
GSE228598	28	28	1
GSE244781	28	28	1
GSE241130	27	27	1
GSE213897	26	26	1
GSE249279	26	26	1
GSE201348,GSE201349	25	25	1
GSE212854	25	25	1
GSE218040,GSE218043	24	24	1
GSE245187,GSE246960	24	24	1
GSE228763	22	22	1
GSE232523	22	22	1
GSE248256	21	21	1
GSE205417	20	20	1
GSE214637,GSE214979	20	20	1
GSE217930	20	20	1
GSE227903	20	20	1
GSE231977	20	20	1
GSE254241	20	20	1
GSE214865	19	19	1
GSE216335	19	19	1
GSE224661	19	19	1
GSE229253,GSE229706	19	19	1
GSE231859,GSE231860	19	19	1
GSE220243,GSE220244	18	18	1
GSE224941,GSE224942	18	18	1
GSE227640	18	18	1
GSE237204,GSE237215	18	18	1
GSE249874	18	18	1
GSE227690	17	17	1
GSE234357	17	17	1
GSE243977,GSE243981	17	17	1
GSE213849	16	16	1
GSE214607	16	16	1
GSE228315	16	16	1
GSE235663,GSE235665	16	16	1
GSE243545	16	16	1
GSE246624	16	16	1
GSE213330	15	15	1
GSE222761	15	15	1
GSE227635	15	15	1
GSE233230	15	15	1
GSE245403	15	15	1
GSE248496,GSE248497	15	15	1
GSE260657	15	15	1
GSE202109	14	14	1
GSE221042	14	14	1
GSE230689,GSE230705	14	14	1
GSE243292	14	14	1
GSE201197	13	13	1
GSE207044,GSE239293	13	13	1
GSE209947	13	13	1
GSE211956	13	13	1
GSE214085	13	13	1
GSE214411	13	13	1
GSE214695	13	13	1
GSE221739	13	13	1
GSE267718	13	13	1
GSE200972	12	12	1
GSE202352	12	12	1
GSE203262	12	12	1
GSE205095	12	12	1
GSE205665,GSE205666	12	12	1
GSE207130	12	12	1
GSE208625	12	12	1
GSE210358	12	12	1
GSE212270	12	12	1
GSE216329	12	12	1
GSE217689,GSE217690	12	12	1
GSE221534,GSE221536	12	12	1
GSE231993	12	12	1
GSE233254,GSE233293	12	12	1
GSE235168,GSE235169	12	12	1
GSE242779	12	12	1
GSE207784	11	11	1
GSE212837	11	11	1
GSE212966	11	11	1
GSE224727	11	11	1
GSE225278,GSE225282	11	11	1
GSE234778	11	11	1
GSE237034	11	11	1
GSE237855	11	11	1
GSE240001,GSE240002	11	11	1
GSE200984,GSE228500	10	10	1
GSE201153	10	10	1
GSE203384,GSE203385	10	10	1
GSE204928	10	10	1
GSE206125,GSE247691	10	10	1
GSE207176	10	10	1
GSE211560	10	10	1
GSE219133	10	10	1
GSE237579,GSE237581	10	10	1
GSE246169	10	10	1
GSE247036,GSE247038	10	10	1
GSE261012	10	10	1
GSE145809	9	9	1
GSE206578,GSE206580	9	9	1
GSE210040	9	9	1
GSE210661,GSE210695	9	9	1
GSE212447,GSE212450	9	9	1
GSE214383,GSE214700	9	9	1
GSE217245	9	9	1
GSE217561	9	9	1
GSE222011	9	9	1
GSE222315	9	9	1
GSE222872	9	9	1
GSE223599	9	9	1
GSE228078	9	9	1
GSE235723	9	9	1
GSE243076,GSE243077	9	9	1
GSE253664	9	9	1
GSE264592	9	9	1
GSE265801,GSE268630	9	9	1
GSE189748,GSE201327	8	8	1
GSE191286,GSE204779	8	8	1
GSE194019,GSE200981	8	8	1
GSE200880	8	8	1
GSE202410	8	8	1
GSE204796	8	8	1
GSE205589	8	8	1
GSE205641	8	8	1
GSE206710	8	8	1
GSE208108,GSE208112	8	8	1
GSE208156	8	8	1
GSE210943	8	8	1
GSE212740	8	8	1
GSE213069	8	8	1
GSE213352	8	8	1
GSE214088	8	8	1
GSE214985	8	8	1
GSE216203	8	8	1
GSE218483	8	8	1
GSE220155	8	8	1
GSE220956	8	8	1
GSE221316,GSE221320	8	8	1
GSE221390	8	8	1
GSE225814,GSE225817	8	8	1
GSE227488,GSE227656	8	8	1
GSE229006,GSE229007	8	8	1
GSE230227	8	8	1
GSE231794	8	8	1
GSE234307,GSE234347	8	8	1
GSE235917,GSE235920	8	8	1
GSE236696,GSE236698	8	8	1
GSE241037	8	8	1
GSE242894	8	8	1
GSE253963	8	8	1
GSE261170	8	8	1
GSE261806	8	8	1
GSE263995	8	8	1
GSE184257	7	7	1
GSE189748,GSE201328	7	7	1
GSE201534,GSE201535	7	7	1
GSE207475	7	7	1
GSE210063	7	7	1
GSE210523,GSE212396	7	7	1
GSE210792,GSE210793	7	7	1
GSE211836	7	7	1
GSE217968	7	7	1
GSE220313	7	7	1
GSE222007	7	7	1
GSE222647	7	7	1
GSE223793	7	7	1
GSE224955	7	7	1
GSE225700	7	7	1
GSE227222,GSE227223	7	7	1
GSE229008	7	7	1
GSE231559	7	7	1
GSE231812,GSE232078	7	7	1
GSE236177	7	7	1
GSE237230	7	7	1
GSE238120	7	7	1
GSE240458	7	7	1
GSE244267,GSE244270	7	7	1
GSE247600	7	7	1
GSE251754	7	7	1
GSE261589	7	7	1
GSE267814	7	7	1
GSE189600	6	6	1
GSE191089	6	6	1
GSE201256	6	6	1
GSE202052	6	6	1
GSE202374	6	6	1
GSE202919,GSE226391	6	6	1
GSE203248	6	6	1
GSE205013	6	6	1
GSE209635	6	6	1
GSE210523,GSE210681	6	6	1
GSE210750	6	6	1
GSE211593	6	6	1
GSE211630	6	6	1
GSE211783	6	6	1
GSE212559	6	6	1
GSE212584	6	6	1
GSE213364	6	6	1
GSE213798	6	6	1
GSE214286,GSE214289	6	6	1
GSE214422	6	6	1
GSE216177	6	6	1
GSE216651	6	6	1
GSE216852,GSE217084	6	6	1
GSE217014,GSE217015	6	6	1
GSE217511	6	6	1
GSE217956	6	6	1
GSE218123	6	6	1
GSE218607	6	6	1
GSE219153,GSE221853	6	6	1
GSE219280,GSE219281	6	6	1
GSE220829	6	6	1
GSE221297	6	6	1
GSE224273	6	6	1
GSE225190	6	6	1
GSE226237	6	6	1
GSE226925	6	6	1
GSE227691	6	6	1
GSE231920	6	6	1
GSE233280	6	6	1
GSE233747	6	6	1
GSE235604	6	6	1
GSE237538	6	6	1
GSE241096,GSE241097	6	6	1
GSE241505,GSE241507	6	6	1
GSE248762	6	6	1
GSE263747,GSE263748	6	6	1
GSE195665,GSE234817	5	5	1
GSE201586,GSE201654	5	5	1
GSE201859,GSE251695	5	5	1
GSE202234,GSE202919	5	5	1
GSE203380	5	5	1
GSE206923,GSE206924	5	5	1
GSE210889	5	5	1
GSE211388	5	5	1
GSE212896	5	5	1
GSE213004	5	5	1
GSE213216	5	5	1
GSE214374,GSE214376	5	5	1
GSE214569	5	5	1
GSE217542,GSE217543	5	5	1
GSE221648	5	5	1
GSE223128	5	5	1
GSE226228,GSE226231	5	5	1
GSE226602	5	5	1
GSE227734	5	5	1
GSE227781	5	5	1
GSE229067,GSE229071	5	5	1
GSE232822,GSE232824	5	5	1
GSE234832	5	5	1
GSE241723	5	5	1
GSE242230	5	5	1
GSE243981,GSE247128	5	5	1
GSE266219	5	5	1
GSE267644,GSE267646	5	5	1
GSE270667	5	5	1
GSE180732,GSE261140	4	4	1
GSE183432,GSE205704	4	4	1
GSE200324	4	4	1
GSE201794,GSE201795	4	4	1
GSE207921	4	4	1
GSE208034	4	4	1
GSE208052	4	4	1
GSE208585	4	4	1
GSE209623	4	4	1
GSE210059,GSE210061	4	4	1
GSE210119,GSE216111	4	4	1
GSE210248,GSE228644	4	4	1
GSE210833	4	4	1
GSE211617	4	4	1
GSE211661,GSE211664	4	4	1
GSE211870,GSE212090	4	4	1
GSE212461,GSE212482	4	4	1
GSE212944	4	4	1
GSE213282	4	4	1
GSE213290	4	4	1
GSE213519	4	4	1
GSE214207	4	4	1
GSE214361,GSE214914	4	4	1
GSE214572	4	4	1
GSE214973	4	4	1
GSE215405,GSE215406	4	4	1
GSE215842,GSE217326	4	4	1
GSE216858,GSE216859	4	4	1
GSE217508	4	4	1
GSE218121	4	4	1
GSE218331	4	4	1
GSE218985,GSE218988	4	4	1
GSE219249	4	4	1
GSE220661	4	4	1
GSE220830	4	4	1
GSE220969	4	4	1
GSE221156	4	4	1
GSE221342	4	4	1
GSE221561	4	4	1
GSE222952	4	4	1
GSE223236	4	4	1
GSE223550	4	4	1
GSE223964	4	4	1
GSE224144	4	4	1
GSE224252	4	4	1
GSE225600	4	4	1
GSE226438	4	4	1
GSE227874	4	4	1
GSE227954	4	4	1
GSE228370	4	4	1
GSE229202	4	4	1
GSE230300	4	4	1
GSE230439	4	4	1
GSE230563	4	4	1
GSE232498	4	4	1
GSE233405	4	4	1
GSE233785,GSE233786	4	4	1
GSE234987	4	4	1
GSE235255	4	4	1
GSE237622	4	4	1
GSE241042,GSE241043	4	4	1
GSE247238	4	4	1
GSE249669	4	4	1
GSE250378	4	4	1
GSE250414	4	4	1
GSE263364	4	4	1
GSE263365	4	4	1
GSE193321	3	3	1
GSE194189,GSE238138	3	3	1
GSE201463	3	3	1
GSE202292	3	3	1
GSE202642	3	3	1
GSE202731,GSE202733	3	3	1
GSE203183,GSE203190	3	3	1
GSE203274,GSE203275	3	3	1
GSE205243	3	3	1
GSE205977,GSE205978	3	3	1
GSE206143	3	3	1
GSE206256	3	3	1
GSE206332	3	3	1
GSE206638	3	3	1
GSE207104	3	3	1
GSE207493	3	3	1
GSE207749	3	3	1
GSE207817	3	3	1
GSE210199	3	3	1
GSE210229,GSE210231	3	3	1
GSE210337	3	3	1
GSE210956	3	3	1
GSE211400	3	3	1
GSE211429	3	3	1
GSE212309	3	3	1
GSE212901	3	3	1
GSE213047	3	3	1
GSE213569	3	3	1
GSE214283,GSE214284	3	3	1
GSE215428	3	3	1
GSE218621,GSE220114	3	3	1
GSE218629	3	3	1
GSE218843	3	3	1
GSE219210	3	3	1
GSE219253	3	3	1
GSE220251,GSE220289	3	3	1
GSE221321	3	3	1
GSE221343	3	3	1
GSE223738	3	3	1
GSE223756	3	3	1
GSE223815	3	3	1
GSE223848	3	3	1
GSE224143	3	3	1
GSE224333,GSE224336	3	3	1
GSE224404	3	3	1
GSE224964	3	3	1
GSE225168,GSE225169	3	3	1
GSE225652	3	3	1
GSE227166,GSE227167	3	3	1
GSE230375	3	3	1
GSE230568,GSE230569	3	3	1
GSE232536	3	3	1
GSE234181,GSE234185	3	3	1
GSE234261	3	3	1
GSE235009	3	3	1
GSE235938	3	3	1
GSE236136,GSE236142	3	3	1
GSE240118,GSE240120	3	3	1
GSE240580	3	3	1
GSE241563	3	3	1
GSE241834,GSE241837	3	3	1
GSE242197,GSE242198	3	3	1
GSE243112	3	3	1
GSE244028,GSE244032	3	3	1
GSE245719	3	3	1
GSE245891	3	3	1
GSE245906,GSE245909	3	3	1
GSE246183	3	3	1
GSE249263	3	3	1
GSE254645	3	3	1
GSE261618	3	3	1
GSE266117,GSE266161	3	3	1
GSE108241	2	2	1
GSE158115,GSE201441	2	2	1
GSE169431,GSE208033	2	2	1
GSE200456	2	2	1
GSE200487	2	2	1
GSE201230	2	2	1
GSE201425	2	2	1
GSE201523	2	2	1
GSE201675	2	2	1
GSE201857,GSE201859	2	2	1
GSE202092	2	2	1
GSE202253	2	2	1
GSE202435,GSE202438	2	2	1
GSE202542	2	2	1
GSE203191	2	2	1
GSE205145	2	2	1
GSE205219	2	2	1
GSE205310	2	2	1
GSE205611	2	2	1
GSE205765	2	2	1
GSE205766	2	2	1
GSE206326	2	2	1
GSE206507	2	2	1
GSE206712,GSE206713	2	2	1
GSE206924,GSE242995	2	2	1
GSE207726,GSE207808	2	2	1
GSE207809	2	2	1
GSE207993	2	2	1
GSE208195	2	2	1
GSE208360	2	2	1
GSE210038,GSE210042	2	2	1
GSE210664	2	2	1
GSE210786	2	2	1
GSE212721	2	2	1
GSE213462,GSE213463	2	2	1
GSE213902	2	2	1
GSE214210	2	2	1
GSE214231	2	2	1
GSE214521	2	2	1
GSE214538	2	2	1
GSE215908	2	2	1
GSE215922	2	2	1
GSE215936	2	2	1
GSE216019	2	2	1
GSE216999	2	2	1
GSE217273	2	2	1
GSE217720	2	2	1
GSE217868	2	2	1
GSE218022	2	2	1
GSE218210,GSE218213	2	2	1
GSE218212	2	2	1
GSE218258,GSE218262	2	2	1
GSE218457	2	2	1
GSE218722	2	2	1
GSE219023,GSE219026	2	2	1
GSE219165	2	2	1
GSE220206	2	2	1
GSE220207	2	2	1
GSE220468	2	2	1
GSE221300,GSE224679	2	2	1
GSE221344	2	2	1
GSE221592	2	2	1
GSE221691	2	2	1
GSE222144	2	2	1
GSE222476,GSE222888	2	2	1
GSE223078	2	2	1
GSE223309,GSE223354	2	2	1
GSE223561,GSE223581	2	2	1
GSE224045	2	2	1
GSE224081	2	2	1
GSE224095	2	2	1
GSE224193,GSE224194	2	2	1
GSE224559	2	2	1
GSE224995,GSE224997	2	2	1
GSE225147	2	2	1
GSE225199	2	2	1
GSE225475	2	2	1
GSE225527,GSE263256	2	2	1
GSE225775	2	2	1
GSE226160	2	2	1
GSE226225	2	2	1
GSE226427,GSE226428	2	2	1
GSE227731,GSE227733	2	2	1
GSE228647	2	2	1
GSE229104	2	2	1
GSE229121,GSE229123	2	2	1
GSE229224	2	2	1
GSE229379	2	2	1
GSE229402	2	2	1
GSE229608,GSE229609	2	2	1
GSE229858,GSE229861	2	2	1
GSE230629,GSE230631	2	2	1
GSE231651,GSE231653	2	2	1
GSE232462	2	2	1
GSE232525	2	2	1
GSE232767	2	2	1
GSE233387	2	2	1
GSE233844	2	2	1
GSE233917	2	2	1
GSE234620	2	2	1
GSE234743	2	2	1
GSE234919,GSE251938	2	2	1
GSE235436,GSE235437	2	2	1
GSE235998,GSE239795	2	2	1
GSE236197	2	2	1
GSE237274	2	2	1
GSE238001	2	2	1
GSE238090	2	2	1
GSE240441	2	2	1
GSE240688	2	2	1
GSE241441,GSE241444	2	2	1
GSE241499	2	2	1
GSE241543	2	2	1
GSE241889	2	2	1
GSE242695	2	2	1
GSE242997	2	2	1
GSE243005,GSE243006	2	2	1
GSE243367	2	2	1
GSE243401	2	2	1
GSE243639	2	2	1
GSE243750,GSE260461	2	2	1
GSE244739,GSE244748	2	2	1
GSE245387,GSE245389	2	2	1
GSE247322	2	2	1
GSE248247	2	2	1
GSE249570,GSE249581	2	2	1
GSE251730	2	2	1
GSE254282	2	2	1
GSE254301	2	2	1
GSE260658	2	2	1
GSE260842	2	2	1
GSE263931	2	2	1
GSE263932	2	2	1
GSE264303	2	2	1
GSE264694	2	2	1
GSE267243	2	2	1
GSE269596,GSE269600	2	2	1
GSE270989	2	2	1
GSE166612	1	1	1
GSE168940	1	1	1
GSE188443,GSE242465	1	1	1
GSE189748,GSE201329	1	1	1
GSE190597	1	1	1
GSE191286,GSE204819	1	1	1
GSE195476,GSE223339	1	1	1
GSE200257	1	1	1
GSE200452	1	1	1
GSE200629	1	1	1
GSE200743	1	1	1
GSE201091	1	1	1
GSE201891,GSE201898	1	1	1
GSE202096	1	1	1
GSE202735,GSE202747	1	1	1
GSE202950,GSE202951	1	1	1
GSE202964,GSE202967	1	1	1
GSE203084,GSE203085	1	1	1
GSE203530	1	1	1
GSE204723	1	1	1
GSE205490	1	1	1
GSE205720	1	1	1
GSE206153	1	1	1
GSE206587	1	1	1
GSE206696	1	1	1
GSE206744	1	1	1
GSE206893	1	1	1
GSE207630	1	1	1
GSE208235	1	1	1
GSE208317,GSE208319	1	1	1
GSE208434	1	1	1
GSE209888,GSE209889	1	1	1
GSE210513	1	1	1
GSE210762	1	1	1
GSE210961,GSE210962	1	1	1
GSE211036,GSE211095	1	1	1
GSE211603	1	1	1
GSE212109	1	1	1
GSE212341	1	1	1
GSE212388	1	1	1
GSE212945	1	1	1
GSE212953	1	1	1
GSE213522,GSE213523	1	1	1
GSE213803	1	1	1
GSE213835	1	1	1
GSE214237	1	1	1
GSE214444	1	1	1
GSE214469	1	1	1
GSE214508,GSE214509	1	1	1
GSE214611	1	1	1
GSE214827	1	1	1
GSE215376	1	1	1
GSE215403	1	1	1
GSE215825	1	1	1
GSE215930,GSE215931	1	1	1
GSE215938	1	1	1
GSE216040	1	1	1
GSE216244	1	1	1
GSE216364,GSE216365	1	1	1
GSE216534	1	1	1
GSE216544	1	1	1
GSE217792	1	1	1
GSE217845,GSE217847	1	1	1
GSE217976	1	1	1
GSE218000	1	1	1
GSE218207,GSE218213	1	1	1
GSE219153,GSE262111	1	1	1
GSE219275,GSE219276	1	1	1
GSE220300	1	1	1
GSE221169,GSE221170	1	1	1
GSE221500	1	1	1
GSE221581	1	1	1
GSE221616	1	1	1
GSE221687,GSE221688	1	1	1
GSE221731,GSE221743	1	1	1
GSE221849	1	1	1
GSE222200	1	1	1
GSE222448,GSE222750	1	1	1
GSE222649	1	1	1
GSE223033,GSE223036	1	1	1
GSE223125,GSE223371	1	1	1
GSE223222,GSE223223	1	1	1
GSE223886	1	1	1
GSE224156	1	1	1
GSE224334,GSE224336	1	1	1
GSE225275,GSE225276	1	1	1
GSE225352	1	1	1
GSE225807,GSE225809	1	1	1
GSE226099,GSE226473	1	1	1
GSE226202	1	1	1
GSE226329	1	1	1
GSE226488	1	1	1
GSE226606,GSE226607	1	1	1
GSE227151	1	1	1
GSE227435	1	1	1
GSE227508,GSE227587	1	1	1
GSE227586,GSE227587	1	1	1
GSE227971	1	1	1
GSE228120,GSE228121	1	1	1
GSE228428	1	1	1
GSE228912,GSE229123	1	1	1
GSE229122,GSE229123	1	1	1
GSE229148	1	1	1
GSE229166	1	1	1
GSE229169	1	1	1
GSE229578,GSE239932	1	1	1
GSE229617	1	1	1
GSE229823	1	1	1
GSE230207	1	1	1
GSE230308	1	1	1
GSE230538	1	1	1
GSE231370	1	1	1
GSE232131	1	1	1
GSE232222	1	1	1
GSE232237	1	1	1
GSE232567	1	1	1
GSE232766	1	1	1
GSE232897	1	1	1
GSE233046	1	1	1
GSE233276,GSE233277	1	1	1
GSE233487	1	1	1
GSE233615	1	1	1
GSE233766	1	1	1
GSE233953	1	1	1
GSE234577	1	1	1
GSE235760	1	1	1
GSE236099	1	1	1
GSE236309	1	1	1
GSE236382	1	1	1
GSE236738	1	1	1
GSE237007	1	1	1
GSE237148	1	1	1
GSE239544,GSE239558	1	1	1
GSE239548,GSE239558	1	1	1
GSE239556,GSE239558	1	1	1
GSE239736	1	1	1
GSE239931,GSE239932	1	1	1
GSE240358,GSE240363	1	1	1
GSE240869	1	1	1
GSE241385	1	1	1
GSE241594,GSE241691	1	1	1
GSE241683,GSE241838	1	1	1
GSE241683,GSE241882	1	1	1
GSE241989	1	1	1
GSE241996	1	1	1
GSE242086,GSE242087	1	1	1
GSE242330	1	1	1
GSE242757,GSE242777	1	1	1
GSE242909	1	1	1
GSE242972	1	1	1
GSE243275,GSE243280	1	1	1
GSE243325	1	1	1
GSE243572	1	1	1
GSE243905	1	1	1
GSE244031	1	1	1
GSE244053	1	1	1
GSE244831	1	1	1
GSE245674	1	1	1
GSE245729	1	1	1
GSE245920	1	1	1
GSE246368	1	1	1
GSE246535	1	1	1
GSE246842	1	1	1
GSE247037,GSE247038	1	1	1
GSE247205	1	1	1
GSE247542	1	1	1
GSE247613	1	1	1
GSE247690,GSE247691	1	1	1
GSE247692	1	1	1
GSE248401	1	1	1
GSE248717	1	1	1
GSE249319	1	1	1
GSE249793	1	1	1
GSE249909	1	1	1
GSE251912,GSE251913	1	1	1
GSE251990	1	1	1
GSE252331	1	1	1
GSE252522,GSE252524	1	1	1
GSE253419	1	1	1
GSE253903,GSE253904	1	1	1
GSE255188	1	1	1
GSE255245	1	1	1
GSE256130	1	1	1
GSE260685	1	1	1
GSE261353	1	1	1
GSE261706	1	1	1
GSE261811	1	1	1
GSE263230	1	1	1
GSE264363	1	1	1
GSE264624	1	1	1
GSE266897	1	1	1
GSE267098	1	1	1
GSE268210	1	1	1
GSE268458	1	1	1
GSE270109	1	1	1
GSE270917	1	1	1
GSE271107	1	1	1
GSE272070	1	1	1
GSE231523	15	14	0.933333333333333
GSE261788	18	16	0.888888888888889
GSE232873	18	14	0.777777777777778
GSE254205	74	57	0.77027027027027
GSE196825	8	6	0.75
GSE212038	4	3	0.75
GSE223492,GSE223496	4	3	0.75
GSE163952	22	16	0.727272727272727
GSE199359,GSE199373	23	16	0.695652173913043
GSE201704	3	2	0.666666666666667
GSE205606	3	2	0.666666666666667
GSE205607	3	2	0.666666666666667
GSE223489,GSE223496	3	2	0.666666666666667
GSE223490,GSE223496	3	2	0.666666666666667
GSE230348	3	2	0.666666666666667
GSE179159	8	5	0.625
GSE212996,GSE212998	15	9	0.6
GSE154873	7	4	0.571428571428571
GSE239651	62	35	0.564516129032258
GSE211362	37	20	0.540540540540541
GSE232073,GSE232074	24	12	0.5
GSE244889	12	6	0.5
GSE211562	4	2	0.5
GSE179681	2	1	0.5
GSE184526	2	1	0.5
GSE185472	2	1	0.5
GSE209676	2	1	0.5
GSE210376	2	1	0.5
GSE215253	2	1	0.5
GSE223484,GSE223496	2	1	0.5
GSE223488,GSE223496	2	1	0.5
GSE223491,GSE223496	2	1	0.5
GSE224550	2	1	0.5
GSE269631	2	1	0.5
GSE199378	11	5	0.454545454545455
GSE240361	5	2	0.4
GSE250077	5	2	0.4
GSE173950	72	28	0.388888888888889
GSE189347	18	6	0.333333333333333
GSE147275	15	5	0.333333333333333
GSE198234,GSE198235	6	2	0.333333333333333
GSE190815	3	1	0.333333333333333
GSE212582	3	1	0.333333333333333
GSE220994	10	3	0.3
GSE181518	7	2	0.285714285714286
GSE216883,GSE216885	7	2	0.285714285714286
GSE213394	28	7	0.25
GSE231577	8	2	0.25
GSE189782	21	5	0.238095238095238
GSE181294	51	12	0.235294117647059
GSE239626	26	6	0.230769230769231
GSE180059	13	3	0.230769230769231
GSE239750	15	3	0.2
GSE243665	5	1	0.2
GSE252114	5	1	0.2
GSE216731	15	2	0.133333333333333
GSE185991,GSE185993	31	4	0.129032258064516
GSE233413	16	2	0.125
GSE223071	8	1	0.125
GSE253235	17	2	0.117647058823529
GSE157329	75	7	0.0933333333333333
GSE213972	14	1	0.0714285714285714
GSE175521,GSE216225	15	1	0.0666666666666667
GSE145862	33	2	0.0606060606060606
