"cluster_id","materiale_misto","n_studi_model","n_studi_primary","n_studi_unknown"
"cgroup_L5_004d293d",FALSE,1,0,4
"cgroup_L5_00fd9348",FALSE,0,0,3
"cgroup_L5_021e875e",FALSE,5,0,12
"cgroup_L5_034592d9",FALSE,0,0,3
"cgroup_L5_03b38818",FALSE,2,0,6
"cgroup_L5_03d0ca7b",FALSE,0,1,2
"cgroup_L5_05322ba1",FALSE,0,0,3
"cgroup_L5_089ccae5",FALSE,1,0,4
"cgroup_L5_0e66597e",FALSE,1,0,11
"cgroup_L5_10344dfd",FALSE,1,0,3
"cgroup_L5_12212e41",TRUE,2,2,4
"cgroup_L5_12228932",FALSE,0,0,5
"cgroup_L5_16525349",TRUE,1,1,2
"cgroup_L5_17b35bdc",FALSE,1,0,3
"cgroup_L5_17b55386",FALSE,0,1,3
"cgroup_L5_1bbf4b9b",TRUE,1,5,0
"cgroup_L5_1d96b9da",FALSE,5,0,5
"cgroup_L5_1e8a735e",FALSE,0,0,3
"cgroup_L5_2248a891",TRUE,1,1,1
"cgroup_L5_24ae0579",FALSE,0,0,3
"cgroup_L5_28bee975",FALSE,1,0,2
"cgroup_L5_2987cdb6",FALSE,1,0,6
"cgroup_L5_29cb04f8",FALSE,2,0,4
"cgroup_L5_2a225fda",FALSE,0,1,3
"cgroup_L5_2ab433c8",FALSE,2,0,4
"cgroup_L5_2d53def6",FALSE,2,0,1
"cgroup_L5_2e16719f",TRUE,10,3,36
"cgroup_L5_2ec87595",TRUE,3,1,4
"cgroup_L5_31308596",FALSE,1,0,4
"cgroup_L5_33673560",TRUE,1,1,7
"cgroup_L5_3370a794",FALSE,0,0,4
"cgroup_L5_3439da02",TRUE,1,1,2
"cgroup_L5_344e058f",FALSE,1,0,2
"cgroup_L5_356eedd3",FALSE,0,0,3
"cgroup_L5_35d1be10",FALSE,0,1,7
"cgroup_L5_37942548",FALSE,2,0,2
"cgroup_L5_37ecd157",FALSE,0,1,3
"cgroup_L5_3824dc37",TRUE,1,1,4
"cgroup_L5_387b0d1a",FALSE,0,2,1
"cgroup_L5_3973fe03",FALSE,0,1,3
"cgroup_L5_3a0a595f",TRUE,2,1,7
"cgroup_L5_3a58e5f5",FALSE,1,0,2
"cgroup_L5_3a625868",FALSE,0,1,3
"cgroup_L5_3b461817",FALSE,1,0,3
"cgroup_L5_3be7454c",FALSE,1,0,2
"cgroup_L5_3d8c29f4",FALSE,3,0,1
"cgroup_L5_3de56a79",FALSE,0,2,1
"cgroup_L5_3eaa92c9",FALSE,2,0,3
"cgroup_L5_3ec58cd6",FALSE,1,0,6
"cgroup_L5_3f0cc1fe",FALSE,0,1,3
"cgroup_L5_3fa847fe",FALSE,0,1,2
"cgroup_L5_4041e3af",TRUE,2,1,2
"cgroup_L5_41f7b088",FALSE,4,0,3
"cgroup_L5_444e7fc2",FALSE,4,0,5
"cgroup_L5_455fe91d",FALSE,0,1,2
"cgroup_L5_469db990",FALSE,0,0,3
"cgroup_L5_46a3a103",FALSE,1,0,6
"cgroup_L5_4753688f",FALSE,2,0,5
"cgroup_L5_479c6221",FALSE,1,0,4
"cgroup_L5_49d55bfd",TRUE,1,1,8
"cgroup_L5_49e290ae",FALSE,0,0,3
"cgroup_L5_4b901bf1",TRUE,2,5,2
"cgroup_L5_4be9e90d",FALSE,1,0,3
"cgroup_L5_4d535f25",FALSE,2,0,1
"cgroup_L5_4f4d9051",FALSE,0,1,5
"cgroup_L5_516200d1",FALSE,0,0,3
"cgroup_L5_522fa0c2",FALSE,0,2,2
"cgroup_L5_523e64b9",FALSE,1,0,2
"cgroup_L5_535d97f6",FALSE,1,0,8
"cgroup_L5_5927750b",FALSE,1,0,3
"cgroup_L5_5929f298",FALSE,1,0,2
"cgroup_L5_5b9a08fb",FALSE,0,0,3
"cgroup_L5_5d97d5b1",FALSE,1,0,2
"cgroup_L5_5e0c0fae",FALSE,0,1,3
"cgroup_L5_601ede7b",TRUE,2,2,6
"cgroup_L5_63e69fdc",FALSE,0,3,3
"cgroup_L5_6b7b8076",FALSE,0,3,0
"cgroup_L5_6df6a50e",FALSE,4,0,9
"cgroup_L5_6ee86f02",TRUE,1,1,1
"cgroup_L5_702a5dea",TRUE,2,1,6
"cgroup_L5_721184e6",FALSE,3,0,8
"cgroup_L5_729b276d",TRUE,1,2,0
"cgroup_L5_74daf1c9",FALSE,0,4,0
"cgroup_L5_7784bb43",TRUE,1,2,3
"cgroup_L5_7805eee6",TRUE,1,2,4
"cgroup_L5_7934174c",FALSE,2,0,7
"cgroup_L5_79a73ac5",TRUE,1,1,5
"cgroup_L5_79b3a442",FALSE,0,1,2
"cgroup_L5_79ce3bd1",FALSE,0,1,5
"cgroup_L5_81b706c4",FALSE,0,0,3
"cgroup_L5_828ae0cb",FALSE,1,0,3
"cgroup_L5_82f82010",TRUE,1,1,3
"cgroup_L5_8341bee7",FALSE,1,0,2
"cgroup_L5_83b1f88c",FALSE,1,0,2
"cgroup_L5_83f57274",TRUE,4,2,19
"cgroup_L5_840b7e36",FALSE,0,1,2
"cgroup_L5_844de383",FALSE,0,0,5
"cgroup_L5_85083e38",TRUE,2,1,7
"cgroup_L5_862cd9b9",FALSE,0,0,3
"cgroup_L5_871ae09e",TRUE,11,2,20
"cgroup_L5_87c40ebb",FALSE,2,0,17
"cgroup_L5_889ec305",TRUE,2,3,2
"cgroup_L5_8958b27a",FALSE,1,0,4
"cgroup_L5_8a54ddd6",TRUE,2,1,11
"cgroup_L5_8ac307e0",TRUE,2,1,1
"cgroup_L5_8c9339f5",TRUE,1,1,3
"cgroup_L5_8eca612e",FALSE,0,0,3
"cgroup_L5_905be893",TRUE,1,2,14
"cgroup_L5_92f4f307",FALSE,1,0,2
"cgroup_L5_93068469",FALSE,1,0,3
"cgroup_L5_930c8dcf",FALSE,12,0,11
"cgroup_L5_964c6389",TRUE,1,1,1
"cgroup_L5_96c9f7bf",TRUE,1,2,1
"cgroup_L5_988d478d",FALSE,0,4,0
"cgroup_L5_99d7941a",FALSE,1,0,4
"cgroup_L5_9bb4734d",FALSE,0,0,3
"cgroup_L5_9bdf0dcb",FALSE,0,0,3
"cgroup_L5_9f0ea111",TRUE,2,1,0
"cgroup_L5_a12414d4",FALSE,2,0,8
"cgroup_L5_a25d0964",FALSE,2,0,8
"cgroup_L5_a32e5eaa",FALSE,3,0,11
"cgroup_L5_a3c3e08c",FALSE,0,3,0
"cgroup_L5_a3f0c959",FALSE,1,0,2
"cgroup_L5_a4029927",TRUE,1,1,2
"cgroup_L5_a69fcae5",FALSE,0,2,2
"cgroup_L5_a6fd82fa",FALSE,1,0,4
"cgroup_L5_a739837c",TRUE,1,1,1
"cgroup_L5_a7509255",FALSE,1,0,3
"cgroup_L5_a8015c98",FALSE,0,0,4
"cgroup_L5_a8d88150",TRUE,1,1,2
"cgroup_L5_a8ff7b6d",FALSE,0,1,4
"cgroup_L5_aa8c1d6d",FALSE,1,0,4
"cgroup_L5_aad8ed47",FALSE,1,0,2
"cgroup_L5_ae11259e",TRUE,1,2,1
"cgroup_L5_ae969461",FALSE,1,0,2
"cgroup_L5_aecd610f",TRUE,1,3,10
"cgroup_L5_b0066299",FALSE,0,2,2
"cgroup_L5_b2affd22",FALSE,0,3,3
"cgroup_L5_b32ab7f6",TRUE,1,1,5
"cgroup_L5_b5db4aff",FALSE,0,0,4
"cgroup_L5_b6b8bc00",TRUE,2,1,12
"cgroup_L5_b71a25a2",TRUE,3,1,20
"cgroup_L5_b9c77320",FALSE,0,1,3
"cgroup_L5_b9e7806c",FALSE,0,0,3
"cgroup_L5_bb8cb388",FALSE,0,3,4
"cgroup_L5_bd19fe42",FALSE,0,8,1
"cgroup_L5_be15b706",TRUE,1,1,10
"cgroup_L5_c040a36d",TRUE,1,2,1
"cgroup_L5_c054e202",FALSE,1,0,5
"cgroup_L5_c0d1d837",FALSE,4,0,15
"cgroup_L5_c3ae78cd",FALSE,0,5,5
"cgroup_L5_c548d053",TRUE,6,6,23
"cgroup_L5_c5e86fe9",FALSE,0,0,7
"cgroup_L5_cf34c533",FALSE,1,0,2
"cgroup_L5_d28620cd",FALSE,2,0,1
"cgroup_L5_d2c64672",FALSE,2,0,2
"cgroup_L5_d411c435",FALSE,2,0,3
"cgroup_L5_d53bf74e",FALSE,2,0,1
"cgroup_L5_d631ee89",FALSE,0,2,1
"cgroup_L5_d7abf612",FALSE,1,0,2
"cgroup_L5_d7ad915e",TRUE,2,1,4
"cgroup_L5_d8006c5b",FALSE,1,0,2
"cgroup_L5_d9e23e09",TRUE,8,2,22
"cgroup_L5_dc7451b1",FALSE,3,0,4
"cgroup_L5_dcce160a",FALSE,2,0,2
"cgroup_L5_dd2a13de",FALSE,0,2,1
"cgroup_L5_dd2a1a58",TRUE,1,2,2
"cgroup_L5_dde29fb4",FALSE,2,0,6
"cgroup_L5_debadb13",FALSE,1,0,2
"cgroup_L5_df599af1",FALSE,0,4,1
"cgroup_L5_e16bfa7f",FALSE,1,0,2
"cgroup_L5_e17c136b",FALSE,1,0,2
"cgroup_L5_e294a3bc",FALSE,1,0,2
"cgroup_L5_e7eebebd",TRUE,1,2,0
"cgroup_L5_ea4a1823",FALSE,0,0,3
"cgroup_L5_eb5e1e65",TRUE,5,1,7
"cgroup_L5_eba39954",FALSE,0,1,3
"cgroup_L5_ee94648c",FALSE,1,0,2
"cgroup_L5_eedd08cb",FALSE,1,0,2
"cgroup_L5_efced505",FALSE,1,0,8
"cgroup_L5_f2139c4f",FALSE,2,0,1
"cgroup_L5_f29dd3b3",FALSE,0,3,2
"cgroup_L5_f34ff8df",FALSE,1,0,2
"cgroup_L5_f56d966d",FALSE,1,0,2
"cgroup_L5_f640365a",FALSE,1,0,2
"cgroup_L5_f832048f",FALSE,0,3,2
"cgroup_L5_f94b6180",FALSE,5,0,17
"cgroup_L5_f956ef98",FALSE,2,0,3
"cgroup_L5_f9cc41b3",FALSE,1,0,2
"cgroup_L5_fd0c6a79",TRUE,1,1,2
"cgroup_L5_ff78d2a8",FALSE,2,0,1
