"record_id","ckey","entita","study","ent_nel_controllo","ent_nel_trattato","n_agenti_trattato","n_agenti_controllo","tl","cl"
"GSE180240__GSE180240__grp_0005_vs_grp_0004","CHEBI:32588||gain||vehicle_untreated","CHEBI:32588","GSE180240",TRUE,TRUE,1,1,"hESC-derived Neurons, KCl_Harringtonin, 6h","hESC-derived Neurons, KCl_DMSO, 6h"
"GSE208405__GSE208405__AD_ciclosporin_vs_AD_none","CHEBI:4031||gain||vehicle_untreated","CHEBI:4031","GSE208405",TRUE,TRUE,1,1,"Atopic Dermatitis Ciclosporin Treated","Atopic Dermatitis Before Ciclosporin Treatment"
"GSE208405__GSE208405__AD_ciclosporin_vs_AD_none","CHEBI:4031||gain||vehicle_untreated","CHEBI:4031","GSE208405",TRUE,TRUE,1,1,"Atopic Dermatitis Ciclosporin Treated","Atopic Dermatitis Before Ciclosporin Treatment"
"GSE208405__GSE208405__AD_ciclosporin_vs_AD_none","CHEBI:4031||gain||vehicle_untreated","CHEBI:4031","GSE208405",TRUE,TRUE,1,1,"Atopic Dermatitis Ciclosporin Treated","Atopic Dermatitis Before Ciclosporin Treatment"
"GSE208405__GSE208405__AD_ciclosporin_vs_AD_none","CHEBI:4031||gain||vehicle_untreated","CHEBI:4031","GSE208405",TRUE,TRUE,1,1,"Atopic Dermatitis Ciclosporin Treated","Atopic Dermatitis Before Ciclosporin Treatment"
"GSE214475__GSE214475__grp_0002_vs_grp_0001","HGNC:5991||gain||vehicle_untreated","HGNC:5991","GSE214475",TRUE,TRUE,1,1,"CD4+ T-cell, IL1A","CD4+ T-cell, vehicle"
"GSE228291__GSE228291__grp_0003_vs_grp_0004","CHEBI:16411||gain||vehicle_untreated","CHEBI:16411","GSE228291",TRUE,TRUE,1,1,"IAA only","IAA control only"
"GSE241565__GSE241565__grp_0002_vs_grp_0001","CHEBI:4167||gain||vehicle_untreated","CHEBI:4167","GSE241565",TRUE,TRUE,1,1,"High Glucose (30 mM, 8 days)","Control (5.5 mM glucose, 8 days)"
"GSE65354__GSE65354__grp_0002_vs_grp_0001","CHEMBL:CHEMBL265582||gain||vehicle_untreated","CHEMBL:CHEMBL265582","GSE65354",TRUE,TRUE,1,2,"TNF-alpha stimulated","Control (Cytosolic Hsp60 normal and TNF-alpha negative)"
