cluster_id,kind,canonical_name,k,n_resolved,n_control_types,n_control_types_semantic,frac_degenerate,consistency_score,median_I2,pi_frac_excl0,dd_verdict,contrast_verdict,meta_analysis_valid,dd_reason
group_L4_02a1fb3f,small_molecule,bleomycin A<small><sub>2</sub></small>,6,10,1,1,0,0.17587796819601964,82.41220318039804,0.436439905161408,one_contrast,coherent,FALSE,"Tutti i controlli sono baseline 'no bleomycin' (control/Control/Vehicle Control/Control without transgene) e il trattato include sempre 'Bleomycin' anche nelle combo (Alpha-Lipoic Acid, Curcumin, NAD+, NMN, PCC1); un solo asse sperimentale bleomicina-vs-controllo, testato in sfondi genetici diversi (with/without transgene)."
group_L4_0438515a,genetic_knockdown,hepatocellular carcinoma,35,33,14,5,0,0.9999222504938806,0.00777495061193708,0.5510752688172043,multi_contrast,minestrone,FALSE,"Canonical name is a disease category; contrasts pool unrelated knockdowns (ARID2, FTO, INO80, CDK4/6, hnRNPU, FASRL, FENDRR, MPI, BRG1/BRM, MLX, PHF5A, PRMT5), a ctnnb1-genotype disease stratification ('HBV, ctnnb1_status_mut' vs 'ctnnb1_status_wt'), an antibody-drug contrast ('anti-Gremlin-1 Ab' vs 'Isotype control Ab'), cytokine stimulation (TGFbeta, TNFalpha), and a donor-vs-donor comparison ('siNT Donor A' vs 'siNT Donor C')."
group_L4_05753d11,small_molecule,ibuprofen,41,57,6,10,0,0.9999998695260152,1.304739848587662e-5,0.5569620253164557,multi_contrast,minestrone,FALSE,"Il cluster mescola artrite reumatoide con metotrexato, anti-TNF pre/post, K562+YM115/Imatinib (leucemia), bedaquilina (TB), teplizumab AbATE (diabete T1), fibrosi cistica con Orkambi, e leucemia linfatica cronica per stadio Binet: solo poche righe 'Ibuprofen Sodium...' sono realmente ibuprofene, il resto sono malattie e farmaci completamente scorrelati."
group_L4_059b2e2f,genetic_knockdown,DHX9,4,6,4,1,0,0.8063522020809726,19.36477979190275,0.4245614035087719,multi_contrast,minestrone,FALSE,"5/6 contrasts are unspecified 'SiRNA knockdown' in neuroblastoma cell line/tissue vs 'Scramble control', but 'SY5Y + siSETD8' targets the unrelated gene SETD8 vs 'SY5Y + siCTR' - a different target mixed in."
group_L4_073a3d38,genetic_overexpression,KRAS,4,13,4,4,0,0.9866559689228174,1.3344031077182643,0.5424121935056329,multi_contrast,minestrone,FALSE,"controlli eterogenei tra sistemi distinti: 'Control (Vehicle Only)' usato per contrasti '(Disease Model)' (8/13 contrasti, incluso 'KRAS WT (Disease Model) => Control (Vehicle Only)') contro 'H1299_KRASWT', 'BEAS-2B + empty vector' e 'KRAS WT (control)' propri di linee cellulari transfettate separate: sistemi/design diversi non riconducibili a un unico baseline."
group_L4_07e626c9,disease_vs_normal,Friedreich's ataxia,27,22,7,8,0,0.742280217998813,25.77197820011869,0.4089068825910931,multi_contrast,minestrone,FALSE,"Solo 1/22 contrasti e' realmente Friedreich's ataxia ('Friedreich's ataxia fibroblasts => Normal fibroblasts (37 years)'); il resto mescola cheloidi, cicatrici ipertrofiche, psoriasi, melanoma, lupus (SLE) e GVHD ('lichen planus lesion of cGVHD => Healthy Control') sotto lo stesso cluster fibroblasti/pelle."
group_L4_0a2f157f,cytokine_stim,lenvatinib,4,8,2,2,0,0.9999856751608024,0.00143248391974844,0.4712682760965658,multi_contrast,minestrone,FALSE,"Most contrasts are clean lenvatinib vs vehicle/untreated, but 'Lenvatinib => Control (shNC)' uses a scrambled-shRNA vector baseline, a genetic-control axis distinct from the DMSO/untreated pharmacological baselines used elsewhere."
group_L4_0cdb8ff6,genetic_knockout,BATF,8,22,2,7,0,0.9996692797358324,0.03307202641675674,0.5654450261780105,multi_contrast,minestrone,FALSE,"Canonical gene BATF appears in NO contrast; instead pools an HPRT CRISPR gene-therapy correction ('RNP + AAV6_BG_HPRT' vs 'Mock'), a monocyte trisomy disease-model, a 15q13.3 microdeletion case-control, cystic-fibrosis-related knockouts ('C1P08MA_CF_Knockout' vs 'Healthy_Control'), limb-girdle muscular dystrophy patient samples (LGMDD2), a CAR-T tumor-challenge experiment, and a SPOP-KO+BET-inhibitor drug study - completely disconnected from the anchor."
group_L4_0e22aa23,genetic_knockdown,colon cancer,24,23,10,4,0,0.8791174575218363,12.088254247816373,0.39325842696629215,multi_contrast,minestrone,FALSE,"Canonical name is a disease category, not a gene; contrasts pool unrelated knockdowns (LONP1, CDH11, CSE1L, PiHL, TCF7L1, ADNP, FOXA1, CHD4), a heat-shock stress axis ('...+42°C for one hour and recovery...'), a Nutlin (MDM2 inhibitor) drug factorial, a trisomy-21 disease-model contrast, a colitis-fibroblast case-control, and a miRNA-inhibitor contrast - no shared target."
group_L4_0e9fd40c,genetic_overexpression,NA,10,16,4,7,0,0.9999887017094412,0.00112982905589553,0.7125603864734299,multi_contrast,minestrone,FALSE,"controlli e trattati coprono esperimenti scollegati: 'CUGexp => CUGexp-' (espansione ripetuta CUG), 'H460_IACS-010759_transgene_NDI1 => H460_DMSO_transgene_NDI1' (test farmacologico su cellule col transgene costante, non overexpression), 'IMR90 OIS cells => IMR90 proliferating cells (vehicle)' (senescenza) e 'NLS3A-mutant induced => NLS3A-mutant non-induced' (mutante inducibile)."
group_L4_10c49214,small_molecule,puromycin aminonucleoside,10,16,4,6,0,0.9999914531768528,8.546823147247431e-4,0.5861538461538461,multi_contrast,minestrone,FALSE,"Solo 'Puromycin Aminonucleoside-treated Podocytes => Untreated Podocytes' e' realmente PAN; il resto e' ciclosporina A (CsA1-4), FG4592/roxadustat, farmaci T48xx su biopsie renali LN, sunitinib in RCC, tapsigargina+BRD4780, e persino un confronto di stadio tumorale (Wilms Tumor Non-Anaplastic vs Anaplastic) senza alcun farmaco: minestrone di farmaci e assi malattia completamente diversi."
group_L4_12db7a61,cytokine_stim,1-(β-<small>D</small>-galactosyl)-2-(2-hydroxyacyl)sphingosine,8,10,3,3,0,1,0,0.5965346534653465,multi_contrast,minestrone,FALSE,"Treated side mixes three different stimuli against 'untreated'-type controls: TNF-alpha (Dermal Fibroblast/Epidermis/Melanoma), EGF ('EGF stimulated' vs 'Untreated (control)'), and interferon-gamma (Fibroblast/IFNAR1 Patient vs vehicle_only/No Treatment)."
group_L4_13354282,genetic_knockdown,KLF4,24,29,10,5,0,0.9999682875537144,0.00317124462855674,0.6272965879265092,multi_contrast,minestrone,FALSE,"Only the 'anti-KLF4 shRNA' holoclone contrasts target KLF4; the cluster also pools unrelated knockdowns (siSBNO2, siNrf2, Brg1/Brm), aneuploidy disease case-control (Trisomic vs Disomic skin fibroblasts, x2), progeria/Werner-syndrome ASO studies ('HGPS + L1 ASO' vs 'HGPS + scramble ASO', 'WS + L1 ASO' vs 'WS + scramble ASO'), and a TGFb1+Wnt-3a cytokine-treatment factorial - multiple unrelated axes."
group_L4_14810c92,environmental,SARS-CoV-2 vaccine,3,5,3,3,0,1,0,0.4760638297872341,multi_contrast,minestrone,FALSE,"Two 'Activated Tfh Post-vaccine day7 => day0' timecourse contrasts are genuine vaccine-response biology, but 'Day10/Day7 + Diff. Medium => DMSO Day10+' is an unrelated differentiation-vs-DMSO experiment with no vaccine mention, and 'PAGE D3 => Mock D3' introduces yet another undefined perturbation axis."
group_L4_179bb38a,disease_vs_normal,psoriasis,5,9,2,4,0,1,0,0.7162162162162162,multi_contrast,minestrone,FALSE,"3 of 9 contrasts ('Psoriasis (MUC20509/15/16) => Atopic Eczema (MUC20520/25/24)') compare psoriasis to a DIFFERENT disease (atopic eczema) rather than to a healthy control, alongside genuine disease-vs-normal contrasts ('Teff_psoriasis => Teff_healthy', 'Conventional Psoriatic Skin 2 => Healthy Control Skin')."
group_L4_1a309d8f,environmental,ionizing radiation,12,19,5,6,0,0.99987636063235,0.01236393676500207,0.8160919540229885,multi_contrast,minestrone,FALSE,"Nonostante l'anchor 'ionizing radiation', solo una minoranza dei contrasti è radiazione ('BEAS-2B 10th passage, 0.5 Gy => ... Ctrl'); il resto è BPCO vs normale ('COPD Bronchial Epithelium (Donor 1) => Normal Bronchial Epithelium'), estratto di fumo di sigaretta ('CSE-treated HBECs from COPD smokers => Untreated HBECs from COPD smokers'), sigaretta elettronica, prodotto da tabacco riscaldato e fumo da waterpipe vs non-fumatore: assi di esposizione del tutto diversi."
group_L4_1b22e019,small_molecule,Doxycycline,8,17,10,7,0.058823529411764705,0.7439106077724466,25.608939222755343,0.24786324786324787,multi_contrast,minestrone,FALSE,"Molti contrasti confrontano varianti costrutto BRD4 (dCTM/dBD/FL) tutte con dox presente su entrambi i lati (asse genetico, non dox-vs-no-dox), e altri usano spiperone, Akti-1/2, JIB-04, o il knockout MET: solo 'Dox WT => DMSO WT' e 'HCT116 passage 44...doxycycline 0.3 ug/mL => vehicle' sono realmente dox-vs-no-dox; frac_degenerate 17.6% conferma coppie trattato==controllo."
group_L4_1b42ff33,pathogen_or_aggregate_exposure,Lipopolysaccharide,11,36,5,6,0,0.9997583354662068,0.02416645337931331,0.6523672508501177,multi_contrast,minestrone,FALSE,"nessun contrasto riguarda davvero LPS (canonical_name dichiarato) nonostante il nome: il cluster raccoglie 'Whole blood, COVID-19 positive/negative' (10x), 'HRV15 Day1-4 => Control Day0' (rhinovirus), 'Adenovirus, Diarrhea Case => No Pathogen, Control', 'ChAdOx,mRNA-1273 => V3' (vaccino) e 'Herpes Zoster active => Healthy control': patogeni e disegni completamente diversi."
group_L4_1bc4e885,disease_vs_normal,ipf,8,31,2,2,0,0.7755488077779991,22.445119222200095,0.3305921052631579,multi_contrast,minestrone,FALSE,"~18 contrasts (e.g. 'IPF_P1_Sma1C/Sma1P', 'IPF_P9_Sma9C/Sma9P') are labeled multi_arm_treatment and compared against 'IPF_P5_Control', a fellow IPF patient sample not a healthy control - a within-disease comparison distinct from the genuine 'IPF Lung Tissue => Normal Lung Tissue' axis."
group_L4_1c30f36e,environmental,heat shock,7,10,1,5,0,0.8955063543137514,10.449364568624866,0.4630659253375695,multi_contrast,minestrone,FALSE,"Sotto l'anchor 'heat shock' convivono esposizione a fumo filtrato/di legna ('A549 Filtered Smoke => A549 Control'), prodotto da tabacco riscaldato, trattamento con immunoglobulina IL3IgG, accorciamento dei telomeri ('Telomere shortening => Untreated') e radiazione ionizzante ('WI-38 Ionizing Radiation 10 Gy => WI-38 Control') oltre al vero shock termico: assi di stress cellulare diversi."
group_L4_1ce0f97a,environmental,cancer,6,8,4,4,0,1,0,0.7808219178082192,multi_contrast,minestrone,FALSE,"Include resistenza a gefitinib in PDX di cSCC, marcatori Kir in PDX di linfoma NK/T ('ENKTL1_PDX_KirNeg_02 Tumor => ENKTL1_PDX_Veh_04 Tumor'), risposta pre/post trattamento generica ('Post-treatment NR => Pre-treatment NR') e stimolazione ex-vivo di linfociti tumorali: quattro assi cancro/trattamento non comparabili."
group_L4_1ec72ee3,disease_vs_normal,Parkinson's disease,5,6,2,2,0,1,0,0.7485148514851485,multi_contrast,minestrone,FALSE,"5/6 contrasts are genuine PD vs healthy control (Control Age79/Age49/CAU/PUT) but 'PD substantia nigra BN05-17 => PD substantia nigra NZ-PD8' pairs PD tissue against PD tissue, a degenerate disease-vs-disease pair not disease-vs-normal."
group_L4_1eff5361,small_molecule,docetaxel anhydrous,4,4,1,1,0,0.6020569482931366,39.79430517068634,0.31391986782321357,one_contrast,coherent,TRUE,"Tutti e 4 i contrasti sono docetaxel/chemioterapia vs controllo/vehicle/pre-trattamento (DU145 control, PM154 vehicle, Control PDX, Control Pre-Chemohormonal Therapy), stesso asse farmaco-vs-baseline anche se un caso e' disegno pre/post longitudinale."
group_L4_1f404c0b,pathogen_or_aggregate_exposure,influenza virus,25,46,6,8,0,0.08276506304002806,91.7234936959972,0.09257781324820431,multi_contrast,minestrone,FALSE,"sotto 'influenza virus' compaiono 'Calu3 Omicron (BA.1) 2h => Calu3 Mock 10h' (SARS-CoV-2), 'Infected with SARS-CoV2 => Mock-infected' (SARS-CoV-2), 'MRC-5, HIV-1, 4 hours post-infection => MRC-5, mock infection' (HIV-1), 'IMR90 MCPyV ST 88h => IMR90 GFP' (poliomavirus di Merkel) e persino 'MDA-MB-231 orthotopic mouse tumor => MDA-MB-231 co-cultured with mouse tumor (control)', uno xenograft tumorale mammario senza alcun patogeno."
group_L4_23d99677,disease_vs_normal,Bacterial Infections,3,3,3,1,0,NA,NA,NA,one_contrast,coherent,FALSE,"All 3 contrasts ('Affected Blood'/'Bacterial infection'/'Blood cells from affected individuals' vs 'Unaffected Blood'/'Healthy'/'Blood cells from unaffected controls') are the same bacterial-infection-vs-healthy-blood baseline, just phrased differently."
group_L4_25bd1011,small_molecule,TNP-ATP<small><sup>5−</small></sup>,3,5,1,1,0,NA,NA,NA,one_contrast,coherent,FALSE,"Tutti i 5 contrasti sono Sunitinib vs DMSO/Vehicle Control (stesso composto, dosi/tempi diversi); il canonical_name 'TNP-ATP' non corrisponde a nessun contrasto reale ma i controlli/trattati pooled sono internamente coerenti su un solo composto."
group_L4_26908081,small_molecule,5-aza-2'-deoxycytidine,11,15,6,7,0,0.6855451049570387,31.44548950429613,0.47980997624703087,multi_contrast,minestrone,FALSE,"Solo 'HCT116 + 5-Aza => ...w/o treatment' e 'DAC2_DMSO_4day => DMSO_4day' sono realmente 5-aza/decitabina; gli altri contrasti usano spiperone, DFO (deferoxamina), Nutlin (inibitore MDM2), un inibitore G9a, un sistema DOX-inducibile ZEB2 (asse genetico) e supplementazione di metionina: composti/assi non correlati mescolati."
group_L4_274f387d,pathogen_or_aggregate_exposure,Mycobacterium tuberculosis,59,172,24,12,0,0.1024471424894574,89.75528575105426,0.07034795763993948,multi_contrast,minestrone,FALSE,"cluster enorme (k=59) in cui la tubercolosi è minoritaria: dominano COVID-19 ('COVID-19 ICU 2 => COVID-19 NO ICU', 'COVID-positive Neutrophils => COVID-negative Neutrophils', più contrasti Age/Sex-matched), sepsi neonatale ('Confirmed late-onset sepsis (fetal) => No late-onset sepsis (fetal)') e dengue ('Dengue fever (Group A) => Other Febrile Illness'): patogeni e condizioni cliniche del tutto diversi pooled insieme."
group_L4_27d69ee2,pathogen_or_aggregate_exposure,dengue virus,7,13,8,6,0,1,0,0.08140947752126367,multi_contrast,minestrone,FALSE,"contiene 'COVID-19 patients => Healthy controls' del tutto estraneo al dengue, un modello di challenge CHMI ('Pathogen exposure V07T0 => CHMI V07T0,D170'), timecourse vaccinale per soggetto (day0=>day28) e coppie quasi-degeneri veicolo-vs-veicolo ('Vehicle vac day2 V01A => Vehicle vac day2 V01A,D002'); frac_degenerate=0.3846 conferma l'incoerenza."
group_L4_2bd06550,small_molecule,prostate cancer,5,8,2,4,0,1,0,0.4504201680672269,multi_contrast,minestrone,FALSE,"Il cluster mescola DHT ed R1881 (agonisti androgenici) con Enzalutamide (antagonista, direzione opposta: 'LNCaP PRRX2 + ENZ => LNCaP PRRX2 + DMSO'), su sfondi genetici diversi (RB1 KO, RBL2 KO, TP53 KO come 'controlli' distinti), piu' un sistema dTAG di degradazione EZH2 non correlato ad androgeni: assi sperimentali e persino direzioni farmacologiche opposte pooled insieme."
group_L4_2c92ab19,disease_vs_normal,primary sjogren's syndrome,3,3,1,1,0,1,0,0.5303867403314917,one_contrast,coherent,TRUE,All 3 contrasts are Primary Sjogren's syndrome vs an age-matched healthy control - single consistent disease-vs-normal axis.
group_L4_2d512638,disease_vs_normal,colorectal cancer,170,116,22,8,0,0.21861314467393844,78.13868553260616,0.1398264223722276,multi_contrast,minestrone,FALSE,"Mixes case_control_disease (colon cancer vs adjacent/paired normal tissue) with genetic multi_arm_treatment ('APC/TP53/KRAS/SMAD4 mutant, STAR positive => Normal colon, STAR negative, expansion medium') and RNA/drug-treatment axes ('Colon Cancer Organoids - Autophagy-High => ...No Treatment', 'Colon fibroblast - Cancer - Treated with RNA (CA4) => ...Untreated')."
group_L4_2e0cc780,genetic_knockdown,"RNA, Small Interfering",7,9,7,3,0,0.7545039740053898,24.549602599461014,0.4091580502215657,multi_contrast,minestrone,FALSE,"Canonical name is a generic technique term ('RNA, Small Interfering'), not a gene; pools unrelated gene knockdowns (CD36, LINC00094, ELL, FOXC1, HNRNPL, TFAM, WNT4) against varied controls ('Control (GFP) siRNA', 'Transgene stable control', scrambled siRNA) - by construction a technique-based pool, not one contrast."
group_L4_2f25f949,environmental,Major Depressive Disorder,20,45,11,9,0.022222222222222223,1,0,0.8888888888888888,multi_contrast,minestrone,FALSE,"I contrasti coprono disturbo da uso di oppioidi ('OUD... => Control - No Perturbation'), disturbo da alcol ('AlcoholUseDisorder_465g_day_Subject_23 => Control_Subject_2'), Alzheimer ('Alzheimer's disease brain tissue (control)'), glioma post-trattamento ('Glioma patient Ge822... after standard treatment => ... before standard treatment'), epilessia time-course ('Epilepsy Grey Matter 12 hour => ... 0 hour') e MDD ('MDD => Control, Accident'): malattie e assi completamente diversi, non un solo contrasto MDD."
group_L4_32c7c22b,disease_vs_normal,"Carcinoma, Non-Small-Cell Lung",73,96,15,8,0.010416666666666666,0.723365975977343,27.663402402265703,0.4327485380116959,multi_contrast,minestrone,FALSE,"Beyond the dominant clean paired tumor-vs-adjacent-lung contrasts, distinct_controls reveal TKI drug-sensitivity panels ('NCI-H1581 sensitive', cell-line percentage-mixture experiments), an unrelated 'Mild Asthma Baseline' control, a mismatched 'Normal kidney tissue' control, and a 'Low perfusion group' physiological-state control."
group_L4_3424eeb5,environmental,ovarian cancer,7,13,3,4,0,1,0,0.5945330296127562,multi_contrast,minestrone,FALSE,"Mescola cellule del cumulo ovocitario in un contesto IVF ('Cumulus Cells P+ A11 => Cumulus Cells Control', non oncologico), risposta a chemio neoadiuvante ('NACT Post-treatment => NACT Pre-treatment'), resistenza al platino vs controlli per età ('Platinum resistant (Age 47) => Control (Age 45)') e trattamento con PTX/irradiazione ('PTX+gamma irradiation => PBS+gamma irradation'): assi sperimentali eterogenei."
group_L4_34c767eb,genetic_overexpression,breast cancer,20,21,7,9,0,0.9999641177889392,0.00358822110609178,0.48366013071895425,multi_contrast,minestrone,FALSE,"mescola farmacoresistenza (endocrina/tamoxifene/trastuzumab/PARP), mimic miRNA multipli, overexpression virale LMP1 in linea nasofaringea HK1 (non-mammaria), e contiene coppie con linee cellulari mismatched come controllo, es. 'Trastuzumab-resistant JIMT-1 => Breast adenocarcinoma SKBR3' e 'MDAMB231 wildtype.g2 => HCC1806 wildtype.g2'."
group_L4_3551bca6,pathogen_or_aggregate_exposure,Cytomegalovirus,3,10,6,6,0.1,NA,NA,NA,multi_contrast,minestrone,FALSE,"mescola CMV, Epatite C e Tubercolosi/BCG: 'CMV-infected, D-7, 7 days, BCG vaccinated => M.tb-uninfected, D-7, 7 days, BCG vaccinated' introduce l'asse M.tuberculosis/vaccino BCG, e 'Hepatitis C 3 months => Hepatitis C 3 months' è una coppia degenere (trattato==controllo), coerente con frac_degenerate=0.2."
group_L4_361f17eb,pathogen_or_aggregate_exposure,Neisseria meningitidis,4,20,5,2,0,0.9999935472871416,6.452712858486192e-4,0.27403846153846156,multi_contrast,minestrone,FALSE,"Pools vaccine-timecourse contrasts (""Vaccination Day 2 => Vaccination Day 0"", ""Post-vaccination Treated ... => Pre-vaccination Control"") with a separate NAAT carriage-status axis (""MenACWY CT NAAT result: +ve => MenACWY CT -ve"") - vaccine response vs infection/carriage status are two different questions."
group_L4_36e14ea8,environmental,X-RAY RADIATION,3,4,2,1,0,1,0,0.563768115942029,one_contrast,coherent,TRUE,"Tutti i contrasti sono dose di raggi X vs 0 Gy nello stesso disegno ('X-ray (2 Gy, 24h) => Control (0 Gy)', 'BEAS-2B X-ray radiation => BEAS-2B control', 'Irradiation 6h => Control'): un solo asse sperimentale (radiazione)."
group_L4_376946ce,pathogen_or_aggregate_exposure,Hepatitis C virus,26,54,11,7,0,0.9999792472105032,0.0020752789496756,0.5904761904761905,multi_contrast,minestrone,FALSE,"Mixes HBV-infection contrasts (""HBV-infected HCC => Uninfected HCC""), HCV-infection contrasts (""HCV Infected => Uninfected Control""), HCC tumor-genotype baselines (""Hepatocellular carcinoma, ctnnb1_status_wt""), NBNC-HCC viral-negative tumor controls, and an unrelated ""Lung Lung squamous cell carcinoma Pt73_M"" control under one ""Hepatitis C virus"" anchor."
group_L4_37890ccf,disease_vs_normal,Liver Cirrhosis,4,6,2,2,0,1,0,0.76780568135035,multi_contrast,minestrone,FALSE,"Il cluster 'Liver Cirrhosis' contiene 2/6 contrasti di epatocarcinoma ('Hepatocellular carcinoma => Adjacent non-HCC tissue', 'Tumor hepatocyte => Normal hepatocyte'), un asse oncologico distinto dalla stadiazione di fibrosi/cirrosi (F0F1/F2/F3F4) del resto del cluster."
group_L4_378e0efe,environmental,Immunization,4,20,2,2,0,1,0,0.860981308411215,one_contrast,coherent,TRUE,"Tutti i contrasti riguardano l'effetto della vaccinazione nel tempo, sia vs braccio mock-immunizzato parallelo ('Immunized at 35 days => Mock Immunized at 35 days') sia vs baseline pre-dose nello stesso soggetto ('Immunized, Visit Day 14 => Immunized, Visit Day 000'): due strategie di controllo per la stessa domanda biologica (immunizzazione), non assi diversi."
group_L4_37b30c58,pathogen_or_aggregate_exposure,Plasmodium falciparum,7,42,3,6,0,0.9998850471749328,0.01149528250673532,0.3030852994555354,multi_contrast,minestrone,FALSE,"Mixes RTS,S/AS01 vaccine pre/post contrasts (""RTS,S/AS01 012 Day of Challenge => RTS,S/AS01 012 PreVAC""), a different vaccine platform (""Ad35.CS+RTSS+RTSS...=> Control - Reference Blood""), CHMI infection-challenge donor timecourses (""Infected - after_second_inf_C7 => Uninfected - before_first_inf_baseline""), and unrelated in-vitro ""Media D0/D90/D150"" controls."
group_L4_37d46677,cytokine_stim,PF4,3,7,3,1,0,0.9999997022254248,2.9777457515480535e-5,0.3548387096774194,multi_contrast,minestrone,FALSE,"Controls are uniformly unstimulated/resting baselines, but treated arm escalates from CXCL4 alone to CXCL4+ORN8L to 3-4-way combinations with NSA and GSK872 pathway inhibitors - single-agent vs multi-agent combination experiments confounded together."
group_L4_38ce0d4d,environmental,Hypoxia,5,15,5,1,0,0.7139942437676977,28.600575623230228,0.09869848156182212,one_contrast,coherent,TRUE,"Tutti i 15 contrasti sono ipossia vs normossia nello stesso disegno ('2242-1 Hypoxia 24h => 2242-1 Control 24h', 'U87-MG cell line, hypoxia => U87-MG cell line, normoxia', 'HEB 5% hypoxia => HEB normoxia') ripetuto su più linee cellulari e timepoint: un solo asse baseline (normossia/nessuna esposizione)."
group_L4_3915499e,small_molecule,Pam3CSK4,7,7,3,5,0,1,0,0.3032069970845481,multi_contrast,minestrone,FALSE,"Only 2/7 contrasts are actual Pam3CSK4-vs-DMSO pairs; the rest are a different adjuvant (""GLA-SE => Alum""), heat-killed mycobacteria (""HKM 24hr => Untreated 24hr""), an HTLV-1/TCQ drug study, and a generic unrelated ""Drug Treated Clinical Response => Clinical Response Baseline""."
group_L4_39e71aca,small_molecule,abiraterone,7,7,1,1,0,0.9999483700956512,0.00516299043486643,0.564625850340136,multi_contrast,minestrone,FALSE,"Il lato controllo e' coerente (vehicle/DMSO/untreated) ma il lato trattato mescola composti scorrelati: KW2449 (inibitore multi-chinasico), SP-2509 (inibitore LSD1), AU-15330 (degradatore SWI/SNF), Zenith-3694 (composto non identificato) - solo 'A4B17' (2 righe) e' plausibilmente correlato ad abiraterone, il resto sono farmaci diversi pooled sotto lo stesso nome."
group_L4_3b27bc1c,differentiation,NA,13,13,7,6,0,0.9999972301679592,2.76983204071646e-4,0.4854423292273236,multi_contrast,minestrone,FALSE,"'Differentiation' cluster pools normal ESC/iPSC differentiation timecourses with disease-vs-healthy comparisons at matched differentiation stage ('Bipolar Disorder - Differentiation' vs 'Healthy Control - Differentiation', 'FXS neuroepithelia' vs 'Healthy neuroepithelia'), a SNP genotype contrast (rs7132908 G>A), and GBM cancer-stem-cell differentiation."
group_L4_3b83ac87,small_molecule,palbociclib,9,11,2,1,0,0.43131659565450287,56.86834043454971,0.28950642886768974,multi_contrast,minestrone,FALSE,"10/11 contrasti sono palbociclib (da solo o in combo con fulvestrant/indisulam) vs vehicle/DMSO/NegCtrl, ma 'T47D + GDC0068 10h => T47D + NegCtrl 10h' e' ipatasertib (inibitore AKT), un composto completamente diverso senza palbociclib: il lato trattato include almeno un farmaco estraneo."
group_L4_3b8583a4,pathogen_or_aggregate_exposure,Hepatitis B virus,19,46,6,7,0,1,0,0.4528301886792453,multi_contrast,minestrone,FALSE,"combina infezione HBV in vitro (donor timecourse, con mismatch di giorno/donatore es. 'Donor2 HBV D6 => Donor2 Mock 12h'), test farmacologici su reporter cccDNA (cccR07/cccR08 vs vehicle, HBV+Rimonabant vs HBV_DMSO) e confronto tessuto clinico 'HCC Non-recurrent Tumor (HBV) => ... Adjacent Normal': disegni sperimentali diversi (infezione, farmaco, tumore-vs-normale)."
group_L4_3c38c897,small_molecule,tamoxifen,13,21,8,3,0,0.5567379959227157,44.32620040772843,0.3590308370044053,multi_contrast,minestrone,FALSE,"'MCF-7_SR2211 => MCF-7_control-siRNA' e 'MCF-7_SR2211_rep2 => MCF-7_DMSO' usano SR2211 (antagonista RORgamma), non tamoxifene/4-OHT, e uno dei controlli e' un siRNA control (asse genetico) invece di vehicle: composto e asse sperimentale diversi mescolati col tamoxifene reale (4-OHT, TAM)."
group_L4_3d6e0820,disease_vs_normal,atopic dermatitis,46,85,8,7,0.023529411764705882,0.4090367993544557,59.09632006455443,0.1721419185282523,multi_contrast,minestrone,FALSE,"'Alzheimer's Disease (AD) => Healthy Control (HC)' e 'Central Centrifugal Cicatricial Alopecia (CCCA) Skin Biopsies => Normal Control (NC)' sono malattie completamente diverse (probabile collisione sulla sigla 'AD') infilate sotto 'atopic dermatitis', insieme a un asse genetico ('AGO mutant => Wild-type control') e trattamento CMN ('CMN AC8950 => CMN Untreated')."
group_L4_3dc3ae01,cytokine_stim,Interleukin-1beta,4,7,4,1,0,0.9998883810564956,0.01116189435042977,0.6857223317375387,multi_contrast,minestrone,FALSE,"Most contrasts are clean IL-1beta vs untreated/PBS, but 'IL-1beta + Ze14 (20%)' and 'IL-1beta and TNF-alpha' combine IL-1beta with another compound/cytokine, a different experimental question from isolated IL-1beta stimulation."
group_L4_409b14a2,genetic_knockdown,DDX46,4,4,3,3,0,0.9998219735265724,0.01780264734274322,0.5352380952380953,multi_contrast,minestrone,FALSE,"4 contrasts span unrelated axes: PGC1a knockdown+drug '991' vs 'siCont for 16 hours', PKM knockdown ('shPKM') vs 'Control (shCtrl)', an unlabeled 'Oligo (4VIC)' vs 'Control (Monosomes)' ribosome-profiling contrast, and PRP5 siRNA vs 'Negative control siRNA' - no shared target linking all four."
group_L4_44024b09,cytokine_stim,IL25,27,47,6,9,0,1,0,0.5706401766004415,multi_contrast,minestrone,FALSE,"Cluster labeled IL25 pools COVID severity staging (wpi vs Healthy Control), anti-CD3/CD28 T-cell activation, Treg-induction drug cocktails, unrelated diseases (Sjogren's, alcoholic hepatitis, cervical artery dissection), hemodialysis, anti-PD-1 immunotherapy, and NK-T coculture - none of the shown contrasts mention IL-25 itself."
group_L4_455cb1f4,genetic_overexpression,miR-9/9*-124,5,8,2,2,0,0.16526321953678802,83.4736780463212,0.1809666541775946,unclear,uncertain,FALSE,"metà dei contrasti usa l'etichetta generica 'Treated (Coriell AGxxxx) => Control (Coriell AGxxxx)' senza specificare la perturbazione, mentre altri mostrano 'miR-9/9*-124 + sh7SK' (combo con shRNA aggiuntivo): non verificabile dalle sole etichette se tutti i bracci condividono lo stesso asse miR-9/9*-124."
group_L4_482e8f25,small_molecule,indole-3-acetic acid,9,18,4,8,0,0.9999823140327544,0.00176859672457285,0.5223880597014925,multi_contrast,minestrone,FALSE,"Only ""HUDEP-2 cells treated with IAA => ...without IAA"" is a true IAA contrast; the rest are food-allergen exposures (2S albumin/7S globulin), ART antiretroviral treatment, statins, and an anti-CD3 antibody (hOKT3) study, all under the ""indole-3-acetic acid"" anchor."
group_L4_4888bee2,pathogen_or_aggregate_exposure,Staphylococcus epidermidis,3,6,1,1,0,0.9995836064888942,0.04163935111058091,0.16559691912708602,one_contrast,coherent,TRUE,"tutti i contrasti sono esposizione a Staphylococcus epidermidis (da sola o con costimolo citochinico IL-22/IFNg) confrontata contro lo stesso baseline semantico 'untreated'/'diluent control': un solo asse sperimentale (risposta a S. epidermidis), citochine come modulatori non come assi separati."
group_L4_48a7ac19,small_molecule,cisplatin,8,20,2,1,0,1,0,0.5550847457627118,multi_contrast,minestrone,FALSE,"Genuine cisplatin-vs-vehicle contrasts are mixed with unlabeled ""Combination"" arms (""A549...Combination => ...Vehicle""), a generic ""chemotherapy"" arm, and a structurally different platinum compound (""MRC5 Tetra-Pt(bpy) => MRC5 control"")."
group_L4_4aa7b249,genetic_knockdown,HOXB13,3,9,5,2,0,0.5440330382505408,45.59669617494592,0.37376237623762376,multi_contrast,minestrone,FALSE,Mixes genuine 'shHOXB13'/'siHoxB13' knockdown-vs-scramble contrasts (vs 'LNCaP plko.1'/'PC3 pGIPZ'/'22RV1 siControl') with a separate androgen-treatment axis nested in HOXB13-perturbed backgrounds ('shHOXB13 + R1881' vs 'shHOXB13 + EtOH'; rescue+R1881 vs rescue+EtOH) - a drug-vehicle axis distinct from the genetic-knockdown axis.
group_L4_4b3cd9cd,genetic_knockdown,prostate cancer,59,81,33,6,0,0.17662018646856825,82.33798135314318,0.20186335403726707,multi_contrast,minestrone,FALSE,"Canonical name is a disease category, second-largest cluster: mixes an androgen-receptor/hormone axis (DHT, R1881, Enzalutamide) and a hypoxia/normoxia axis ('PC3 Hypoxia siCtrl' vs 'PC3 Normoxia siCtrl') with unrelated gene knockdowns (RB1, HDAC1/3+HOXB13, PTEN, E2F1, TRIM33, APP, YAP1, BRG1) and CRISPR guide screens - environmental, hormonal, and multiple unrelated genetic-knockdown axes all pooled."
group_L4_4c2f189a,environmental,rheumatoid arthritis,6,7,1,5,0,NA,NA,NA,multi_contrast,minestrone,FALSE,"'RA Bio + MTX/Steroid => RA untreated' and 'DMARD Treated => DMARD Vehicle Control' are genuine RA drug-treatment contrasts, but 'Non-Load Bearing => Control' / 'Obese Load Bearing => Control' are mechanical-loading/obesity experiments unrelated to RA, and 'Ongoing DMARD Treated => OA Untreated Control' compares RA-treated tissue to an Osteoarthritis control (a different disease)."
group_L4_4d2d5aa0,environmental,breast cancer,19,26,13,10,0,0.984465907969389,1.553409203061097,0.5379008746355685,multi_contrast,minestrone,FALSE,"Combines hormone-deprivation genetics (NF1 mutant variants), hypoxia ('HME2 cells exposed to 1% O2' vs '20% O2'), glucose-starvation timecourse ('MDA-MB-231 Starvation 12h/13h/14h'), chemotherapy, diet ('Walnut (no technical treatment)/(surgery) => Control (total RNA)'), and hormone-therapy disease contrasts under a single 'breast cancer' anchor."
group_L4_4faeaef3,disease_vs_normal,Huntington's Disease,24,46,6,7,0,0.04831533318562264,95.16846668143774,0.16028368794326242,multi_contrast,minestrone,FALSE,"Pochi contrasti sono davvero Huntington ('HD BA9 prefrontal cortex => Control BA9 prefrontal cortex'); il resto e' ALS ('Cerebellum sALS => Cerebellum Healthy'), disturbo bipolare (7 varianti 'Bipolar Disorder... => Control...'), glioblastoma/glioma (5 varianti), CCM, sindrome di Cornelia de Lange e X fragile: patologie cerebrali del tutto diverse."
group_L4_4fba810b,disease_vs_normal,inflammatory bowel disease,11,72,5,3,0,1,0,0.7188940092165899,multi_contrast,minestrone,FALSE,"3x 'Crohn's disease ileum => Control ileum' is the real disease axis, but 'Control ileum => Control colon' is control-vs-control (degenerate), and ~20 contrasts pair 'Crohn's disease ileum donorN' against 'Ulcerative colitis ileum donor2' - a diseased UC sample used as the control (frac_degenerate 0.32 confirms)."
group_L4_51625c0e,small_molecule,trastuzumab,5,8,2,2,0,0.9999932902443042,6.709755695818488e-4,0.7298978231896934,multi_contrast,minestrone,FALSE,"Combines clear trastuzumab/Herceptin/biosimilar contrasts with a combo arm (""Trastuzumab + Pertuzumab => Untreated (normal)"") and a generically labeled ""HER2+ Breast Tumor Biopsy Treated with Drug => ...Vehicle Control"" that does not specify the drug."
group_L4_54cb9f8b,small_molecule,17β-estradiol,16,22,4,2,0,0.4515708107000036,54.84291892999964,0.32993630573248406,multi_contrast,minestrone,FALSE,"Beyond estradiol(E2)-vs-vehicle pairs, treated arms include unclear/different compounds ""1-S""/""1-SO ... => DMSO without UV"" and ""MDA-MB-231 treated with B5 => ...CTRL"", plus a genotype-confounded pair (""MCF7+transgene+E2 => MCF7+wildtype PELP1+vehicle"")."
group_L4_56ec6b80,genetic_knockdown,Ewing sarcoma,6,9,6,2,0,0.27734472289168977,72.26552771083102,0.2337467117624953,multi_contrast,minestrone,FALSE,"7/9 contrasts target the EWS-FLI1 fusion (siEWSR1, siFLI1, 'siE-EF') consistent with Ewing sarcoma biology, but 2 contrasts ('RDES siMYBL2' vs 'RDES siControl', 'SK-N-MC siMYBL2' vs 'SK-N-MC siControl') target the unrelated gene MYBL2 - a different target mixed in."
group_L4_57044b52,cytokine_stim,IFNG,10,24,10,4,0,0.9999505850199888,0.00494149800111239,0.534965034965035,multi_contrast,minestrone,FALSE,"Predominantly clean IFN-gamma vs untreated across many NSCLC lines, but also pools an unrelated 'A549 cells treated with dBRD9-A => A549 cells treated with DMSO' drug contrast and an 'A549 non-targeting IFNg => A549 Ptpn2ko IFNg' genetic-knockout comparison where both arms already contain IFNg."
group_L4_575a05a0,cytokine_stim,Met-tRNA<small><sup>Met</small></sup>,15,29,4,1,0,0.09490034634850496,90.5099653651495,0.03932584269662921,one_contrast,coherent,FALSE,"All controls ('no TGFb', 'Control (vehicle)', 'DMSO', 'Untreated', 'PBS') reduce to the same no-TGF-beta1 baseline for TGFB1 stimulation, including the CD26-knockdown pair which isolates TGFb presence within a fixed genetic background."
group_L4_588d3efc,genetic_knockdown,SBNO1,29,37,12,6,0,0.9999974300089828,2.5699910170988346e-4,0.5833333333333334,multi_contrast,minestrone,FALSE,"Extreme mix: unrelated gene knockdowns (siEPRS1, siGL2, siSETX, siSMAD7, siNIK) vs scramble controls, disease case-control designs (Trisomic vs 'Fibroblasts, Control'; Collagen VI muscular dystrophy vs 'Control (vehicle)'; DM1 myotonic-dystrophy myoblasts vs 'Vehicle Control Myoblast'; patient-specific fibroblast mutations), an antibody knockdown in psoriasis tissue ('CD3 Antibody Knockdown' vs 'Isotype Control'), and immune stimulation ('NTC siRNA Stimulated' vs 'NTC siRNA Unstimulated')."
group_L4_59db95a9,environmental,Lipopolysaccharide,19,17,5,8,0,0.5565998573878117,44.34001426121883,0.3612040133779264,multi_contrast,minestrone,FALSE,"Under the 'Lipopolysaccharide' anchor, only 2/17 contrasts mention LPS ('Donor_1 IL4 and LPS...'); the rest are unrelated perturbations - T cell activation, neutrophil transmigration, cigarette smoke ('Cigarette-treated Blood => Control Blood'), SLE patient serum + necrotic lysates, tick-borne-encephalitis vaccine exposure ('pDC donor 1 FSME'), and bare TCR stimulation."
group_L4_5b7a3117,small_molecule,2-deoxy-D-glucose,4,8,1,1,0,0.9969575060588768,0.3042493941123238,0.1915137614678899,multi_contrast,minestrone,FALSE,"Treated arms span unrelated compound classes (2-Deoxyglucose, betahydroxybutyrate, dexamethasone ""DEX"", estradiol ""E2 Treatment"", decitabine ""DAC"", a PKA inhibitor) all compared to generically-labeled ""Control (breast)""/""Vehicle Control""."
group_L4_5ca9f53d,disease_vs_normal,cancer,154,150,20,18,0,1,0,0.9047619047619048,multi_contrast,minestrone,FALSE,"Il cluster generico 'cancer' (k=154) e' dominato da Crohn's disease ('8x CD patient 1 => Healthy Control 1') e ulcerative colitis ('7x UC patient 1 => Healthy Control 1'), non tumori, insieme ad asma, ALS, sindrome di Alazami e sottogruppi molecolari interni a leucemie (AML CD200+/-, B-ALL con CTCF-KO): nessun asse coerente."
group_L4_5d02c61f,environmental,influenza vaccine,5,12,3,5,0,1,0,0.875,multi_contrast,minestrone,FALSE,"Mescola vaccinazione anti-influenzale nel tempo ('Days Post-Vaccination => Pre-vaccination'), migrazione di neutrofili delle vie aeree ('Airway neutrophils, transmigrated => ... untreated'), sorveglianza di un outbreak infettivo ('Exposed Later Surveillance => Vehicle Control Later Surveillance'), MOG-ON ('MOG-ON (whole blood) => Control (whole blood)') e CHMI da malaria ('Volunteer 1... CHMI => ... No treatment, Time zero'): assi sperimentali totalmente diversi."
group_L4_5d10ee81,disease_vs_normal,breast cancer,326,124,32,15,0.016129032258064516,0.9999948725946836,5.127405316358909e-4,0.6956521739130435,multi_contrast,minestrone,FALSE,"'Breast cancer' cluster (k=326) mixes genuine tumor-vs-normal-tissue with genetic mutant panels (BRCA1/BRCA2/ASXL2/AdipoR1 vs wild-type), Prolactin hormone treatment, AR-expression-level cancer-vs-cancer comparisons, pre/on-treatment biopsy timecourse, a mismatched 'Breast Adenocarcinoma (Breast) => Normal (Lung)' tissue error, a technical 'mRNA-seq vs RiboZero' protocol confound on the same sample, and degenerate 'Breast cancer => Breast cancer' pairs."
group_L4_5e2c0371,disease_vs_normal,papillary thyroid carcinoma,25,51,4,4,0,0.7268618426478801,27.313815735211985,0.20512820512820512,multi_contrast,minestrone,FALSE,"Besides clean tumor-vs-normal-thyroid contrasts, distinct_controls include 'Empty Carrier Control' and 'Papillary thyroid cancer cells with Vector' (genetic vector-control axis in cancer cells) and 'Lymph Node Metastasis' and 'laryngeal cancer without thyroid lesions' (progression/different-disease comparators), indicating additional axes beyond disease-vs-normal."
group_L4_6311c024,genetic_knockdown,lung cancer,80,71,26,7,0,0.9999940602493044,5.939750695616962e-4,0.3968253968253968,multi_contrast,minestrone,FALSE,"Canonical name is a disease category; the largest, most heterogeneous cluster pools SARS-CoV-2 infection contrasts ('siSrc SARS-CoV-2 MOI 0.1' vs 'siN SARS-CoV-2 MOI 0.1'; deltaA51R viral mutant vs 'mock-infected'), dsRNA/poly(I:C) innate-immune stimulation, a drug ('GNF5' vs 'DMSO'), CRISPRi guide screens, and dozens of unrelated gene knockdowns (Src, hMENA, ZBTB11, NRF2, CEP20, INTS11, TAZ, BCLAF1, NRAV, DDX23, EHF, BACH1, FOXN3, FIBP, EML4)."
group_L4_63ef9e47,disease_vs_normal,Facioscapulohumeral muscular dystrophy,13,28,5,5,0,0.9885875324579062,1.1412467542093758,0.3492822966507177,multi_contrast,minestrone,FALSE,"The largest blocks - 7x 'Congenital Myotonic Dystrophy (CDM) => Pediatric Control', several 'Congenital Myotonic Dystrophy... => Spinal Muscular Atrophy Type 1, fetal, biceps brachii', and 'DM1 ... => Control Quadriceps muscle' - are Myotonic Dystrophy/DM1/SMA, not Facioscapulohumeral muscular dystrophy (FSHD); a diseased SMA sample is even used as the control for CDM."
group_L4_64768cbe,disease_vs_normal,neurodevelopmental disorder,3,4,1,3,0,1,0,0.8621621621621621,multi_contrast,minestrone,FALSE,"Four unrelated brain diseases are pooled under 'neurodevelopmental disorder' - 'ASD Brain', Huntington's disease ('Astrocyte Progenitor Cell Huntington's Disease Male'), 'Bipolar Disorder (Brain)', and 'Schizophrenia (Brain)' - each a distinct disease axis with a different control type."
group_L4_654eb856,small_molecule,estrogen,33,66,10,8,0,0.9999940382202666,5.961779733477608e-4,0.6119402985074627,multi_contrast,minestrone,FALSE,"Il cluster mescola DEX (desametasone) vs Control, TPA (estere del forbolo) vs placebo in DCIS/IDC/ILC, MI63 (inibitore MDM2), acido ginkgolico, JQ1 (inibitore BET), e Her/trastuzumab-lapatinib: nessuno di questi e' estrogeno, assi farmacologici completamente diversi pooled sotto lo stesso canonical_name."
group_L4_6760963d,pathogen_or_aggregate_exposure,Human immunodeficiency virus,5,20,7,6,0,0.999996233639176,3.7663608239577105e-4,0.24101198402130491,multi_contrast,minestrone,FALSE,"mescola infettività da pseudovirus HIV-1/VPX, ceppo HIV-2 con CsA ('HIV2_P86HA + CsA ... => NS, donor D50'), SIV ('NLAD8+SIV, donor D51, 24h => NS, donor D50'), uno studio clinico di timing ART ('Early Treatment (10012_ES-N_1) => Early treatment, I_0, survived') e uno studio di risposta vaccinale in invecchiamento ('HIV+ NonResponder T0 => Healthy Aging NonResponder T1'): assi virologici e clinici indipendenti."
group_L4_69735f4e,genetic_knockdown,AATF,22,14,5,5,0,0.9997278500027852,0.02721499972149013,0.4154589371980677,multi_contrast,minestrone,FALSE,"Mixes Che-1/AATF knockdown ('Che-1 Knockdown' vs 'Vehicle Control') with unrelated knockdowns (hnRNPU, MYCN), an unspecified drug-combo control ('sgRNA control and DMSO control'), aneuploidy/translocation disease case-control designs (t(4;11), dic(1;7) vs 'No Treatment'/'Control (Ctrl)'), and an osteogenic-media MSC differentiation axis - several unrelated experimental axes."
group_L4_6bec3a24,pathogen_or_aggregate_exposure,Rhinovirus A,3,21,4,1,0,0.9998946335526347,0.01053664473651875,0.6797020484171322,one_contrast,coherent,TRUE,"tutti i 21 contrasti sono 'infezione da rhinovirus (RV-A16/Rhinovirus 1A/RV16) vs non infetto' appaiati per background di malattia (Asthma/COPD/Healthy/Non_Asthma/Mild asthmatic) e timepoint identico su entrambi i lati: stesso trattato, stesso baseline semantico, background di malattia come stratificazione non come asse diverso."
group_L4_6fbc0958,environmental,glucose,13,17,4,7,0,0.9999952505547958,4.749445204267126e-4,0.21673003802281368,multi_contrast,minestrone,FALSE,"Under canonical name 'glucose', only 2 contrasts are actual glucose dose-response ('AC16 in hyperglycemic conditions ... => AC16 cultured in 5 mM glucose'); the rest are hypoxia ('Cardiac fibroblasts, 0% O2, 24h => ...vehicle control'), heart-failure disease-vs-normal, sepsis ('Heart Sepsis => Heart Control'), and adipogenic differentiation - unrelated axes."
group_L4_7059e6f2,pathogen_or_aggregate_exposure,rsv,7,52,4,1,0,0.16209084463424717,83.79091553657528,0.2744954128440367,one_contrast,coherent,FALSE,"quasi tutti i 52 contrasti riducono a 'RSV vs uninfected/mock' ripetuto su soggetti CF/non-CF e timepoint multipli (es. 'CF subject N RSV Xh => CF subject N uninfected'), più poche varianti H292/NCI-H292 con farmaco co-somministrato ma sempre confrontate contro mock; stesso trattato (infezione RSV) e stesso baseline semantico."
group_L4_7284c83d,pathogen_or_aggregate_exposure,Coxiella burnetii,3,11,1,3,0,1,0,0.6666666666666666,multi_contrast,minestrone,FALSE,"Genuine Q-fever contrasts (""Monocytes from Donor_X with QFS => ...healthy control"") are mixed with an unrelated prostate-cancer/ADT contrast (""CD4lowHLA-G+ T cells from prostate cancer patients undergoing ADT => Healthy human naive CD4 cells"") and an unclear ""150kV => Control"" pair with no infection relevance."
group_L4_72f662c4,disease_vs_normal,nonalcoholic steatohepatitis,7,13,1,1,0,0.999485236206245,0.0514763793755046,0.7777777777777778,one_contrast,coherent,TRUE,"All contrasts pair NAFLD/NASH (including fibrosis-stage variants NASH_F0-F1..F4) against a healthy-liver baseline ('Healthy Human Liver'/'Healthy Control'/'Healthy') - one disease-spectrum-vs-normal axis, no unrelated perturbations."
group_L4_73e30195,disease_vs_normal,Thyroid Neoplasms,6,3,2,3,0,1,0,0.5484147386461011,multi_contrast,minestrone,FALSE,"'Short telomere tumor => Normal telomere tumor' never names thyroid tissue and reads as a tumor telomere-length subclassification, a different axis from 'Follicular Thyroid Carcinoma Tumor => Normal Thyroid Tissue' and 'Papillary Thyroid Cancer => Papillary Thyroid Paracancer'."
group_L4_74f0d134,pathogen_or_aggregate_exposure,hiv-1,4,8,2,4,0,1,0,0.34764397905759165,multi_contrast,minestrone,FALSE,"mescola infezione HIV-1 vs controllo negativo, co-infezione ('C. trachomatis + HIV-1 infected PBMCs => Negative control PBMCs'), asse farmacologico ('ABX464-treated PBMCs (Donor4) => DMSO-treated PBMCs (Donor1)', donatori mismatched) e una coppia degenere infetto-vs-infetto: 'HIV-positive ... Subject 11 => HIV-positive ... Subject 1'."
group_L4_751db365,disease_vs_normal,ovarian cancer,69,26,12,9,0,0.9999769130894478,0.00230869105522396,0.568019093078759,multi_contrast,minestrone,FALSE,"Mescola cancro ovarico vero con maturazione di ovociti ('Maturation Deficient Oocytes => In Vivo Matured Oocytes', biologia riproduttiva non oncologica), PCOS ('PCOS => Normal'), confronti tra stadi di malattia anziche' vs normale ('High grade serous carcinoma => Serous borderline tumor') e un confronto cross-cancro (linea ovarica IGROV1 vs linea prostatica DU145 come 'control')."
group_L4_763d919a,small_molecule,temozolomide,7,8,1,1,0,1,0,0.5528301886792453,multi_contrast,minestrone,FALSE,"La maggioranza (5/7) e' temozolomide/TMZ reale vs DMSO/vehicle, ma 'Glioma Stem Cells Treated with T3961 => ...Untreated' usa un codice composto distinto (mai chiamato TMZ come nelle altre righe dello stesso cluster), e 'NCH644, treated with X' ha un trattamento non identificato: possibile composto diverso pooled, non solo TMZ."
group_L4_78c74b14,environmental,training,3,10,3,1,0,1,0,0.7264150943396226,one_contrast,coherent,TRUE,"Tutti i contrasti sono allenato vs non allenato ('Trained Post-Training Period 2 => Untrained Pre-Training Period 2', 'Type IIa trained basal => Type IIa untrained basal'): un solo asse (stato di allenamento), variato solo per timepoint/tipo di fibra."
group_L4_7b3e137b,disease_vs_normal,"Carcinoma, Renal Cell",21,19,4,1,0,0.4920176930410889,50.79823069589111,0.4523988947500628,one_contrast,coherent,FALSE,"All 19 contrasts are case_control_disease kidney-tumor vs normal/adjacent kidney tissue with a uniform control type; minor histological subtype heterogeneity (PEComa, Xp11 neoplasm alongside ccRCC) does not introduce a different experimental design."
group_L4_7d4f6970,genetic_knockdown,poly(I:C),21,20,10,4,0,0.9996458242067012,0.03541757932988264,0.6675531914893617,multi_contrast,minestrone,FALSE,"Treated arms target unrelated genes (siILF3, siINTS11, siRRP40, siWTAP, siMOF, si-DLEU2, si-CNN3, siHSE, YTHDC1 siRNA, siRNA targeting TNRC6A/C) via mixed reagents (siRNA vs 'Negative GapmeR' vs 'random sequence ASO') plus a separate poly(IC)-stimulus axis ('siMock + poly(IC)' vs 'Mock transfected + poly(IC)') - multiple unrelated targets/axes pooled under the poly(I:C) anchor."
group_L4_7dd45f9a,environmental,obesity,7,10,3,1,0,1,0,0.3237791932059448,one_contrast,coherent,TRUE,"Tutti i contrasti sono obeso/overweight vs magro/lean nello stesso disegno case-control ('Obese/overweight => Lean', 'Obese (BMI: 68 kg/m²) => Lean', 'Obese Omental Adipose Tissue => Lean Omental Adipose Tissue'): stesso baseline semantico (magro/non-obeso) per lo stesso trattato."
group_L4_7dd70dd8,pathogen_or_aggregate_exposure,Streptococcus pneumoniae,10,37,11,8,0.02702702702702703,1,0,0.3880597014925373,multi_contrast,minestrone,FALSE,"il gruppo più numeroso (11x+1x = 12 contrasti) è 'Nasopharyngeal swab, COVID-19 positive => ... negative', estraneo a Streptococcus pneumoniae; si aggiungono LAIV/TIV+pneumococco (vaccino influenzale), 'Day21 Fetal/Term Nasopharyngeal Tissue => Day0' (sviluppo tessuto) e una coppia degenere 'LAIV D9 => LAIV D9'."
group_L4_7ffbf7aa,pathogen_or_aggregate_exposure,carnitine,9,15,3,1,0,0.6950029634769568,30.499703652304316,0.26385707741639947,one_contrast,coherent,TRUE,"nonostante il canonical_name errato ('carnitine'), tutti i contrasti riducono allo stesso asse LPS-vs-veicolo/non-stimolato: 'LPS-treated PBMCs => Vehicle-only CTL-treated PBMCs', 'Normal LPS N35 => Normal untreated N37', 'LPS 1h/2h/3h => Control', 'SLE LPS => SLE Untreated and Unstimulated' — stesso trattato (LPS) e stesso baseline semantico (assenza di LPS) su donatori/soggetti diversi."
group_L4_81372eea,disease_vs_normal,NA,120,100,10,9,0.03,0.999997252030208,2.7479697919117563e-4,0.8289473684210527,multi_contrast,minestrone,FALSE,"canonical_name is null and contrasts span at least 6 distinct diseases (Autism, Bipolar Disorder, Alexander disease 'Brain tissue AxD', cerebral adrenoleukodystrophy 'ccALD BMECs', ALS, Glioblastoma/DIPG/Glioma) plus within-tumor axes unrelated to disease-vs-normal ('GBM stem cells => GBM tumor tissue', 'Glioblastoma Differentiated => Glioblastoma Stem', 'High grade 12H => Low grade Brain')."
group_L4_813ad0b6,small_molecule,LPS,5,8,1,4,0,0.9999976817015854,2.3182984145364569e-4,0.8923076923076924,multi_contrast,minestrone,FALSE,"No contrast is actually pure ""LPS alone vs untreated"": treated arms are unrelated compounds MC3209/MC3465 vs DMSO, an unclear ""NR"" vs Basal, ""TPL2i+LPS => Vehicle+LPS"" (control already contains LPS), and ""Uric Acid+LPS => Control Monocytes""."
group_L4_84183d47,environmental,kidney disease,8,12,5,6,0,0.9998893152801308,0.01106847198693094,0.6721970839617899,multi_contrast,minestrone,FALSE,"Copre rigetto di trapianto (ACR/AMR/TCMR vs 'No Rejection'), necrosi tubulare acuta ('ATN_sepsis_neg_control => ATN'), funzione del graft ('Delayed Graft Function => Immediate Graft Function'), ischemia ('Ischemia => Pre-Ischemia'), sepsi ('Kidney Sepsis => Kidney Control') e persino insufficienza cardiaca confrontata con baseline renale ('Heart Failure (Sample 1) => Baseline Kidney (Sample 1)'): assi clinici distinti, non un solo contrasto renale."
group_L4_87b13599,disease_vs_normal,"Arthritis, Rheumatoid",14,10,4,5,0,1,0,0.7678571428571429,multi_contrast,minestrone,FALSE,"'Rheumatoid Arthritis' cluster pools unrelated diseases as case or control ('Individual with Frozen Shoulder' vs Healthy, 'OA Untreated Control' vs Healthy, 'Rheumatoid Arthritis' vs 'Psoriatic Arthritis', TMJ disc-displacement) plus RA treatment-timecourse across different subjects (AP14/AP13 vs AP23 baseline)."
group_L4_897283e8,small_molecule,doxorubicin,11,16,3,2,0,1,0,0.6515151515151515,multi_contrast,minestrone,FALSE,"""Dox"" is overloaded: real doxorubicin-chemo contrasts (""MDA-MB-231 Doxorubicin => MDA-MB-231 Untreated"", ""MCF-7 ADM => MCF-7 growth medium"") are pooled with doxycycline-inducible transgene systems (""T47D...FOXA1_plus_Dox => ...FOXA1_minus.Dox"", ""ZR75-1...Dox => ...Dox_vehicle"") plus unrelated compounds ""FMF-04-159-2"", ""Compound_18"", and ""AV535""."
group_L4_8a19ae38,cytokine_stim,CD44,3,13,2,3,0,0.9998710761853248,0.01289238146752631,0.27279005524861877,multi_contrast,minestrone,FALSE,"Cluster labeled CD44 mixes MAPK-inhibitor treatment ('A375 + MAPKi' vs 'A375 + DMSO'), TGF-beta stimulation ('Fibroblasts, TGFbeta' vs 'Fibroblasts, vehicle'), and a tryptolide time-course ('tryptolide 3/5h' vs 'tryptolide 0h') - three unrelated perturbations."
group_L4_8b00e191,disease_vs_normal,diabetic nephropathy,4,11,3,2,0,1,0,0.5325325325325325,one_contrast,coherent,TRUE,"10/11 contrasti sono Diabetic Nephropathy (o cellule HK-2 malate) contro riferimento sano/Reference; un solo caso border-line ('Idiopathic Nodular Glomerulosclerosis => Reference 1') e' una glomerulopatia correlata ma non un asse farmaco/genetico distinto, stesso asse malattia-renale-vs-sano."
group_L4_8bc49282,cytokine_stim,ethanol,5,8,1,1,0,0.7665213099080536,23.34786900919465,0.4157105030891438,one_contrast,coherent,TRUE,"All controls (Untreated/PBS/DMSO/Control(BSA)/Diseased-Vehicle) are the same no-TNF baseline for TNF-alpha stimulation across different cell types (melanoma lines, cardiac myocytes, diseased tissue)."
group_L4_8c14612b,disease_vs_normal,head and neck squamous cell carcinoma,17,5,3,3,0,0.999992749404586,7.250595414111618e-4,0.766120218579235,multi_contrast,minestrone,FALSE,"Only 'Malignant head and neck => Non-transformed oral mucosa' is genuine tumor-vs-normal; the rest compare relapse-HNSCC vs primary-HNSCC (both diseased, a progression axis) or two different HNSCC cell lines against each other (UPCISCC090 vs UMSCC104)."
group_L4_8c1bb38a,environmental,exercise,3,6,3,3,0,1,0,0.34911242603550297,multi_contrast,minestrone,FALSE,"Il confronto 'habitually exercising PBMCs => sedentary PBMCs (age 66)' misura lo stato di allenamento cronico (cross-sectional), mentre gli altri ('Healthy/ME-CFS Patient T1 Maximal Exertion => T0 Baseline', 'After Exercise => Before Exercise') misurano la risposta acuta a una singola sessione: due assi sperimentali concettualmente diversi (adattamento cronico vs risposta acuta)."
group_L4_8daac048,genetic_overexpression,ZNF687,4,10,4,4,0,0.999584905329395,0.04150946706049172,0.23801065719360567,multi_contrast,minestrone,FALSE,"i controlli 'dCas13d + CA2-g1-Control', 'HEK293', 'Empty vector', 'GFP' coprono esperimenti diversi (screen CRISPR su geni CA2/PPIA non-ZNF687, SAHH via GFP-fusion, HEK293 NP21/pcDNA) e includono coppie degeneri controllo-vs-controllo (es. 'dCas13d + PPIA-g1-Control => dCas13d + CA2-g1-Control')."
group_L4_8e67cff4,genetic_knockout,huntingtin,4,11,1,2,0,1,0,0.7928802588996764,multi_contrast,minestrone,FALSE,"9/11 contrasts are naturally-occurring CAG-repeat-length HD patient samples stratified by severity ('HD CAG 41' ... 'HD CAG 51' vs 'Normal Controls'), a disease-genetics design distinct from the 2 engineered full-knockout contrasts ('HD Knockout (Engineered)', 'HTT Knockout HD Model' vs 'Control') - different perturbation types pooled together."
group_L4_8f0b3b9e,disease_vs_normal,acute myeloid leukemia,97,91,22,6,0,1,0,0.6530612244897959,multi_contrast,minestrone,FALSE,"'CR Bone Marrow => Non-CR Bone Marrow', 'AML M2 => CMML', and 'AML Relapse 1 BM => AML Diagnosis' all use a DIFFERENT diseased state (not a healthy donor) as the control, mixing disease-subtype/relapse axes with the genuine 'Acute Myeloid Leukemia (AML) => Normal Bone Marrow' axis."
group_L4_9032ee71,cytokine_stim,TNF,10,20,8,6,0,0.9705879521192128,2.9412047880787067,0.7327156094084105,multi_contrast,minestrone,FALSE,"Cluster labeled TNF pools mostly unrelated axes: YAP/TAZ siRNA+BMP2, MALAT1 knockdown (LNA), generic PC3 shRNA knockdown, ionizing radiation (4-10Gy) in siRELA/siTP53 backgrounds, ZNF598 and HAPSTR1 knockdown - only 'siCTR + TNFalpha' and 'siRELA + TNFalpha' are actual TNF contrasts."
group_L4_94e1e848,genetic_overexpression,ADARB2,11,13,5,8,0,1,0,0.7543859649122807,multi_contrast,minestrone,FALSE,"grab-bag di esperimenti scollegati: 'GBM8401 TMZ-resistant cells => Parental GBM8401 cells' (farmacoresistenza), 'Cerebellum c9ALS => Cerebellum Healthy' e 'Frontal Cortex c9ALS => Frontal Cortex Healthy' (malattia ALS), '3M cerebral organoids, 16p11.2 duplication => control' (modello genetico), 'Pediatric Ependymoma ... RELA2-P => Pediatric Ependymoma Brain Tissue' (tumore), oltre a vari overexpression NSB e microRNA mimic control: nessun asse comune se non il tessuto neurale."
group_L4_9d140332,disease_vs_normal,endometriosis,6,11,1,1,0,1,0,0.5294117647058824,one_contrast,coherent,TRUE,"All 11 contrasts pair endometriosis (whole tissue, eutopic endometrium, or M1/M2 macrophage subsets) against a matched healthy control - one consistent disease-vs-normal axis at varying cellular resolution."
group_L4_a170bacd,disease_vs_normal,bladder cancer,44,29,9,7,0,0.9274917655023924,7.2508234497607456,0.524822695035461,multi_contrast,minestrone,FALSE,"Beyond clean tumor-vs-adjacent-normal contrasts, cluster pools an extensive UMUC1 FGFR3/UTX genetic-engineering factorial panel (vector-control baselines), 'Bladder cancer cells with RC48' antibody-drug-conjugate response, 'RT112+DMSO+ARID1A knockdown' vs 'RT112+DMSO', and 'T24 bladder TET1-CD induced' construct induction - genetic/pharmacological axes within cancer cell lines, not disease-vs-normal-tissue."
group_L4_a2b3319f,small_molecule,17β-hydroxy-5α-androstan-3-one,14,22,4,3,0,0.5408482494353917,45.91517505646084,0.2004950495049505,multi_contrast,minestrone,FALSE,"Mixes plain androgen/DHT-vs-vehicle contrasts with drug-combo arms (DHT+ABBV-075/744/ENZ, androgen+IMTPPE/JJ-450), an AR-degrader without DHT, and a genotype-vs-genotype pairing (""LNCaP_androgen_induction => LNCaP_AR_silencing"") that swaps a pharmacological baseline for a genetic-knockdown baseline."
group_L4_a2d75bf3,disease_vs_normal,idiopathic inflammatory myopathies,6,10,2,4,0,0.7732010499082766,22.679895009172338,0.4678481012658228,multi_contrast,minestrone,FALSE,"'Congenital Scoliosis Patients => Idiopathic Scoliosis Patients' e' scoliosi, patologia scheletrica estranea alle miopatie infiammatorie, e 'DM1 patient 22 treated with N22-(DM1) => Control patient 27' introduce un asse di risposta farmacologica, diverso dall'asse diagnosi-vs-sano del resto del cluster."
group_L4_a50b8748,environmental,immune response,6,10,1,3,0,1,0,0.3054393305439331,multi_contrast,minestrone,FALSE,"Anche se i controlli sembrano tutti generici 'healthy', il lato trattato mescola sindrome coronarica acuta, rigetto anticorpo-mediato/T-mediato di trapianto, BPCO, sepsi e preeclampsia ('Whole blood + serum, preeclampsia => ... normal'): perturbazioni cliniche del tutto diverse sotto lo stesso anchor."
group_L4_a54e9090,environmental,acute myeloid leukemia,160,359,56,50,0,0.06369143239972397,93.6308567600276,0.03563084112149532,multi_contrast,minestrone,FALSE,"Cluster enorme (k=160) il cui elenco controlli spazia da vaccino anti-malaria RTS,S/AS01 ('RTS,S/AS01 012 Day of VAC3 => RTS,S/AS01 012 PreVAC'), dieta chetogenica, PTSD, tubercolosi, sepsi, melanoma in immunoterapia anti-PD-1, LES, artrite idiopatica giovanile fino a gravidanza e trapianto: nessun contrasto biologico unico, è un contenitore generico di sangue/PBMC sotto l'anchor 'acute myeloid leukemia' (quasi nessun contrasto è realmente AML)."
group_L4_a8b9c62c,small_molecule,NA,4,29,1,5,0,1,0,0.7822222222222223,multi_contrast,minestrone,FALSE,"canonical_name e' null (nessuna entita' dichiarata) e i contrasti mescolano un oligo di controllo per RNA transfection ('Control Oligo'), ACT001 in fibrosi polmonare idiopatica, formoterolo/budesonide con esposizione a fumo, e i composti RBN012337/RBN012397 in linee di adenocarcinoma polmonare: almeno 4 assi sperimentali/composti distinti senza un'entita' comune dichiarata."
group_L4_aaa4da54,genetic_knockdown,MYC,17,11,4,5,0,1,0,0.7910447761194029,multi_contrast,minestrone,FALSE,"Only the Jurkat 'c-Myc + si-X' contrasts relate to canonical MYC; the cluster also pools a cytokine-treatment contrast ('Activin A-treated CD4+ T naive cells' vs 'Untreated CD4+ T naive cells'), unrelated knockdowns (FTO, MAF), an immunodeficiency patient-vs-father case-control ('PIK3CD deficiency (Patient)' vs 'Control (Father)'), an NK-cell depletion procedure, and a thalassemia disease-model contrast."
group_L4_ac230823,disease_vs_normal,kidney cancer,27,24,6,7,0,0.9999484510888969,0.00515489111031061,0.8114558472553699,multi_contrast,minestrone,FALSE,"Mescola RCC vero ('769-P ccRCC => RPTEC') con trapianto renale nel tempo ('1 year post-transplant => Pre-transplant [time_course]'), sindrome di Alport ('AS Patient Podocytes => Control Podocytes'), knockout genetico BRD9, malattia da MUC1 e Schimke immuno-osseous dysplasia (SIOD): assi non oncologici mescolati sotto 'kidney cancer'."
group_L4_ac3c4024,environmental,Non-Small Cell Lung Cancer,20,17,8,8,0,0.9999998568019828,1.4319801722534207e-5,0.8333333333333334,multi_contrast,minestrone,FALSE,"Under canonical name 'Non-Small Cell Lung Cancer', radiotherapy dose-response contrasts are actually run in Cervical cancer ('Cervical cancer metastasis, 60Gy/10F') and Colorectal cancer ('Colorectal cancer metastasis, 60Gy/12F/16F/18F'), plus unrelated COPD, Sepsis ('Lung Sepsis => Lung Control'), and a pure smoking-exposure contrast ('Healthy smokers => Healthy non-smokers') with no cancer at all."
group_L4_ac8fe7ea,environmental,spinal cord injury,5,9,4,6,0,1,0,0.5245901639344263,multi_contrast,minestrone,FALSE,"L'anchor è spinal cord injury ma i contrasti reali coprono angina pectoris/ipertensione polmonare vs controlli asintomatici, PTSD, MIS-C pediatrica ('MIS-C Acute => Febrile Control') e neutrofili di pazienti con ipertensione/fumo: solo un contrasto è davvero SCI ('Spinal Cord Injury => Healthy Control'), il resto sono malattie diverse."
group_L4_acedcf7f,small_molecule,anisole,4,12,3,1,0,1,0,0.3107227488151659,one_contrast,coherent,TRUE,"Every contrast is ""Calcitriol/1alpha,25-dihydroxyvitamin D3 X => Ethanol vehicle"" at matched timepoints - internally consistent single perturbation vs single vehicle type (canonical anchor name ""anisole"" is mislabeled but the contrast itself is coherent)."
group_L4_b128b80d,small_molecule,Enzalutamide,54,138,9,7,0.07971014492753623,0.03396077161585764,96.60392283841423,0.02098340119010335,multi_contrast,minestrone,FALSE,"11 coppie 'Prostate cancer => Prostate cancer' sono degeneri (trattato==controllo, frac_degenerate 8.7%); il cluster include anche R1881 e androgeno (agonisti, direzione opposta a enzalutamide antagonista: '22PC-EP_R1881 => 22PC-EP_DMSO', 'Androgen-treated LNCaP => Untreated LNCaP'), oltre a ACLYi, Apoptozole, VER155008 (inibitori non correlati): assi farmacologici e persino direzioni opposte mescolati."
group_L4_b1405a79,disease_vs_normal,Crohn Disease,11,48,6,4,0,0.9999981046497796,1.895350220560826e-4,0.7203947368421053,multi_contrast,minestrone,FALSE,"Mescola CD-vs-sano ('CD ascending colon => HC sigmoid colon') con risposta a trattamento nel tempo entro pazienti CD gia' malati ('Crohn's disease ascending colon TM30 => Crohn's disease ascending colon T0', 'T106 (treated) => T106 (control)'): due domande sperimentali diverse, diagnosi vs risposta terapeutica longitudinale."
group_L4_b2e00a5d,disease_vs_normal,Type 1 Diabetes Mellitus,23,38,8,6,0,0.9999457453684484,0.00542546315514596,0.3160738406123368,multi_contrast,minestrone,FALSE,"Il cluster 'Type 1 Diabetes Mellitus' contiene contrasti di fibrosi cistica ('CF_Patient => Healthy_Control'), psoriasi pustolosa generalizzata ('Generalized Pustular Psoriasis => Healthy Control'), sepsi ('Sepsis Patient 1 => Healthy Control 1') e ictus ('Stroke patient 1 => Healthy control 1'): malattie estranee al diabete mescolate nello stesso gruppo."
group_L4_b3621ad9,small_molecule,testosterone,10,38,5,8,0,0.99999968562053,3.143794700492256e-5,0.8661257606490872,multi_contrast,minestrone,FALSE,"Anchor ""testosterone"" pools BRAF/MEK-inhibitor melanoma contrasts (""BRAFi on Pt1 D85 => Baseline tumor biopsy Pt1""), a TPA/IDC contrast, a progestin study (""...treated with R5020... => ...Vehicle""), a pirfenidone contrast (""PFD-treated => PBS-treated""), and an HCC tumor-vs-paratumor disease contrast - none involve testosterone."
group_L4_b4975123,small_molecule,fulvestrant,15,22,2,2,0,0.6684736294771156,33.15263705228843,0.4486873508353222,multi_contrast,minestrone,FALSE,"La maggioranza dei contrasti e' fulvestrant/ICI-182,780 vs DMSO/Vehicle, ma 'MCF-7 + RMC-6272 4h => MCF-7 + DMSO 4h' e' un inibitore mTOR non-fulvestrant e 'Treated (ESR1 Coregulator Binding Site Inhibitors) => Control (Vehicle)' e' una classe di composto diversa: il lato trattato mescola perturbazioni farmacologiche non correlate a fulvestrant."
group_L4_b5f9ab82,environmental,ultraviolet radiation,46,76,12,11,0,0.3668590787285271,63.3140921271473,0.17647058823529413,multi_contrast,minestrone,FALSE,"Mescola Alzheimer a esordio precoce ('EOAD Patient #1 => NDC Subject #1'), verruca da HPV vs pelle sana ('Wart Case with HPV-positive => Healthy Skin Control'), dermatite allergica da contatto ('Mild Allergic Contact Dermatitis, PPD Treated => ... Vehicle Control'), morfea ('Morphea patients treated with SVF-gel => ... before treatment'), infezione parassitaria e più protocolli UV/UVA diversi: decine di assi sperimentali eterogenei sotto lo stesso anchor."
group_L4_b6a3eabd,pathogen_or_aggregate_exposure,sars-cov-2,39,108,9,8,0,0.10015403498803044,89.98459650119696,0.06196840826245443,multi_contrast,minestrone,FALSE,"pur essendo in maggioranza infezione SARS-CoV-2 reale (Calu3 Alpha/Delta vs Mock, Alveolar Organoids MOI vs Mock), il cluster include 'AEC IAV => AEC uninfected' (Influenza A Virus, patogeno diverso) e costrutto 'A549 ... deltaA51R, 4HPI => ... mock-infected' (gene A51R tipico di vaccinia/poxvirus, non SARS-CoV-2): contaminazione di asse patogeno diverso nel pool."
group_L4_b86f9391,pathogen_or_aggregate_exposure,Middle East respiratory syndrome coronavirus,4,3,2,3,0,0.9999852714539966,0.00147285460033399,0.4472049689440994,multi_contrast,minestrone,FALSE,"3 esperimenti scollegati sotto MERS: 'Lentiviral Transduced nsp1 => Doxycycline-only' (espressione proteina virale), 'Transfected with SpRY-ABE8e Plasmid => Vehicle Control' (strumento di base editing CRISPR) e 'UCK2 overexpressed => Vehicle control' (gene metabolico), nessuno dei quali è un'infezione MERS-CoV vera e propria."
group_L4_bce91680,disease_vs_normal,Endometrial Neoplasms,19,20,5,7,0,1,0,0.41843971631205673,multi_contrast,minestrone,FALSE,"Canonical name 'Endometrial Neoplasms' but contrasts include unrelated diseases - 'Endometriosis patients => Healthy controls', 'PCOS patient 1 => Healthy control 1', 'Pre-eclampsia (sPE) => Control (Non-sPE previous pregnancy)' - plus a large block of HEC-1-B cell-line genetic/transgene perturbations unrelated to any disease-vs-normal question."
group_L4_bd3c6e11,pathogen_or_aggregate_exposure,NA,8,28,3,3,0,1,0,0.4534883720930232,multi_contrast,minestrone,FALSE,"Pools many distinct respiratory viruses under ""Control CV"" (adenovirus/rhinovirus/RSV/influenza/coronavirus etc ""at AV""), a separate SARS-CoV-2 Day0/10/35/41 timecourse, and an unrelated HIV/Tetanus/HepB vaccine trial (""Tetanus mo(0)+ALVAC...+AIDSVAX...+HepB => Placebo V5"")."
group_L4_c0e6f9c7,genetic_overexpression,hepatocellular carcinoma,13,21,9,9,0,1,0,0.3556851311953353,multi_contrast,minestrone,FALSE,"combina overexpression genica singola (pleg1a/b/c, WSB1, EMX1 vs Control/empty vector), cocktail di differenziazione epatica multi-TF (GATA6/HNF1A/FOXA3 vs hiPSC non-indotto), costrutti adenovirali mutanti (Huh-7 Ad-K458R vs Ad-GFP) e differenziazione iPSC di modello di malattia PiZZ: assi sperimentali distinti."
group_L4_c2a27b6c,environmental,prostate cancer,20,27,9,7,0,0.6755968575719995,32.440314242800056,0.325497287522604,multi_contrast,minestrone,FALSE,"Include castrazione/ADT ('22Rv1 xenograft Castrated => ... Intact', time-course 'Post-ADT'), PGCC indotte da radiazione ('Radiation-induced PGCC => Parent/mitotic (control)'), co-coltura con mezzo condizionato stromale, radioterapia EBRT, knockout genetico sgRNA ('Treatment sgp62 => Control') e resistenza xenograft ad Abi/Enza: assi farmacologici, genetici e radioterapici distinti."
group_L4_c347e80c,disease_vs_normal,cervical cancer,17,22,6,4,0,1,0,0.5320239111870196,one_contrast,coherent,TRUE,"Tutti i 22 contrasti sono case_control_disease cervicale (CIN/CIS/SQCC/carcinoma) contro vari baseline non-tumorali (epitelio normale, tessuto adiacente/paracancerous, cervicite cronica, controllo SiHa); nessun asse farmaco/genetico misto, stesso contrasto malattia-vs-baseline con qualita' del controllo eterogenea ma stesso asse."
group_L4_c507ffd4,genetic_knockdown,INTS11,3,5,2,1,0,0.7641346197617073,23.586538023829274,0.25062567036110117,one_contrast,coherent,TRUE,"All 5 contrasts center on the same intervention (dTAGv-1-mediated INTS11 degradation) in the same 'HCT116 INTS11-dTAGv-1' system, with NVP2/TEXO tested as co-treatment factors against matched vehicle backgrounds; no unrelated gene is knocked down."
group_L4_c51b10c1,disease_vs_normal,hepatocellular carcinoma,191,210,59,12,0.004761904761904762,0.13274451166268564,86.72554883373144,0.02460850111856823,multi_contrast,minestrone,FALSE,"Cluster enorme (k=191) che mescola HCC vero con rigetto di trapianto ('Acute Rejection 2 => Healthy Control'), atresia biliare ('BA3 liver tissues (biliary atresia) => Choledochal cyst'), metastasi epatiche da colon-retto (linea DLD1, 'CRC liver metastase => CRC colon') e stadiazione di fibrosi epatica ('F1..F4 => F0 (Control)'): piu' malattie epatiche/non epatiche distinte, non solo HCC."
group_L4_c7ae94f7,small_molecule,gemcitabine,10,24,1,3,0,0.999659353454404,0.03406465455960578,0.12191103789126852,multi_contrast,minestrone,FALSE,"Only ""BxPC3 cells treated with Gemcitabine => PDAC cells treated with vehicle"" names gemcitabine; the rest use unclear/different agents (BI00923406, ""A""/""T"", CM03 in Gem-resistant cells, unnamed ""Combination"", SOP1812) against DMSO/untreated controls."
group_L4_c8600f54,disease_vs_normal,gastric cancer,36,27,5,3,0,0.8595688686857909,14.04311313142092,0.4386176897051716,multi_contrast,minestrone,FALSE,"13x 'Gastric Tumor => Paired Normal Gastric Tissue' is the dominant disease axis, but 'Hs746T cells treated with Trametinib and Afatinib for 4 hours => Untreated Hs746T cells for 24 hours [multi_arm_treatment]' is an unrelated drug-response experiment in a cell line, not disease vs normal."
group_L4_caebb8f8,environmental,Ulcerative Colitis,7,12,2,5,0,0.942757009468452,5.724299053154804,0.8193979933110368,multi_contrast,minestrone,FALSE,"Include sia UC in risposta a farmaco nel tempo ('CS-IV Baseline'/'CS-Oral Baseline'/'Untreated Baseline' come pre-trattamento) sia UC/Crohn vs tessuto sano ('Healthy, sigmoid colon') sia un contrasto anatomico intra-paziente ('Rectum inflamed => Ascending colon uninflamed'): assi sperimentali diversi (farmaco, malattia-vs-sano, infiammato-vs-non-infiammato)."
group_L4_cb8a1c2d,genetic_knockdown,ESRRA,4,5,4,2,0,0.9999998284907254,1.7150927458463927e-5,0.6733466933867736,multi_contrast,minestrone,FALSE,"Only 'ERR-alpha siRNA => Control siRNA' matches canonical ESRRA; the cluster also pools a miR-24 inhibitor contrast ('HCT116 + miR-24 inhibitor' vs 'HCT116 + scramble', a different modality) and a YAP/TAZ knockdown ('YAP/TAZ' vs 'NT') - unrelated axes."
group_L4_cc680284,genetic_knockout,NA,4,9,3,4,0,0.9999700092068056,0.0029990793194567,0.3379491017964072,multi_contrast,minestrone,FALSE,"controlli attraversano assi diversi: '293A WT' (baseline linea cellulare), 'HEK293T treated with siCont for 16 hours' (controllo siRNA) usato come controllo per un braccio trattato con farmaco '991' a 4/8h (mismatch temporale+asse), 'HEK293T treated with DMSO for 0h' (veicolo chimico) e 'Xenograft Control' (modello in vivo)."
group_L4_ccf84a95,genetic_knockdown,BRCA2,14,11,7,2,0,1,0,0.4564375605033882,multi_contrast,minestrone,FALSE,"Only 2/10 contrasts ('BT-549 + shRNA against BRCA2', 'HCC38 + shRNA against BRCA2') target BRCA2; the rest knock down unrelated genes (TIP60, IGF2BP1, GATA3, LNC00992, SMARCAL1, RNF31) against generic 'Control siRNA'/'no treatment' baselines."
group_L4_cddbf768,cytokine_stim,IL2,13,19,3,7,0,0.6041336342144186,39.58663657855815,0.3015647226173542,multi_contrast,minestrone,FALSE,"Cluster labeled IL2 pools anti-CD3/CD28 activation alone, IFN-gamma treatment ('AdGFP + IFN-gamma'), IL-12 CAR-T constructs, GM-CSF/IL-4/LPS dendritic differentiation, IL-15/IL-21 feeder-cell systems (K562-mbIL15/mbIL21), and antibody constructs, with genuine IL2 supplementation appearing in only 2 of 15 contrasts."
group_L4_d02ca7b3,environmental,calcium(2+),3,3,3,3,0,0.8337621092942864,16.623789070571362,0.3243006993006993,multi_contrast,minestrone,FALSE,"Three different baseline types back a nominally single 'calcium' topic: vague 'Control None' for a timecourse, 'Progenitor NHEK' for a differentiation-state comparison, and 'Primary human keratinocytes with shRNA-NC' (an RNAi-knockdown-study baseline) reused as the CaCl2 vehicle control."
group_L4_d159e078,small_molecule,Gilteritinib,13,25,2,6,0,0.8912455167516073,10.875448324839269,0.3912280701754386,multi_contrast,minestrone,FALSE,"Gilteritinib contrasts are diluted by unrelated compounds sharing generic vehicle labels: LSD1 inhibitor+5-Aza, TP0903 (AXL inhibitor), PD173074 (FGFR inhibitor) vs ""MS49/MS55 negative control"", BIO/SR1/MeBIO (GSK3/AhR modulators), and a Diamond-Blackfan-anemia steroid contrast."
group_L4_d1652ba6,disease_vs_normal,pancreatic cancer,46,19,7,6,0,0.9999601418858928,0.00398581141070744,0.6258992805755396,multi_contrast,minestrone,FALSE,"Oltre al PDAC-vs-normale vero, il cluster include un knockdown genetico ('PANC-1 Normoxia => PANC-1 shMIF Normoxia [factorial]'), farmaco-resistenza ('L3.6pl Veh. 24h => Gemcitabine resistant L3.6pl Veh. 24h'), veicolo DMSO ('DMSO-treated SU8686 cells => Untreated SU8686 cells') e un confronto tra due sottotipi di cancro pancreatico diversi ('Pancreatic adenosquamous carcinoma => Pancreatic acinar cell carcinoma')."
group_L4_d2038450,disease_vs_normal,Alzheimer's disease,65,16,6,3,0,0.9999472317571768,0.00527682428231169,0.140597539543058,multi_contrast,minestrone,FALSE,"Predominantly clean AD-vs-normal-brain across regions/cell-sorted populations, but includes an unrelated 'Glioblastoma Stem Total RNA => Glioblastoma Stem Total RNA Control' contrast (wrong disease) and an 'Alzheimer's disease late stage => Alzheimer's disease early stage' progression comparison with no true normal control."
group_L4_d41daecb,environmental,hepatocellular carcinoma,46,46,11,9,0,0.9175308848678811,8.246911513211884,0.4124293785310734,multi_contrast,minestrone,FALSE,"Include cirrosi/NASH vs fegato sano ('Cirrhotic NASH Human Liver => Healthy Human Liver'), carcinoma epatocellulare vs untreated ('Hepatocellular carcinoma treated with cryopreservation solutions => Untreated hepatocellular carcinoma'), condizioni di coltura di epatociti ('Hepatocytes cultured in Microwell spheroids => ... hepatocyte culture media'), co-coltura LX2/HCCLM3 e privazione di glucosio HepG2: assi di malattia, coltura e trattamento non sovrapponibili."
group_L4_d428a83c,disease_vs_normal,ulcerative colitis,10,6,5,5,0,0.9999528739954252,0.00471260045746445,0.4199011997177135,multi_contrast,minestrone,FALSE,"'A66 => LARC rectum' e' un confronto farmaco/tumore rettale, 'Crohn's disease rectum donor3 => Ulcerative colitis rectum donor1' usa la UC come controllo per il CD (non e' UC-vs-normale), e 'CD.I rectum => Non-inflammatory CD rectum' e' l'asse Crohn: tre assi diversi mescolati sotto 'ulcerative colitis'."
group_L4_d4b45b63,small_molecule,4-maleylacetoacetate,9,15,7,1,0,0.9563158480600608,4.368415193993908,0.5897740784780023,one_contrast,coherent,TRUE,"Every contrast is DHT (""5α-dihydrotestosterone"") vs matched ethanol/vehicle within the same genetic background (shCon/shKLF5-2/Bag-1L mutant/WT) - a consistent androgen-vs-vehicle design across cell-line contexts, paired correctly within genotype."
group_L4_d804af32,small_molecule,Rosiglitazone,22,44,7,8,0.022727272727272728,0.999935384027814,0.00646159721861117,0.42011834319526625,multi_contrast,minestrone,FALSE,"Il cluster include TNF-alpha inhibitor vs Vehicle Only in pelle lesionale, DEX vs Control in fibroblasti, SB-3CT (inibitore MMP-9), SMO inhibitors in carcinoma basocellulare vs pelle normale, BRAF+MEK inhibitor in melanoma: solo 'Rosiglitazone-treated cardiac myocytes => DMSO' e' realmente rosiglitazone, il resto sono composti e malattie non correlati."
group_L4_d9952160,genetic_overexpression,ONECUT2,13,12,2,7,0,0.23887156870938275,76.11284312906173,0.24871794871794872,multi_contrast,minestrone,FALSE,"il cluster ONECUT2 mescola riprogrammazioni completamente diverse: '6-TF cocktail => Mock' (neuroni), 'ATOH1/POU4F3/GFI1 Overexpression => Control' (cellule ciliate), 'Dermal fibroblasts with A2B5+ iOPCs => Dermal fibroblasts untreated' (OPC), 'hTERT => Mock' (immortalizzazione) e persino 'Lesional Psoriasis Epidermis CD3 Antibody Overexpression => ... Isotype Control' (immunologia psoriasi, nessuna relazione con overexpression genica)."
group_L4_da3e52da,genetic_knockdown,pancreatic cancer,16,22,7,3,0,0.4504722973236259,54.952770267637405,0.2984749455337691,multi_contrast,minestrone,FALSE,"Canonical name is a disease category; mixes a thapsigargin (ER-stress drug) axis ('L3.6pl, siCont., thapsigargin' vs 'siCont., Veh.', x3) with unrelated gene knockdowns (MYEOV, T-antigen, UBE2C, HMGA1, LINC00261, E2F1/2/3, METTL3/METTL14) - a drug-stress axis plus multiple unrelated targets."
group_L4_daf35588,pathogen_or_aggregate_exposure,measles virus,15,33,5,8,0,0.09132848989543708,90.8671510104563,0.11140819964349376,multi_contrast,minestrone,FALSE,"il patogeno dichiarato (measles) è minoritario: dominano COVID-19 (early/middle/late/severe/asymptomatic, 10+ contrasti), più 'Donor1 mutant VP24_VP35 24hr => Donor1 Mock 24hr' (Ebola), 'monocyte-derived dendritic cell, ZIKV-infected => ... mock infected' (Zika), 'HIV-infected platelets => Healthy platelets' e 'SFTS => healthy': patogeni multipli e non correlati."
group_L4_deda8dff,small_molecule,"N-ethyl-2-[(2R,3R,6S)-3-[(4-fluorophenyl)sulfonylamino]-2-(hydroxymethyl)-3,6-dihydro-2H-pyran-6-yl]acetamide",13,46,3,1,0,0.07704796606101472,92.29520339389852,0.07649402390438247,multi_contrast,minestrone,FALSE,"Treated side mixes different drugs under one compound label: Osimertinib-vs-DMSO contrasts dominate but ""Adagrasib_100mpk... => Vehicle_A2"" (KRAS inhibitor), ""CUTO28...+entrectinib => ...+none"" (ROS1/TRK inhibitor), and ""EBC-CR2/3+capmatinib => EBC-1"" (MET inhibitor) are unrelated drugs pooled in."
group_L4_df007961,genetic_knockout,ZFX,3,3,2,2,0,1,0,0.5402298850574713,one_contrast,coherent,TRUE,"All 3 contrasts center on ZFX/ZNF711 double-knockout ('HEK293T ZFX/ZNF711 DKO' vs 'HEK293T EGV Control') and its rescue ('...treated with ZFX-02' vs '...Control (pCMV6-Entry)'), plus a ZFX-FLAG-tagged comparison; no unrelated gene appears."
group_L4_df7a7a08,disease_vs_normal,Intrauterine Growth Restriction,14,12,2,6,0,1,0,0.8195819581958196,multi_contrast,minestrone,FALSE,"Mescola IUGR vera ('Intrauterine Growth Restriction => Healthy Control') con COVID ('COVID+ (Donor P_3) => COVID- (other inflammatory pathology) FFPE'), PCOS ('PCOS => Control') e sindrome di Bart/talassemia ('BHFS placenta => Normal fetus [alpha][alpha]/[alpha][alpha]'): assi patologici del tutto diversi sotto l'etichetta placenta/gravidanza."
group_L4_e1acd75b,small_molecule,diethyl maleate,40,77,8,9,0,0.4199786056288183,58.002139437118174,0.22005208333333337,multi_contrast,minestrone,FALSE,"Nessun contrasto elencato menziona diethyl maleate/DEM se non 'ABC1 DEM => ABC1 vehicle'; il resto mescola JQ1, RG7112 (inibitore MDM2), TVB-3664 (inibitore FASN), confronto malattia A656 lung cancer vs tessuto adiacente, vitamina D, AM580 (retinoide), infezione SARS-CoV-2 Delta + TPCA, doxiciclina inducibile, afatinib (inibitore EGFR): minestrone massiccio di composti e malattie non correlati."
group_L4_e26efbea,disease_vs_normal,lung adenocarcinoma,215,150,22,15,0.013333333333333334,0.2841737714285091,71.58262285714909,0.1756214915797915,multi_contrast,minestrone,FALSE,"'Lung adenocarcinoma' anchor (k=215) pools unrelated lung diseases (Cystic Fibrosis, 'Bronchi Asthma+Rhinitis', EGPA, IPAH, IPF), small-cell lung cancer, and numerous genetic knockdown/overexpression panels (FOXP2, NAT10, BAP1) plus drug-resistance contrasts (cisplatin, erlotinib, JQ1)."
group_L4_e2c8aff6,environmental,Intrauterine Growth Restriction,4,4,2,3,0,1,0,0.5641025641025641,multi_contrast,minestrone,FALSE,"Nonostante l'anchor dichiari IUGR, i contrasti reali sono diabete gestazionale ('GDM Placenta => Non-GDM Placenta'), aborto spontaneo ('Miscarriage => Normal') e preeclampsia ('PE_placenta => NP_placenta_none'): tre malattie placentari distinte, nessuna delle quali è IUGR."
group_L4_ec80f0e9,small_molecule,R1881,19,53,5,3,0,0.03412963620593967,96.58703637940604,0.02049357771684225,multi_contrast,minestrone,FALSE,"Oltre a R1881 vs DMSO/etanolo/vehicle, il cluster include 'LNCaP_DHT => LNCaP_VEH' (DHT, non R1881) e 'MKC8866 10 uM 24h => DMSO 24h' (inibitore IRE1, non androgenico), piu' controlli shRNA combinati ('shControl_puro/shControl_neo + Vehicle') che aggiungono un asse genetico distinto: assi sperimentali diversi pooled insieme."
group_L4_eda28231,disease_vs_normal,Lung Neoplasms,34,11,5,6,0,0.5713765752468158,42.862342475318414,0.3475609756097561,multi_contrast,minestrone,FALSE,"Mescola tumore polmonare vero con polmonite interstiziale idiopatica ('Idiopathic nonspecific interstitial pneumonia => Normal lung tissue') e sarcoidosi ('Sarcoidosis lung => Healthy lung'), oltre a 3 contrasti di overespressione genica TBX4/TBX5 nella linea cellulare NCI-H1299 (asse genetico, non malattia-vs-normale)."
group_L4_ee9efe5d,small_molecule,6-<em>O</em>-sulfo-α-<small>D</small>-Glc-(1→6)-α-<small>D</small>-Glc-(1→6)-α-<small>D</small>-Glc-(1→3)-1-<em>O</em>-alkyl-2-<em>O</em>-acylglycerol,10,38,2,1,0,0.9998910983055284,0.0108901694471695,0.351575456053068,multi_contrast,minestrone,FALSE,"Treated side mixes plain ""Estradiol => Vehicle"" with combo ""Estradiol and Fulvestrant => Vehicle control"" (an added ER-antagonist) - a different pharmacological question layered onto the same vehicle-labeled control."
group_L4_efcb5d75,pathogen_or_aggregate_exposure,Epstein-Barr virus,15,23,11,11,0,0.9999723541488744,0.00276458511255367,0.5419847328244275,multi_contrast,minestrone,FALSE,"minestrone estremo di patogeni scollegati sotto il nome EBV: TB ('activeTB donor ... => LTBI donor ...'), COVID-19 (ICU vs no-ICU), HBV/HCV, HTLV-1 con trattamento TCQ, malaria, Leishmaniosi viscerale e Pam3CSK4 (agonista TLR2) — assi biologici del tutto indipendenti pooled insieme."
group_L4_f0c1b4e6,small_molecule,staurosporine,3,3,1,2,0,0.9975116326221668,0.2488367377833289,0.38745704467353953,multi_contrast,minestrone,FALSE,"""HCT116 K7174 => HCT116 untreated"" uses a different compound (K7174) than the two genuine staurosporine (STS)-vs-DMSO contrasts."
group_L4_f1b58d77,disease_vs_normal,dilated cardiomyopathy,24,62,6,12,0,1,0,0.45353982300884954,multi_contrast,minestrone,FALSE,"'Dilated cardiomyopathy' cluster is almost entirely unrelated diseases: COVID severity staging (wpi), CML, AML, CLL, ETP-ALL leukemia (vs a cancer cell line as 'control'), Acne, ALPS, Multiple Sclerosis, Rheumatoid Arthritis, vascular calcification/circRNA constructs - only 'DCM patients => Healthy controls' actually involves dilated cardiomyopathy."
group_L4_f1b8b6ad,genetic_knockdown,DHTKD1,16,25,10,3,0,0.24077123954223337,75.92287604577666,0.13487738419618528,multi_contrast,minestrone,FALSE,"No contrast targets canonical DHTKD1; instead pools unrelated perturbations - E1A knockdown, EWS-FLI1/EWSR1 overexpression and knockdown, PGC1a+drug '991', KIM-1 knockdown, INTS8, MESH1, RTCA, TAF5, UBE2A/B, dose-response ZDHHC2 knockdown, and YAP1/WWTR1 knockdowns - all against a shared generic 'Negative control' label."
group_L4_f20ecdaa,disease_vs_normal,acute lymphoblastic leukemia,22,10,3,7,0,1,0,0.8333333333333334,multi_contrast,minestrone,FALSE,"Under canonical name 'acute lymphoblastic leukemia', only 'MSC from ALL patients => MSC from Healthy donors' plausibly relates to ALL; the rest share only a generic 'Healthy Control' label while covering Crohn's disease ('CD patient 1'), ALS ('Juvenile ALS Case'), HIV status ('LTNP P12 low viral load'), Multiple Sclerosis ('MS.NoTrt'), psoriatic arthritis, and X-linked adrenoleukodystrophy ('X-ALD macrophages')."
group_L4_f2e4b879,environmental,NA,38,57,13,11,0,0.9996844994194556,0.03155005805445333,0.4041095890410959,multi_contrast,minestrone,FALSE,"Nessun nome canonico e i contrasti spaziano da displasia broncopolmonare ('BPD, passage 6 => Control, passage 8'), fibrosi cistica vs normale, esposizione a PM2.5 combinata con virus influenzale H3N2 ('PM2.5 (12.5 µg/mL) + H3N2 (MOI=1) => serum-free medium'), senescenza cellulare, fumo di sigaretta/e-cig, fibrosi indotta da TGFB in coltura 3D e deprivazione di glutammina: assi di malattia ed esposizione multipli e non correlati."
group_L4_f477e6a4,cytokine_stim,TGFB1,7,8,2,1,0,0.6245541525249371,37.54458474750629,0.4073494917904613,multi_contrast,minestrone,FALSE,"Controls are uniformly vehicle/no-treatment, but treated arm mixes pure TGF-beta1 with confounded combinations 'HPMVEC TGF-beta+IL-1beta(+acetate)' and 'Saracatanib + TGFb', different experimental questions from isolated TGFB1 stimulation."
group_L4_f4b9f686,small_molecule,physostigmine,5,5,1,2,0,0.21439699233952292,78.5603007660477,0.3828049017700837,multi_contrast,minestrone,FALSE,"All 5 contrasts are actually bleomycin (not physostigmine - a labeling issue) but they mix a two-drug combo (""Bleomycin and PDKIN => Vehicle Control"", no PDKIN-only control), a genotype-confounded pair (""Bleomycin with transgene (additional) => Control without transgene""), and a distinct genetic background (""bleomycin (STING deficiency) => untreated"") without matched genotype controls."
group_L4_f6799506,small_molecule,5-fluorouracil,8,18,3,4,0,0.17048799762366318,82.95120023763369,0.1285623812539582,multi_contrast,minestrone,FALSE,"Il gruppo dominante (6x) 'Primary Colon Tumor - TRG4-5 => Treatment Naive' e' una stratificazione clinica per grado di regressione tumorale (non un confronto farmaco-vs-veicolo), il controllo 'HCT116 WT + total RNA' e' un riferimento tecnico non un vehicle, e i codici 'HH1_10uM' non sono identificati come 5-FU: assi sperimentali disomogenei oltre al vero 5-FU-vs-DMSO."
group_L4_f6d5d62c,genetic_knockdown,ovarian cancer,15,23,7,5,0,0.0987518646238853,90.12481353761147,0.11746680286006128,multi_contrast,minestrone,FALSE,"Canonical name is a disease category; pools unrelated genes (XPR1, YAP/TAZ, PAI-1/SERPINE1, L3), a CAG/CUG-repeat-targeting oligo series (siCAG/CUG, siMxy variants), miR-508-3p inhibitor contrasts, and a platelet-co-culture factorial ('PAI-1 siRNA + healthy donor platelets' vs 'SK-OV-3 adenocarcinoma untreated') - no shared target."
group_L4_f789d4d7,genetic_knockdown,TFAP2C,65,84,32,4,0,1,0,0.4235294117647059,multi_contrast,minestrone,FALSE,"Only the HCC1569/HCC1954 'TFAP2C siRNA' contrasts match the canonical gene; dozens of others knock down unrelated genes (HDAC1, HDAC7, CIP2A, hnRNP A1, RBCK1, TRIM8, RORC, SMURF1, AKTIP, lncRNA152/67) or apply non-knockdown perturbations ('MCF10A hRASV12', estrogen treatment vs 'MCF7 vehicle', palbociclib-resistance) under one anchor name."
group_L4_f8e64e35,environmental,colon cancer,35,44,13,10,0,0.941050644047052,5.8949355952947995,0.5267175572519084,multi_contrast,minestrone,FALSE,"Il trattato mescola linee di cancro colorettale sotto stress metabolico/farmaco ('HCT116 + DMSO', 'Glutamine-deficient HCT116', 'SW480 cystine-restriction'), colite ulcerosa/Crohn vs sano ('UC, No Treatment', 'Healthy, sigmoid colon'), sepsi ('Colon Sepsis => Colon Control') e persino una linea cervicale ('SiHa_pH7.4'): assi biologici del tutto diversi sotto lo stesso anchor 'colon cancer'."
group_L4_f97d823d,environmental,None,11,10,8,7,0,1,0,0.5778491171749599,multi_contrast,minestrone,FALSE,"Mescola artrite idiopatica giovanile attiva ('Active JIA on Treatment (Treated) => ... (Control)'), stimolazione antigenica di cellule T CD8+, sarcoma/ematuria vs controlli asintomatici, trattamento con oxLDL, knock-in di fattori di trascrizione RFP-JUN/TFAP4 stimolati, ed esposizione a particelle UHMWPE: nessun asse comune."
group_L4_fbaef709,small_molecule,vemurafenib,11,37,4,2,0.02702702702702703,1,0,0.631578947368421,one_contrast,coherent,FALSE,"Tutti i contrasti sono vemurafenib (o BRAFi) vs DMSO/vehicle/untreated in melanoma (A375, M14, M249, PDX), cardiomiociti (cardiotossicita' nota di vemurafenib) e biopsie pre/post-trattamento; nessun composto estraneo identificato, solo un pairing degenere ('Vemurafenib + EGF 8h => Vemurafenib + EGF 8h') e mismatch di clone/donatore come artefatti minori."
group_L4_fdd42642,disease_vs_normal,prostate cancer,174,93,15,4,0,0.9483698024728906,5.1630197527109365,0.26011560693641617,multi_contrast,minestrone,FALSE,"Mixes case_control_disease (27x 'Case Prostate Tissue => Non-Cancerous Prostate Tissue') with drug-vehicle axes ('Combo 24h/4h => DMSO 24h/4h') and genetic-perturbation axes ('LNCaP-EV2 (Empty Vector)', 'DU145 SPINK2 => DU145 control', 'LIN28A-TUT4-TUT7-KO' series) - unrelated experimental designs under one anchor."
group_L4_fdeba763,disease_vs_normal,systemic lupus erythematosus,36,49,6,16,0,0.4941114304658053,50.588856953419466,0.18210361067503925,multi_contrast,minestrone,FALSE,"Il cluster 'systemic lupus erythematosus' ha solo 1 contrasto di vero lupus ('Lupus Case 2 => Healthy Control'); il resto e' asma, cardiopatia coronarica, insufficienza cardiaca, adenoma/cancro colorettale, adenocarcinoma esofageo, meningioma, sclerosi sistemica cutanea (dcSSc/lcSSc) e diabete gestazionale ('GDM => NGT'): decine di malattie non correlate."
