"cluster_id","k_effective","n_studi_poolati","contrast_entity","contrast_entity_label","contrast_direction","contrast_control_key","k_eff_mio","k_censito","n_studi_censiti","scarto"
"cgroup_L5_004d293d",5,5,"CHEBI:49603","lapatinib","gain","vehicle_untreated",5,9,9,0
"cgroup_L5_00fd9348",3,3,"CHEBI:8499","propranolol","gain","vehicle_untreated",3,3,3,0
"cgroup_L5_021e875e",17,17,"CHEBI:27899","cisplatin","gain","vehicle_untreated",17,30,30,0
"cgroup_L5_034592d9",3,3,"NCBITaxon:1282","Staphylococcus epidermidis","gain","vehicle_untreated",3,3,3,0
"cgroup_L5_03b38818",9,9,"CHEBI:63637","vemurafenib","gain","vehicle_untreated",9,20,20,0
"cgroup_L5_03d0ca7b",3,3,"CHEBI:4551","digoxin","gain","vehicle_untreated",3,5,5,0
"cgroup_L5_05322ba1",3,3,"CHEBI:71019","omacetaxine","gain","vehicle_untreated",3,3,3,0
"cgroup_L5_089ccae5",5,5,"CHEBI:52717","bortezomib","gain","vehicle_untreated",5,8,8,0
"cgroup_L5_0e66597e",12,12,"CHEBI:31638","fulvestrant","gain","vehicle_untreated",12,15,15,0
"cgroup_L5_10344dfd",4,4,"CHEBI:4167","D-glucopyranose","gain","vehicle_untreated",4,5,5,0
"cgroup_L5_12212e41",8,8,"STR:multiple_sclerosis","multiple sclerosis","gain","vehicle_untreated",8,9,9,0
"cgroup_L5_12228932",5,5,"HGNC:3229","EGF","gain","vehicle_untreated",5,12,12,0
"cgroup_L5_16525349",4,4,"CHEBI:78543","ponatinib","gain","vehicle_untreated",4,4,4,0
"cgroup_L5_17b35bdc",4,4,"CHEBI:4672","docetaxel","gain","vehicle_untreated",4,8,8,0
"cgroup_L5_17b55386",4,4,"STR:fshd","fshd","gain","vehicle_untreated",4,4,4,0
"cgroup_L5_1bbf4b9b",6,6,"MeSH:D013274","Stomach Neoplasms","gain","vehicle_untreated",6,8,8,0
"cgroup_L5_1d96b9da",10,10,"CHEBI:84491","poly(I:C)","gain","vehicle_untreated",10,16,16,0
"cgroup_L5_1e8a735e",3,3,"CHEBI:9516","thapsigargin","gain","vehicle_untreated",3,6,6,0
"cgroup_L5_2248a891",3,3,"CHEBI:42471","forskolin","gain","vehicle_untreated",3,5,5,0
"cgroup_L5_24ae0579",3,3,"CHEBI:47898","4'-epidoxorubicin","gain","vehicle_untreated",3,3,3,0
"cgroup_L5_28bee975",3,3,"CHEMBL:CHEMBL3987016","MIVEBRESIB","gain","vehicle_untreated",3,3,3,0
"cgroup_L5_2987cdb6",7,7,"CHEBI:114785","erlotinib","gain","vehicle_untreated",7,10,10,0
"cgroup_L5_29cb04f8",6,6,"CHEBI:46345","5-fluorouracil","gain","vehicle_untreated",6,11,11,0
"cgroup_L5_2a225fda",4,4,"STR:asthma","asthma","gain","vehicle_untreated",4,5,5,0
"cgroup_L5_2ab433c8",6,6,"HGNC:14900","IL22","gain","vehicle_untreated",6,6,6,0
"cgroup_L5_2d53def6",3,3,"HGNC:6005","IL21","gain","vehicle_untreated",3,5,5,0
"cgroup_L5_2e16719f",59,59,"HGNC:11766","TGFB1","gain","vehicle_untreated",59,78,78,0
"cgroup_L5_2ec87595",8,8,"CHEBI:6801","metformin","gain","vehicle_untreated",8,12,12,0
"cgroup_L5_31308596",5,5,"CHEBI:37537","PMA (phorbol 12-myristate 13-acetate)","gain","vehicle_untreated",5,8,8,0
"cgroup_L5_3370a794",4,4,"CHEBI:145372","gilteritinib","gain","vehicle_untreated",4,4,4,0
"cgroup_L5_3439da02",4,4,"CHEBI:68478","everolimus","gain","vehicle_untreated",4,5,5,0
"cgroup_L5_344e058f",3,3,"HGNC:1071","BMP4","gain","vehicle_untreated",3,5,5,0
"cgroup_L5_356eedd3",3,3,"CHEBI:46024","trichostatin A","gain","vehicle_untreated",3,5,5,0
"cgroup_L5_35d1be10",8,8,"STR:nutlin_3a","nutlin 3a","gain","vehicle_untreated",8,10,10,0
"cgroup_L5_3668c2c2",3,3,"CHEMBL:CHEMBL4297771","INTERLEUKIN-10","gain","vehicle_untreated",3,4,4,0
"cgroup_L5_37942548",4,4,"CHEBI:15367","all-trans-retinoic acid","gain","vehicle_untreated",4,7,7,0
"cgroup_L5_37ecd157",4,4,"STR:vegf","vegf","gain","vehicle_untreated",4,4,4,0
"cgroup_L5_3824dc37",6,6,"STR:nash","nash","gain","vehicle_untreated",6,7,7,0
"cgroup_L5_387b0d1a",3,3,"MeSH:D003922","Diabetes Mellitus, Type 1","gain","vehicle_untreated",3,4,4,0
"cgroup_L5_3973fe03",4,4,"HGNC:5991","IL1A","gain","vehicle_untreated",4,6,6,0
"cgroup_L5_3a0a595f",10,10,"CHEBI:49375","dasatinib","gain","vehicle_untreated",10,11,11,0
"cgroup_L5_3a58e5f5",3,3,"CHEBI:15551","prostaglandin E2","gain","vehicle_untreated",3,4,4,0
"cgroup_L5_3a625868",4,4,"CHEBI:231601","trastuzumab","gain","vehicle_untreated",4,5,5,0
"cgroup_L5_3b461817",4,4,"CHEBI:52172","nilotinib","gain","vehicle_untreated",4,5,5,0
"cgroup_L5_3b91a21d",6,6,"MeSH:D009362","Neoplasm Metastasis","gain","vehicle_untreated",6,8,8,0
"cgroup_L5_3be7454c",3,3,"HGNC:5417","IFNA1","gain","vehicle_untreated",3,6,6,0
"cgroup_L5_3d8c29f4",4,4,"HGNC:6001","IL2","gain","vehicle_untreated",4,6,6,0
"cgroup_L5_3de56a79",3,3,"STR:pdac","pdac","gain","vehicle_untreated",3,4,4,0
"cgroup_L5_3eaa92c9",5,5,"CHEBI:50122","rosiglitazone","gain","vehicle_untreated",5,5,5,0
"cgroup_L5_3ec58cd6",7,7,"STR:obese","obese","gain","vehicle_untreated",7,7,7,0
"cgroup_L5_3f0cc1fe",4,4,"MeSH:D003093","Colitis, Ulcerative","gain","vehicle_untreated",4,10,10,0
"cgroup_L5_3fa847fe",3,3,"STR:osteoarthritis","osteoarthritis","gain","vehicle_untreated",3,5,5,0
"cgroup_L5_4041e3af",5,5,"CHEBI:95077","GSK-J4","gain","vehicle_untreated",5,5,5,0
"cgroup_L5_41f7b088",8,8,"CHEBI:49668","gefitinib","gain","vehicle_untreated",8,11,11,0
"cgroup_L5_444e7fc2",9,9,"NCBITaxon:10359","HCMV (human cytomegalovirus)","gain","vehicle_untreated",9,12,12,0
"cgroup_L5_455fe91d",3,3,"CHEBI:86193","DAPT","gain","vehicle_untreated",3,4,4,0
"cgroup_L5_469db990",3,3,"STR:nahs","nahs","gain","vehicle_untreated",3,3,3,0
"cgroup_L5_46a3a103",7,7,"STR:radiation","radiation","gain","vehicle_untreated",7,9,9,0
"cgroup_L5_4753688f",7,7,"STR:r5020","r5020","gain","vehicle_untreated",7,8,8,0
"cgroup_L5_479c6221",5,5,"CHEBI:124921","GSK126","gain","vehicle_untreated",5,9,9,0
"cgroup_L5_49d55bfd",10,10,"HGNC:6014","IL4","gain","vehicle_untreated",10,14,14,0
"cgroup_L5_49e290ae",4,4,"CHEBI:4031","cyclosporin A","gain","vehicle_untreated",4,5,5,0
"cgroup_L5_4b901bf1",9,9,"STR:psoriasis","psoriasis","gain","vehicle_untreated",9,10,10,0
"cgroup_L5_4be9e90d",4,4,"CHEBI:39421","PFOS","gain","vehicle_untreated",4,4,4,0
"cgroup_L5_4d535f25",3,3,"STR:ykl_5_124","ykl 5 124","gain","vehicle_untreated",3,3,3,0
"cgroup_L5_4f4d9051",6,6,"CHEMBL:CHEMBL265582","TNF-ALPHA","gain","vehicle_untreated",6,7,7,0
"cgroup_L5_516200d1",3,3,"CHEBI:29073","L-ascorbic acid","gain","vehicle_untreated",3,4,4,0
"cgroup_L5_522e9ebd",3,3,"STR:keratoconus","keratoconus","gain","vehicle_untreated",3,3,3,0
"cgroup_L5_522fa0c2",4,4,"STR:sals","sals","gain","vehicle_untreated",4,5,5,0
"cgroup_L5_523e64b9",3,3,"CHEBI:67271","MK-2206","gain","vehicle_untreated",3,4,4,0
"cgroup_L5_535d97f6",9,9,"CHEBI:45783","imatinib","gain","vehicle_untreated",9,13,13,0
"cgroup_L5_538960a6",4,4,"NCBITaxon:1773","mycobacteriumtuberculosis","gain","vehicle_untreated",4,5,5,0
"cgroup_L5_545a48c6",3,3,"MeSH:D000077192","Adenocarcinoma of Lung","gain","vehicle_untreated",3,4,4,0
"cgroup_L5_56d531e8",3,3,"CHEBI:17154","nicotinamide","gain","vehicle_untreated",3,3,3,0
"cgroup_L5_5927750b",4,4,"CHEBI:65347","carfilzomib","gain","vehicle_untreated",4,4,4,0
"cgroup_L5_5929f298",3,3,"STR:snx631","snx631","gain","vehicle_untreated",3,3,3,0
"cgroup_L5_5b9a08fb",3,3,"CHEBI:44185","methotrexate","gain","vehicle_untreated",3,4,4,0
"cgroup_L5_5d97d5b1",3,3,"CHEBI:59132","antigen (classe-ombrello)","gain","vehicle_untreated",3,3,3,0
"cgroup_L5_5e0c0fae",4,4,"CHEMBL:CHEMBL1201576","RITUXIMAB","gain","vehicle_untreated",4,4,4,0
"cgroup_L5_601ede7b",10,10,"CHEBI:90943","osimertinib","gain","vehicle_untreated",10,14,14,0
"cgroup_L5_63e69fdc",6,6,"MeSH:D000544","Alzheimer Disease","gain","vehicle_untreated",6,7,7,0
"cgroup_L5_6b7b8076",3,3,"MeSH:D000077273","Thyroid Cancer, Papillary","gain","vehicle_untreated",3,4,4,0
"cgroup_L5_6df6a50e",13,13,"CHEBI:50924","sorafenib","gain","vehicle_untreated",13,17,17,0
"cgroup_L5_6ee86f02",3,3,"MeSH:D013167","Spondylitis, Ankylosing","gain","vehicle_untreated",3,3,3,0
"cgroup_L5_702a5dea",9,9,"CHEBI:75998","trametinib","gain","vehicle_untreated",9,15,15,0
"cgroup_L5_721184e6",11,11,"CHEBI:230500","THZ1","gain","vehicle_untreated",11,18,18,0
"cgroup_L5_729b276d",3,3,"MeSH:D016640","Diabetes, Gestational","gain","vehicle_untreated",3,3,3,0
"cgroup_L5_74daf1c9",4,4,"STR:oscc","oscc","gain","vehicle_untreated",4,4,4,0
"cgroup_L5_7784bb43",6,6,"STR:pcos","pcos","gain","vehicle_untreated",6,6,6,0
"cgroup_L5_7805eee6",7,7,"STR:covid_19","covid 19","gain","vehicle_untreated",7,12,12,0
"cgroup_L5_7934174c",9,9,"CHEBI:231598","tazemetostat","gain","vehicle_untreated",9,13,13,0
"cgroup_L5_79a73ac5",7,7,"NCBITaxon:11320","Influenza A virus","gain","vehicle_untreated",7,9,9,0
"cgroup_L5_79b3a442",3,3,"STR:cteph","cteph","gain","vehicle_untreated",3,3,3,0
"cgroup_L5_79ce3bd1",6,6,"CHEBI:3139","bleomycin A2","gain","vehicle_untreated",6,10,10,0
"cgroup_L5_81b706c4",3,3,"CHEBI:45863","paclitaxel","gain","vehicle_untreated",3,12,12,0
"cgroup_L5_828ae0cb",4,4,"HGNC:11927","TWEAK (TNFSF12)","gain","vehicle_untreated",4,5,5,0
"cgroup_L5_82f82010",5,5,"STR:diabetic","diabetic","gain","vehicle_untreated",5,6,6,0
"cgroup_L5_8341bee7",3,3,"CHEBI:17026","progesterone","gain","vehicle_untreated",3,3,3,0
"cgroup_L5_83b1f88c",3,3,"CHEBI:61397","neratinib","gain","vehicle_untreated",3,3,3,0
"cgroup_L5_83f57274",25,25,"STR:hypoxia","hypoxia","gain","normoxia",25,37,37,0
"cgroup_L5_840b7e36",3,3,"HGNC:1653","anti-CD3/CD28 stimulation","gain","vehicle_untreated",3,4,4,0
"cgroup_L5_844de383",5,5,"STR:sjogren_s_syndrome","sjogren s syndrome","gain","vehicle_untreated",5,6,6,0
"cgroup_L5_85083e38",10,10,"MeSH:D010300","Parkinson Disease","gain","vehicle_untreated",10,11,11,0
"cgroup_L5_855ca642",3,3,"COMBO:hydrogen+peroxide","hydrogen + peroxide","gain","vehicle_untreated",3,3,3,0
"cgroup_L5_862cd9b9",3,3,"CHEBI:167670","SCH772984","gain","vehicle_untreated",3,3,3,0
"cgroup_L5_871ae09e",34,34,"NCBITaxon:2697049","SARS-CoV-2","gain","vehicle_untreated",34,38,38,0
"cgroup_L5_87c40ebb",20,20,"HGNC:5438","IFNG","gain","vehicle_untreated",20,35,35,0
"cgroup_L5_889ec305",7,7,"MeSH:D015179","Colorectal Neoplasms","gain","vehicle_untreated",7,13,13,0
"cgroup_L5_8958b27a",5,5,"CHEBI:46741","Nutlin","gain","vehicle_untreated",5,7,7,0
"cgroup_L5_8a54ddd6",14,14,"CHEBI:28748","doxorubicin","gain","vehicle_untreated",14,27,27,0
"cgroup_L5_8ac307e0",4,4,"CHEBI:72317","cabozantinib","gain","vehicle_untreated",4,8,8,0
"cgroup_L5_8b61f50b",4,4,"CHEBI:41774","tamoxifen","gain","vehicle_untreated",4,7,7,0
"cgroup_L5_8c9339f5",5,5,"NCBITaxon:64320","Zika virus","gain","vehicle_untreated",5,6,6,0
"cgroup_L5_8eca612e",3,3,"CHEBI:75045","dabrafenib","gain","vehicle_untreated",3,4,4,0
"cgroup_L5_905be893",18,18,"HGNC:5992","IL1B","gain","vehicle_untreated",18,26,26,0
"cgroup_L5_90db4e34",3,3,"CHEBI:17347","testosterone","gain","vehicle_untreated",3,6,6,0
"cgroup_L5_92f4f307",3,3,"CHEBI:64317","isoprenaline","gain","vehicle_untreated",3,3,3,0
"cgroup_L5_93068469",4,4,"CHEBI:2038","5-azacytidine","gain","vehicle_untreated",4,6,6,0
"cgroup_L5_930c8dcf",23,23,"CHEBI:16330","DHT (5alpha-dihydrotestosterone)","gain","vehicle_untreated",23,34,34,0
"cgroup_L5_964c6389",3,3,"MeSH:D006816","Huntington Disease","gain","vehicle_untreated",3,4,4,0
"cgroup_L5_96c9f7bf",4,4,"STR:bipolar_disorder","bipolar disorder","gain","vehicle_untreated",4,4,4,0
"cgroup_L5_988d478d",4,4,"STR:copd","copd","gain","vehicle_untreated",4,4,4,0
"cgroup_L5_99d7941a",5,5,"CHEBI:72564","temozolomide","gain","vehicle_untreated",5,5,5,0
"cgroup_L5_9bb4734d",3,3,"STR:ifnb","ifnb","gain","vehicle_untreated",3,5,5,0
"cgroup_L5_9bdf0dcb",3,3,"STR:ifna","ifna","gain","vehicle_untreated",3,6,6,0
"cgroup_L5_9de3f0ea",3,3,"STR:tb_positive","tb positive","gain","tb negative",3,3,3,0
"cgroup_L5_9f0ea111",3,3,"CHEBI:230484","StemRegenin 1","gain","vehicle_untreated",3,4,4,0
"cgroup_L5_a12414d4",10,10,"CHEBI:16469","17β-estradiol","gain","vehicle_untreated",10,16,16,0
"cgroup_L5_a25d0964",10,10,"HGNC:6018","IL6","gain","vehicle_untreated",10,10,10,0
"cgroup_L5_a32e5eaa",14,14,"CHEBI:50131","5-aza-2'-deoxycytidine","gain","vehicle_untreated",14,31,31,0
"cgroup_L5_a3c3e08c",3,3,"MeSH:D008175","Lung Neoplasms","gain","vehicle_untreated",3,5,5,0
"cgroup_L5_a3f0c959",3,3,"CHEBI:232752","GSK-LSD1","gain","vehicle_untreated",3,4,4,0
"cgroup_L5_a4029927",4,4,"CHEBI:61390","afatinib","gain","vehicle_untreated",4,4,4,0
"cgroup_L5_a69fcae5",4,4,"MeSH:D008180","Lupus Erythematosus, Systemic","gain","vehicle_untreated",4,6,6,0
"cgroup_L5_a6fd82fa",5,5,"CHEBI:44616","afimoxifene","gain","vehicle_untreated",5,9,9,0
"cgroup_L5_a739837c",3,3,"STR:adenoma","adenoma","gain","vehicle_untreated",3,4,4,0
"cgroup_L5_a747a14e",4,4,"STR:pm2_5","pm2 5","gain","vehicle_untreated",4,4,4,0
"cgroup_L5_a7509255",4,4,"NCBITaxon:1280","Staphylococcus aureus","gain","vehicle_untreated",4,4,4,0
"cgroup_L5_a8015c98",5,5,"CHEBI:175901","gemcitabine","gain","vehicle_untreated",5,7,7,0
"cgroup_L5_a8d88150",4,4,"CHEBI:85994","lenvatinib","gain","vehicle_untreated",4,5,5,0
"cgroup_L5_a8ff7b6d",5,5,"STR:atra","atra","gain","vehicle_untreated",5,9,9,0
"cgroup_L5_aa8c1d6d",5,5,"CHEBI:230508","birabresib","gain","vehicle_untreated",5,9,9,0
"cgroup_L5_aad8ed47",3,3,"COMBO:taz+yap","taz + yap","block","control sirna",3,3,3,0
"cgroup_L5_ae11259e",4,4,"CHEBI:71200","tofacitinib","gain","vehicle_untreated",4,5,5,0
"cgroup_L5_ae969461",3,3,"CHEBI:47458","saracatinib","gain","vehicle_untreated",3,3,3,0
"cgroup_L5_aecd610f",14,14,"STR:schizophrenia","schizophrenia","gain","vehicle_untreated",14,15,15,0
"cgroup_L5_b0066299",4,4,"STR:keloid","keloid","gain","vehicle_untreated",4,10,10,0
"cgroup_L5_b2affd22",6,6,"MeSH:D011225","Pre-Eclampsia","gain","vehicle_untreated",6,9,9,0
"cgroup_L5_b32ab7f6",9,9,"HGNC:5981","IL17A","gain","vehicle_untreated",9,12,12,0
"cgroup_L5_b3ccf1c1",3,3,"CHEBI:49960","vandetanib","gain","vehicle_untreated",3,3,3,0
"cgroup_L5_b5db4aff",4,4,"CHEBI:229764","selinexor","gain","vehicle_untreated",4,5,5,0
"cgroup_L5_b6b8bc00",15,15,"CHEBI:85993","palbociclib","gain","vehicle_untreated",15,26,26,0
"cgroup_L5_b71a25a2",25,25,"CHEBI:137113","JQ1","gain","vehicle_untreated",25,41,41,0
"cgroup_L5_b9c77320",4,4,"NCBITaxon:11676","HIV-1","gain","vehicle_untreated",4,6,6,0
"cgroup_L5_b9e7806c",3,3,"CHEBI:143122","THZ531","gain","vehicle_untreated",3,7,7,0
"cgroup_L5_ba4af011",7,7,"STR:irradiation","irradiation","gain","vehicle_untreated",7,7,7,0
"cgroup_L5_bb8cb388",7,7,"STR:endometriosis","endometriosis","gain","vehicle_untreated",7,9,9,0
"cgroup_L5_bd19fe42",9,9,"MeSH:D006528","Carcinoma, Hepatocellular","gain","vehicle_untreated",9,11,11,0
"cgroup_L5_bd40f34f",3,3,"HGNC:5977","IL15","gain","vehicle_untreated",3,4,4,0
"cgroup_L5_be15b706",12,12,"HGNC:5973","IL13","gain","vehicle_untreated",12,15,15,0
"cgroup_L5_c040a36d",4,4,"MeSH:D002292","Carcinoma, Renal Cell","gain","vehicle_untreated",4,5,5,0
"cgroup_L5_c054e202",6,6,"CHEBI:9168","sirolimus","gain","vehicle_untreated",6,8,8,0
"cgroup_L5_c0d1d837",19,19,"CHEBI:68534","enzalutamide","gain","vehicle_untreated",19,29,29,0
"cgroup_L5_c13b1103",5,5,"MeSH:D065626","Non-alcoholic Fatty Liver Disease","gain","vehicle_untreated",5,5,5,0
"cgroup_L5_c3ae78cd",10,10,"MeSH:D003424","Crohn Disease","gain","vehicle_untreated",10,16,16,0
"cgroup_L5_c548d053",35,35,"CHEBI:16412","lipopolysaccharide","gain","vehicle_untreated",35,50,50,0
"cgroup_L5_c5e86fe9",7,7,"CHEBI:83766","olaparib","gain","vehicle_untreated",7,15,15,0
"cgroup_L5_c860712d",5,5,"STR:cystic_fibrosis","cystic fibrosis","gain","vehicle_untreated",5,7,7,0
"cgroup_L5_cacf5d1a",3,3,"STR:f_nucleatum","f nucleatum","gain","vehicle_untreated",3,3,3,0
"cgroup_L5_cf34c533",3,3,"CHEBI:46742","Nutlin-3","gain","vehicle_untreated",3,5,5,0
"cgroup_L5_cfad03a8",3,3,"STR:hepatoblastoma","hepatoblastoma","gain","vehicle_untreated",3,5,5,0
"cgroup_L5_d28620cd",3,3,"CHEBI:15738","staurosporine","gain","vehicle_untreated",3,3,3,0
"cgroup_L5_d2c64672",4,4,"CHEBI:61080","romidepsin","gain","vehicle_untreated",4,6,6,0
"cgroup_L5_d411c435",5,5,"CHEBI:29699","tunicamycin","gain","vehicle_untreated",5,6,6,0
"cgroup_L5_d53bf74e",3,3,"MeSH:D008224","Lymphoma, Follicular","gain","vehicle_untreated",3,3,3,0
"cgroup_L5_d5e39a5d",4,4,"STR:sarcopenia","sarcopenia","gain","vehicle_untreated",4,4,4,0
"cgroup_L5_d631ee89",3,3,"HGNC:6011","IL3","gain","vehicle_untreated",3,4,4,0
"cgroup_L5_d7abf612",3,3,"CHEBI:28201","rotenone","gain","vehicle_untreated",3,3,3,0
"cgroup_L5_d7ad915e",7,7,"CHEBI:39867","valproic acid","gain","vehicle_untreated",7,8,8,0
"cgroup_L5_d8006c5b",3,3,"CHEBI:31941","oxaliplatin","gain","vehicle_untreated",3,4,4,0
"cgroup_L5_d9e23e09",32,32,"HGNC:11892","TNF","gain","vehicle_untreated",32,41,41,0
"cgroup_L5_dc7451b1",7,7,"CHEBI:230493","pinometostat","gain","vehicle_untreated",7,8,8,0
"cgroup_L5_dcce160a",4,4,"CHEBI:41977","daunorubicin","gain","vehicle_untreated",4,5,5,0
"cgroup_L5_dd2a13de",3,3,"STR:idiopathic_pulmonary_fibrosis","idiopathic pulmonary fibrosis","gain","vehicle_untreated",3,7,7,0
"cgroup_L5_dd2a1a58",5,5,"STR:heart_failure","heart failure","gain","vehicle_untreated",5,6,6,0
"cgroup_L5_dde29fb4",8,8,"CHEBI:16240","hydrogen peroxide","gain","vehicle_untreated",8,20,20,0
"cgroup_L5_debadb13",3,3,"NCBITaxon:10407","hepatitis B virus","gain","vehicle_untreated",3,4,4,0
"cgroup_L5_df599af1",5,5,"STR:sepsis","sepsis","gain","vehicle_untreated",5,7,7,0
"cgroup_L5_e16bfa7f",3,3,"CHEMBL:CHEMBL4297454","ABBV-744","gain","vehicle_untreated",3,3,3,0
"cgroup_L5_e17c136b",3,3,"CHEBI:145535","pevonedistat","gain","vehicle_untreated",3,4,4,0
"cgroup_L5_e294a3bc",3,3,"CHEBI:49852","DRB","gain","vehicle_untreated",3,5,5,0
"cgroup_L5_e7eebebd",3,3,"STR:steatotic","steatotic","gain","vehicle_untreated",3,3,3,0
"cgroup_L5_ea4a1823",3,3,"CHEBI:22984","calcium atom","gain","vehicle_untreated",3,3,3,0
"cgroup_L5_eb5e1e65",13,13,"CHEBI:41879","dexamethasone","gain","vehicle_untreated",13,20,20,0
"cgroup_L5_eba39954",4,4,"MeSH:D000074285","Smokers","gain","non smoker",4,5,5,0
"cgroup_L5_ee94648c",3,3,"NCBITaxon:562","Escherichia coli","gain","vehicle_untreated",3,6,6,0
"cgroup_L5_eedd08cb",3,3,"STR:sirna_pool_against_igf2bp1","sirna pool against igf2bp1","block","control sirna",3,4,4,0
"cgroup_L5_efced505",9,9,"CHEBI:38940","sunitinib","gain","vehicle_untreated",9,11,11,0
"cgroup_L5_f2139c4f",3,3,"CHEBI:94287","erastin","gain","vehicle_untreated",3,3,3,0
"cgroup_L5_f2481870",3,3,"CHEMBL:CHEMBL2022968","DUBERMATINIB","gain","vehicle_untreated",3,3,3,0
"cgroup_L5_f29dd3b3",5,5,"MeSH:D001172","Arthritis, Rheumatoid","gain","vehicle_untreated",5,7,7,0
"cgroup_L5_f34ff8df",3,3,"CHEBI:4911","etoposide","gain","vehicle_untreated",3,13,13,0
"cgroup_L5_f51ff620",4,4,"STR:asthmatic","asthmatic","gain","vehicle_untreated",4,4,4,0
"cgroup_L5_f56d966d",3,3,"CHEMBL:CHEMBL2177390","IPATASERTIB","gain","vehicle_untreated",3,4,4,0
"cgroup_L5_f640365a",3,3,"CHEBI:50385","hemin","gain","vehicle_untreated",3,4,4,0
"cgroup_L5_f832048f",5,5,"MeSH:D001943","Breast Neoplasms","gain","vehicle_untreated",5,6,6,0
"cgroup_L5_f94b6180",22,22,"CHEBI:379896","R1881 (metribolone)","gain","vehicle_untreated",22,26,26,0
"cgroup_L5_f956ef98",5,5,"CHEBI:28119","TCDD","gain","vehicle_untreated",5,7,7,0
"cgroup_L5_f97e50de",8,8,"CHEBI:64310","crizotinib","gain","vehicle_untreated",8,11,11,0
"cgroup_L5_f9cc41b3",3,3,"STR:vtp50469","vtp50469","gain","vehicle_untreated",3,3,3,0
"cgroup_L5_fd0c6a79",4,4,"CHEBI:68647","regorafenib","gain","vehicle_untreated",4,5,5,0
"cgroup_L5_fea19ca0",3,3,"HGNC:5434","IFNB1","gain","vehicle_untreated",3,4,4,0
"cgroup_L5_ff45f67e",3,3,"COMBO:ionomycin+pma","ionomycin + pma","gain","vehicle_untreated",3,5,5,0
"cgroup_L5_ff78d2a8",3,3,"CHEBI:15365","acetylsalicylic acid","gain","vehicle_untreated",3,5,5,0
