"cluster_id","entita","k","classe_registro","antenato_di_membro","str_stato_o_ombrello","non_entita"
"cgroup_L5_0031bf25","NCBITaxon:6603",1,"taxon_sopra_specie",FALSE,FALSE,TRUE
"cgroup_L5_003a0f4d","CHEBI:232354",1,"chebi_non_curata",FALSE,FALSE,TRUE
"cgroup_L5_0042b082","MeSH:D001172",1,"mesh_alto_nell_albero",FALSE,FALSE,TRUE
"cgroup_L5_0081a6ef","MeSH:D001471",1,"mesh_alto_nell_albero",FALSE,FALSE,TRUE
"cgroup_L5_0168004c","CHEBI:233309",2,"chebi_non_curata",FALSE,FALSE,TRUE
"cgroup_L5_03f00068","MeSH:D001064",1,"mesh_alto_nell_albero",FALSE,FALSE,TRUE
"cgroup_L5_049be823","CHEBI:24261",1,"",TRUE,FALSE,TRUE
"cgroup_L5_05cb4f56","CHEBI:9453",1,"chebi_non_curata",FALSE,FALSE,TRUE
"cgroup_L5_07809c2e","CHEBI:232616",2,"chebi_non_curata",FALSE,FALSE,TRUE
"cgroup_L5_08c0b6be","NCBITaxon:203327",1,"taxon_sopra_specie",FALSE,FALSE,TRUE
"cgroup_L5_08d867c8","NCBITaxon:3482",1,"taxon_sopra_specie",FALSE,FALSE,TRUE
"cgroup_L5_0a1196da","MeSH:D014947",1,"mesh_alto_nell_albero",FALSE,FALSE,TRUE
"cgroup_L5_0a1ba2c7","NCBITaxon:1279",1,"taxon_sopra_specie",FALSE,FALSE,TRUE
"cgroup_L5_0a7f851b","MeSH:D006976",1,"mesh_alto_nell_albero",FALSE,FALSE,TRUE
"cgroup_L5_0ad26b2e","CHEBI:230506",1,"chebi_non_curata",FALSE,FALSE,TRUE
"cgroup_L5_0bcddec7","CHEBI:202717",1,"chebi_non_curata",FALSE,FALSE,TRUE
"cgroup_L5_0bf5b572","CHEBI:231344",1,"chebi_non_curata",FALSE,FALSE,TRUE
"cgroup_L5_0c59b74d","CHEBI:16330+CHEBI:28262",1,"chebi_non_curata",FALSE,FALSE,TRUE
"cgroup_L5_0d263b9a","CHEBI:8688",1,"chebi_non_curata",FALSE,FALSE,TRUE
"cgroup_L5_0d830057","CHEBI:166631",1,"chebi_non_curata",FALSE,FALSE,TRUE
"cgroup_L5_0dd60753","CHEBI:233362",7,"chebi_non_curata",FALSE,FALSE,TRUE
"cgroup_L5_0f0d026d","CHEBI:231355",1,"chebi_non_curata",FALSE,FALSE,TRUE
"cgroup_L5_0f39d177","CHEBI:229254",1,"chebi_non_curata",FALSE,FALSE,TRUE
"cgroup_L5_0fc48d1f","MeSH:D001743",1,"mesh_alto_nell_albero",FALSE,FALSE,TRUE
"cgroup_L5_0fcd8d51","CHEBI:220491",1,"chebi_non_curata",FALSE,FALSE,TRUE
"cgroup_L5_106837da","STR:stat6_inhibitor",1,"",FALSE,TRUE,TRUE
"cgroup_L5_10e9842d","CHEBI:25675",1,"",TRUE,FALSE,TRUE
"cgroup_L5_127954f6","MeSH:D016474",1,"mesh_alto_nell_albero",FALSE,FALSE,TRUE
"cgroup_L5_12b6ade7","STR:mir_24_inhibitor",1,"",FALSE,TRUE,TRUE
"cgroup_L5_146cc6ca","CHEBI:157699",1,"chebi_non_curata",FALSE,FALSE,TRUE
"cgroup_L5_15ae8e47","MeSH:D011839",1,"mesh_alto_nell_albero",FALSE,FALSE,TRUE
"cgroup_L5_15c2a73c","CHEBI:193137",1,"chebi_non_curata",FALSE,FALSE,TRUE
"cgroup_L5_1681b5e2","NCBITaxon:55714",1,"taxon_sopra_specie",FALSE,FALSE,TRUE
"cgroup_L5_17308622","MeSH:D016640",1,"mesh_alto_nell_albero",FALSE,FALSE,TRUE
"cgroup_L5_17f4ee6d","MeSH:D008113",1,"mesh_alto_nell_albero",FALSE,FALSE,TRUE
"cgroup_L5_195c9443","MeSH:D000074285",2,"mesh_alto_nell_albero",FALSE,FALSE,TRUE
"cgroup_L5_1aed4547","STR:compound_e_gamma_secretase_inhibitor",1,"",FALSE,TRUE,TRUE
"cgroup_L5_1b542ce7","CHEBI:3429",1,"chebi_non_curata",FALSE,FALSE,TRUE
"cgroup_L5_1bc92923","CHEBI:32162",1,"chebi_non_curata",FALSE,FALSE,TRUE
"cgroup_L5_1d10abf4","CHEBI:233164",1,"chebi_non_curata",FALSE,FALSE,TRUE
"cgroup_L5_1d59b5ca","STR:brd9_inhibitor",2,"",FALSE,TRUE,TRUE
"cgroup_L5_1ddf161d","MeSH:D012594",2,"mesh_alto_nell_albero",FALSE,FALSE,TRUE
"cgroup_L5_1f4df033","MeSH:D000074285",2,"mesh_alto_nell_albero",FALSE,FALSE,TRUE
"cgroup_L5_1fd3a938","MeSH:D005922",1,"mesh_alto_nell_albero",FALSE,FALSE,TRUE
"cgroup_L5_2085e5da","CHEBI:232861",1,"chebi_non_curata",FALSE,FALSE,TRUE
"cgroup_L5_20bc3ffd","CHEBI:168442+CHEBI:234554",1,"chebi_non_curata",FALSE,FALSE,TRUE
"cgroup_L5_211b010f","MeSH:D007251",1,"mesh_alto_nell_albero",FALSE,FALSE,TRUE
"cgroup_L5_21c3fd3b","CHEBI:234429",1,"chebi_non_curata",FALSE,FALSE,TRUE
"cgroup_L5_2201ddb5","CHEBI:168442+CHEBI:234554",1,"chebi_non_curata",FALSE,FALSE,TRUE
"cgroup_L5_2463a382","CHEBI:23965",1,"",TRUE,FALSE,TRUE
"cgroup_L5_2513851b","CHEBI:232521",1,"chebi_non_curata",FALSE,FALSE,TRUE
"cgroup_L5_252b0b89","MeSH:D008103",1,"mesh_alto_nell_albero",FALSE,FALSE,TRUE
"cgroup_L5_255c169f","MeSH:D010051",1,"mesh_alto_nell_albero",FALSE,FALSE,TRUE
"cgroup_L5_25622909","MeSH:D019737",1,"mesh_alto_nell_albero",FALSE,FALSE,TRUE
"cgroup_L5_2618c026","CHEBI:232613",3,"chebi_non_curata",FALSE,FALSE,TRUE
"cgroup_L5_28a45d98","NCBITaxon:1637",1,"taxon_sopra_specie",FALSE,FALSE,TRUE
"cgroup_L5_28f31d49","MeSH:D001943",1,"mesh_alto_nell_albero",FALSE,FALSE,TRUE
"cgroup_L5_299e2afa","NCBITaxon:445",1,"taxon_sopra_specie",FALSE,FALSE,TRUE
"cgroup_L5_29cc0ef6","MeSH:D016884",1,"mesh_alto_nell_albero",FALSE,FALSE,TRUE
"cgroup_L5_2ad4f5e0","CHEBI:135598",1,"chebi_non_curata",FALSE,FALSE,TRUE
"cgroup_L5_2c54e184","CHEBI:81579",1,"chebi_non_curata",FALSE,FALSE,TRUE
"cgroup_L5_2d0df321","NCBITaxon:2093",1,"taxon_sopra_specie",FALSE,FALSE,TRUE
"cgroup_L5_2e29beb4","CHEBI:232618",1,"chebi_non_curata",FALSE,FALSE,TRUE
"cgroup_L5_2e5fa547","CHEBI:15551+CHEBI:84491",1,"chebi_non_curata",FALSE,FALSE,TRUE
"cgroup_L5_2e7c89fd","CHEBI:2762+CHEBI:40784",1,"chebi_non_curata",FALSE,FALSE,TRUE
"cgroup_L5_2ebf1efd","MeSH:D010411",1,"mesh_alto_nell_albero",FALSE,FALSE,TRUE
"cgroup_L5_2ec565c1","NCBITaxon:11646",1,"taxon_sopra_specie",FALSE,FALSE,TRUE
"cgroup_L5_2f9a6df4","CHEBI:198892",1,"chebi_non_curata",FALSE,FALSE,TRUE
"cgroup_L5_300f0f0c","MeSH:D013964",1,"mesh_alto_nell_albero",FALSE,FALSE,TRUE
"cgroup_L5_3048eebd","MeSH:D018869",2,"mesh_alto_nell_albero",FALSE,FALSE,TRUE
"cgroup_L5_307b67c0","CHEBI:199449",1,"chebi_non_curata",FALSE,FALSE,TRUE
"cgroup_L5_3154709e","CHEBI:28793",1,"",TRUE,FALSE,TRUE
"cgroup_L5_31796fbf","CHEBI:231679",1,"chebi_non_curata",FALSE,FALSE,TRUE
"cgroup_L5_31b34c5f","CHEBI:232424",1,"chebi_non_curata",FALSE,FALSE,TRUE
"cgroup_L5_31c085c2","CHEBI:67895",1,"chebi_non_curata",FALSE,FALSE,TRUE
"cgroup_L5_33052c73","CHEBI:135898",1,"chebi_non_curata",FALSE,FALSE,TRUE
"cgroup_L5_332d3c11","MeSH:D014780",1,"mesh_alto_nell_albero",FALSE,FALSE,TRUE
"cgroup_L5_343c2a8e","NCBITaxon:337744",2,"taxon_sopra_specie",FALSE,FALSE,TRUE
"cgroup_L5_3498cff8","CHEBI:81351",1,"chebi_non_curata",FALSE,FALSE,TRUE
"cgroup_L5_358f4f05","CHEBI:3815",1,"chebi_non_curata",FALSE,FALSE,TRUE
"cgroup_L5_36260404","CHEBI:176335",1,"chebi_non_curata",FALSE,FALSE,TRUE
"cgroup_L5_364d0c6f","CHEBI:16704+CHEBI:233437",1,"chebi_non_curata",FALSE,FALSE,TRUE
"cgroup_L5_36b6e29f","MeSH:D000077153",1,"mesh_alto_nell_albero",FALSE,FALSE,TRUE
"cgroup_L5_37744c31","STR:irak4_inhibitor",1,"",FALSE,TRUE,TRUE
"cgroup_L5_37f38699","CHEBI:234592",1,"chebi_non_curata",FALSE,FALSE,TRUE
"cgroup_L5_37fe5728","MeSH:D007822",1,"mesh_alto_nell_albero",FALSE,FALSE,TRUE
"cgroup_L5_3827a80c","MeSH:D000505",1,"mesh_alto_nell_albero",FALSE,FALSE,TRUE
"cgroup_L5_387b0d1a","MeSH:D003922",4,"mesh_alto_nell_albero",FALSE,FALSE,TRUE
"cgroup_L5_38c9c69d","STR:mir_508_3p_inhibitor",1,"",FALSE,TRUE,TRUE
"cgroup_L5_39273d5a","STR:dna_pk_inhibitor",1,"",FALSE,TRUE,TRUE
"cgroup_L5_393a3550","MeSH:D049590",1,"mesh_alto_nell_albero",FALSE,FALSE,TRUE
"cgroup_L5_3a625868","CHEBI:231601",5,"chebi_non_curata",FALSE,FALSE,TRUE
"cgroup_L5_3aad546d","STR:tvb_inhibitor",1,"",FALSE,TRUE,TRUE
"cgroup_L5_3ae5badd","MeSH:D000234",1,"mesh_alto_nell_albero",FALSE,FALSE,TRUE
"cgroup_L5_3b91a21d","MeSH:D009362",8,"mesh_alto_nell_albero",FALSE,FALSE,TRUE
"cgroup_L5_3d1d048b","CHEBI:39026",2,"",TRUE,FALSE,TRUE
"cgroup_L5_3e4e016e","MeSH:D005317",1,"mesh_alto_nell_albero",FALSE,FALSE,TRUE
"cgroup_L5_413d7495","CHEBI:15553+CHEBI:26333",1,"chebi_non_curata",FALSE,FALSE,TRUE
"cgroup_L5_417c69a3","CHEBI:231324",4,"chebi_non_curata",FALSE,FALSE,TRUE
"cgroup_L5_42fb59a5","CHEBI:39026+CHEBI:60151",1,"chebi_non_curata",FALSE,FALSE,TRUE
"cgroup_L5_4319732d","CHEBI:231683",1,"chebi_non_curata",FALSE,FALSE,TRUE
"cgroup_L5_4348259b","MeSH:D014612",1,"mesh_alto_nell_albero",FALSE,FALSE,TRUE
"cgroup_L5_438c76a9","CHEBI:135899",1,"chebi_non_curata",FALSE,FALSE,TRUE
"cgroup_L5_444fd001","STR:atm_inhibitor",1,"",FALSE,TRUE,TRUE
"cgroup_L5_4485ee98","CHEBI:231324",1,"chebi_non_curata",FALSE,FALSE,TRUE
"cgroup_L5_44f25f31","CHEBI:231339",1,"chebi_non_curata",FALSE,FALSE,TRUE
"cgroup_L5_45aa579d","MeSH:D015444",2,"mesh_alto_nell_albero",FALSE,FALSE,TRUE
"cgroup_L5_45c3f6dd","CHEBI:84491+CHEBI:9574",1,"chebi_non_curata",FALSE,FALSE,TRUE
"cgroup_L5_462d1cb3","CHEBI:22901+CHEBI:34372",1,"chebi_non_curata",FALSE,FALSE,TRUE
"cgroup_L5_464bdbd4","CHEBI:24261",1,"",TRUE,FALSE,TRUE
"cgroup_L5_46bc60d2","MeSH:D000078822",1,"mesh_alto_nell_albero",FALSE,FALSE,TRUE
"cgroup_L5_47b2d362","CHEBI:181391",2,"chebi_non_curata",FALSE,FALSE,TRUE
"cgroup_L5_47b90dd4","NCBITaxon:12059",1,"taxon_sopra_specie",FALSE,FALSE,TRUE
"cgroup_L5_49a22e63","CHEBI:5759",1,"chebi_non_curata",FALSE,FALSE,TRUE
"cgroup_L5_4aa860fb","MeSH:D009362",1,"mesh_alto_nell_albero",FALSE,FALSE,TRUE
"cgroup_L5_4b81127e","CHEBI:16219+CHEBI:3942",1,"chebi_non_curata",FALSE,FALSE,TRUE
"cgroup_L5_4c5baa39","NCBITaxon:162387",2,"taxon_sopra_specie",FALSE,FALSE,TRUE
"cgroup_L5_4c60fc0f","CHEBI:29548",1,"chebi_non_curata",FALSE,FALSE,TRUE
"cgroup_L5_4c6e54d3","CHEBI:231661",1,"chebi_non_curata",FALSE,FALSE,TRUE
"cgroup_L5_4c8223ac","CHEBI:233316",2,"chebi_non_curata",FALSE,FALSE,TRUE
"cgroup_L5_4d3755b2","NCBITaxon:3451070",1,"taxon_sopra_specie",FALSE,FALSE,TRUE
"cgroup_L5_4d3bbf4b","MeSH:D006976",1,"mesh_alto_nell_albero",FALSE,FALSE,TRUE
"cgroup_L5_4db3b546","CHEBI:232587",2,"chebi_non_curata",FALSE,FALSE,TRUE
"cgroup_L5_4f3ee2fc","CHEBI:39026",1,"",TRUE,FALSE,TRUE
"cgroup_L5_4f688e71","CHEBI:232423",1,"chebi_non_curata",FALSE,FALSE,TRUE
"cgroup_L5_4f6e87c1","CHEBI:81572",1,"chebi_non_curata",FALSE,FALSE,TRUE
"cgroup_L5_4f9206fd","CHEBI:29108+CHEMBL:CHEMBL2109588",1,"chebi_non_curata",FALSE,FALSE,TRUE
"cgroup_L5_5065d4c1","STR:prkdc_inhibitor",1,"",FALSE,TRUE,TRUE
"cgroup_L5_514fbbd1","CHEBI:231603",2,"chebi_non_curata",FALSE,FALSE,TRUE
"cgroup_L5_515c6410","CHEBI:81580",2,"chebi_non_curata",FALSE,FALSE,TRUE
"cgroup_L5_5339cd2b","MeSH:D002648",1,"mesh_alto_nell_albero",FALSE,FALSE,TRUE
"cgroup_L5_53ebfaa0","CHEBI:231604",1,"chebi_non_curata",FALSE,FALSE,TRUE
"cgroup_L5_54db2f52","CHEBI:178012",1,"chebi_non_curata",FALSE,FALSE,TRUE
"cgroup_L5_553d693b","CHEBI:231683",1,"chebi_non_curata",FALSE,FALSE,TRUE
"cgroup_L5_557aa8d9","NCBITaxon:10239",1,"taxon_sopra_specie",FALSE,FALSE,TRUE
"cgroup_L5_55b6a45f","CHEBI:746968",1,"chebi_non_curata",FALSE,FALSE,TRUE
"cgroup_L5_55ebbbb6","MeSH:D013961",1,"mesh_alto_nell_albero",FALSE,FALSE,TRUE
"cgroup_L5_56c1ad92","CHEBI:205761",1,"chebi_non_curata",FALSE,FALSE,TRUE
"cgroup_L5_575406ff","MeSH:D002062",1,"mesh_alto_nell_albero",FALSE,FALSE,TRUE
"cgroup_L5_581f485a","CHEBI:234609",1,"chebi_non_curata",FALSE,FALSE,TRUE
"cgroup_L5_5a25a379","CHEBI:6920",1,"chebi_non_curata",FALSE,FALSE,TRUE
"cgroup_L5_5a3000e0","MeSH:D015427",1,"mesh_alto_nell_albero",FALSE,FALSE,TRUE
"cgroup_L5_5bad458c","NCBITaxon:1763",1,"taxon_sopra_specie",FALSE,FALSE,TRUE
"cgroup_L5_5bcd0014","CHEBI:165822",1,"chebi_non_curata",FALSE,FALSE,TRUE
"cgroup_L5_5c1ecc06","CHEBI:195368",1,"chebi_non_curata",FALSE,FALSE,TRUE
"cgroup_L5_5c923239","MeSH:D057229",2,"mesh_alto_nell_albero",FALSE,FALSE,TRUE
"cgroup_L5_5cb3ee92","MeSH:D001943",1,"mesh_alto_nell_albero",FALSE,FALSE,TRUE
"cgroup_L5_5ced78bb","CHEBI:88542",1,"chebi_non_curata",FALSE,FALSE,TRUE
"cgroup_L5_5ddb6688","CHEBI:192461",1,"chebi_non_curata",FALSE,FALSE,TRUE
"cgroup_L5_5e034ad9","CHEBI:746962",2,"chebi_non_curata",FALSE,FALSE,TRUE
"cgroup_L5_5e784173","CHEBI:168442+CHEBI:234554",1,"chebi_non_curata",FALSE,FALSE,TRUE
"cgroup_L5_616ccdfc","CHEBI:80551",1,"chebi_non_curata",FALSE,FALSE,TRUE
"cgroup_L5_626326f1","CHEBI:231357",1,"chebi_non_curata",FALSE,FALSE,TRUE
"cgroup_L5_6272bc17","MeSH:D012393",1,"mesh_alto_nell_albero",FALSE,FALSE,TRUE
"cgroup_L5_6414ee48","CHEBI:17883+CHEBI:231346",1,"chebi_non_curata",FALSE,FALSE,TRUE
"cgroup_L5_64181991","MeSH:D010190",2,"mesh_alto_nell_albero",FALSE,FALSE,TRUE
"cgroup_L5_644bb96c","CHEBI:4021",1,"chebi_non_curata",FALSE,FALSE,TRUE
"cgroup_L5_64f8e1a5","CHEBI:232547",1,"chebi_non_curata",FALSE,FALSE,TRUE
"cgroup_L5_65cde559","CHEBI:230483",1,"chebi_non_curata",FALSE,FALSE,TRUE
"cgroup_L5_66bb253a","CHEBI:233224",1,"chebi_non_curata",FALSE,FALSE,TRUE
"cgroup_L5_670e3218","MeSH:D015444",1,"mesh_alto_nell_albero",FALSE,FALSE,TRUE
"cgroup_L5_69451ebd","CHEBI:231555",1,"chebi_non_curata",FALSE,FALSE,TRUE
"cgroup_L5_695b06de","CHEBI:177783",1,"chebi_non_curata",FALSE,FALSE,TRUE
"cgroup_L5_69a15024","CHEBI:135598",1,"chebi_non_curata",FALSE,FALSE,TRUE
"cgroup_L5_6a50ccc5","CHEBI:6954",1,"chebi_non_curata",FALSE,FALSE,TRUE
"cgroup_L5_6ac5ea3a","CHEBI:68747",4,"chebi_non_curata",FALSE,FALSE,TRUE
"cgroup_L5_6be81d1b","CHEBI:231683",1,"chebi_non_curata",FALSE,FALSE,TRUE
"cgroup_L5_6bf9e945","MeSH:D014947",1,"mesh_alto_nell_albero",FALSE,FALSE,TRUE
"cgroup_L5_6ce9535a","NCBITaxon:10358",1,"taxon_sopra_specie",FALSE,FALSE,TRUE
"cgroup_L5_6d05fa6b","CHEBI:231695",1,"chebi_non_curata",FALSE,FALSE,TRUE
"cgroup_L5_6d116d81","CHEBI:232492",1,"chebi_non_curata",FALSE,FALSE,TRUE
"cgroup_L5_6d58c751","MeSH:D008113",3,"mesh_alto_nell_albero",FALSE,FALSE,TRUE
"cgroup_L5_6dd6cb3d","CHEBI:230486",1,"chebi_non_curata",FALSE,FALSE,TRUE
"cgroup_L5_6e2495df","CHEBI:232544",1,"chebi_non_curata",FALSE,FALSE,TRUE
"cgroup_L5_6e2a6d79","MeSH:D006980",1,"mesh_alto_nell_albero",FALSE,FALSE,TRUE
"cgroup_L5_6f3f556c","CHEBI:7566",1,"chebi_non_curata",FALSE,FALSE,TRUE
"cgroup_L5_6f451bc3","CHEBI:67208",1,"",TRUE,FALSE,TRUE
"cgroup_L5_6fdd6fa1","CHEBI:232556",1,"chebi_non_curata",FALSE,FALSE,TRUE
"cgroup_L5_705d5d8b","MeSH:D016207",1,"mesh_alto_nell_albero",FALSE,FALSE,TRUE
"cgroup_L5_70ec763f","CHEBI:80240",1,"chebi_non_curata",FALSE,FALSE,TRUE
"cgroup_L5_7149fca3","MeSH:D015433",1,"mesh_alto_nell_albero",FALSE,FALSE,TRUE
"cgroup_L5_717ef3fb","CHEBI:31689",1,"chebi_non_curata",FALSE,FALSE,TRUE
"cgroup_L5_719ab136","MeSH:D012595",3,"mesh_alto_nell_albero",FALSE,FALSE,TRUE
"cgroup_L5_71ff5519","CHEBI:135598",1,"chebi_non_curata",FALSE,FALSE,TRUE
"cgroup_L5_729b276d","MeSH:D016640",3,"mesh_alto_nell_albero",FALSE,FALSE,TRUE
"cgroup_L5_72a7de29","CHEBI:231683",1,"chebi_non_curata",FALSE,FALSE,TRUE
"cgroup_L5_72c03b1a","MeSH:D010190",1,"mesh_alto_nell_albero",FALSE,FALSE,TRUE
"cgroup_L5_73baf3d3","MeSH:D014947",2,"mesh_alto_nell_albero",FALSE,FALSE,TRUE
"cgroup_L5_767ac1a8","MeSH:D013119",1,"mesh_alto_nell_albero",FALSE,FALSE,TRUE
"cgroup_L5_769d3e39","CHEBI:747100",1,"chebi_non_curata",FALSE,FALSE,TRUE
"cgroup_L5_77216a09","MeSH:D058725",1,"mesh_alto_nell_albero",FALSE,FALSE,TRUE
"cgroup_L5_77d2d939","CHEBI:234577",1,"chebi_non_curata",FALSE,FALSE,TRUE
"cgroup_L5_78530a7a","MeSH:D001845",1,"mesh_alto_nell_albero",FALSE,FALSE,TRUE
"cgroup_L5_7934174c","CHEBI:231598",13,"chebi_non_curata",FALSE,FALSE,TRUE
"cgroup_L5_79755733","MeSH:D008175",1,"mesh_alto_nell_albero",FALSE,FALSE,TRUE
"cgroup_L5_79d65cdf","MeSH:D011127",1,"mesh_alto_nell_albero",FALSE,FALSE,TRUE
"cgroup_L5_7a63f2ea","CHEBI:137270",1,"chebi_non_curata",FALSE,FALSE,TRUE
"cgroup_L5_7aa4c19f","CHEBI:17823+CHEBI:84491",1,"chebi_non_curata",FALSE,FALSE,TRUE
"cgroup_L5_7b794fe6","MeSH:D011236",1,"mesh_alto_nell_albero",FALSE,FALSE,TRUE
"cgroup_L5_7bf5a13a","CHEBI:16412+CHEBI:28262",1,"chebi_non_curata",FALSE,FALSE,TRUE
"cgroup_L5_7bfdd3e5","CHEBI:230487",1,"chebi_non_curata",FALSE,FALSE,TRUE
"cgroup_L5_7eac095f","NCBITaxon:94285",1,"taxon_sopra_specie",FALSE,FALSE,TRUE
"cgroup_L5_7f55ded6","CHEBI:28262+CHEBI:81580",1,"chebi_non_curata",FALSE,FALSE,TRUE
"cgroup_L5_7fecb384","STR:irak1_4_inhibitor",1,"",FALSE,TRUE,TRUE
"cgroup_L5_80418ee0","NCBITaxon:5550",1,"taxon_sopra_specie",FALSE,FALSE,TRUE
"cgroup_L5_80612b5a","MeSH:D019737",1,"mesh_alto_nell_albero",FALSE,FALSE,TRUE
"cgroup_L5_80a90a07","CHEBI:157718",1,"chebi_non_curata",FALSE,FALSE,TRUE
"cgroup_L5_80c4e521","MeSH:D000013",1,"mesh_alto_nell_albero",FALSE,FALSE,TRUE
"cgroup_L5_8169921a","MeSH:D008011",2,"mesh_alto_nell_albero",FALSE,FALSE,TRUE
"cgroup_L5_84b52570","CHEBI:231344",3,"chebi_non_curata",FALSE,FALSE,TRUE
"cgroup_L5_84ef00a6","CHEBI:7754",1,"",TRUE,FALSE,TRUE
"cgroup_L5_8565adaf","CHEBI:16236+CHEBI:28262",1,"chebi_non_curata",FALSE,FALSE,TRUE
"cgroup_L5_86397396","CHEBI:231362",1,"chebi_non_curata",FALSE,FALSE,TRUE
"cgroup_L5_86b1c4a2","STR:ogt_inhibitor",1,"",FALSE,TRUE,TRUE
"cgroup_L5_87872ca1","STR:rig_i_agonist",1,"",FALSE,TRUE,TRUE
"cgroup_L5_8792d295","CHEBI:231614",1,"chebi_non_curata",FALSE,FALSE,TRUE
"cgroup_L5_87ad8fd6","NCBITaxon:1386",1,"taxon_sopra_specie",FALSE,FALSE,TRUE
"cgroup_L5_88d8ab26","CHEBI:232383",2,"chebi_non_curata",FALSE,FALSE,TRUE
"cgroup_L5_8958b27a","CHEBI:46741",7,"",TRUE,FALSE,TRUE
"cgroup_L5_89bd0d64","CHEBI:231701",1,"chebi_non_curata",FALSE,FALSE,TRUE
"cgroup_L5_8a1894a6","CHEBI:235412",1,"chebi_non_curata",FALSE,FALSE,TRUE
"cgroup_L5_8b422363","CHEBI:232616",1,"chebi_non_curata",FALSE,FALSE,TRUE
"cgroup_L5_8b65b3ff","CHEBI:233363",4,"chebi_non_curata",FALSE,FALSE,TRUE
"cgroup_L5_8bd78b41","MeSH:D019737",1,"mesh_alto_nell_albero",FALSE,FALSE,TRUE
"cgroup_L5_8bd9c54a","CHEBI:231602",1,"chebi_non_curata",FALSE,FALSE,TRUE
"cgroup_L5_8beac152","CHEBI:3063",1,"chebi_non_curata",FALSE,FALSE,TRUE
"cgroup_L5_8c0d0251","MeSH:D005234",1,"mesh_alto_nell_albero",FALSE,FALSE,TRUE
"cgroup_L5_8c8181ad","NCBITaxon:3337",1,"taxon_sopra_specie",FALSE,FALSE,TRUE
"cgroup_L5_8fa7946a","CHEBI:81068",1,"chebi_non_curata",FALSE,FALSE,TRUE
"cgroup_L5_9004ebe0","CHEBI:4659+CHEBI:48343",1,"chebi_non_curata",FALSE,FALSE,TRUE
"cgroup_L5_9004f441","CHEBI:28262+CHEBI:41879",1,"chebi_non_curata",FALSE,FALSE,TRUE
"cgroup_L5_9033a9e9","NCBITaxon:816",1,"taxon_sopra_specie",FALSE,FALSE,TRUE
"cgroup_L5_9167d15f","STR:polrmt_inhibitor",1,"",FALSE,TRUE,TRUE
"cgroup_L5_91b0ff32","MeSH:D011839",1,"mesh_alto_nell_albero",FALSE,FALSE,TRUE
"cgroup_L5_9298db31","STR:kat6_inhibitor",1,"",FALSE,TRUE,TRUE
"cgroup_L5_92d220b2","CHEBI:232616",1,"chebi_non_curata",FALSE,FALSE,TRUE
"cgroup_L5_9511abe5","NCBITaxon:238707",1,"taxon_sopra_specie",FALSE,FALSE,TRUE
"cgroup_L5_95132c09","CHEBI:231604",1,"chebi_non_curata",FALSE,FALSE,TRUE
"cgroup_L5_956a16e0","CHEBI:15369+CHEBI:27666",1,"chebi_non_curata",FALSE,FALSE,TRUE
"cgroup_L5_95c46c05","NCBITaxon:5475",1,"taxon_sopra_specie",FALSE,FALSE,TRUE
"cgroup_L5_96bf9ea6","STR:autophagy_activating_ligand",1,"",FALSE,TRUE,TRUE
"cgroup_L5_96eaae84","MeSH:D009362",1,"mesh_alto_nell_albero",FALSE,FALSE,TRUE
"cgroup_L5_98063841","CHEBI:17347+CHEBI:18276",1,"chebi_non_curata",FALSE,FALSE,TRUE
"cgroup_L5_98684a9f","CHEBI:81351",1,"chebi_non_curata",FALSE,FALSE,TRUE
"cgroup_L5_98afe200","CHEBI:232798+CHEBI:26708",1,"chebi_non_curata",FALSE,FALSE,TRUE
"cgroup_L5_9b76532c","MeSH:D003251",1,"mesh_alto_nell_albero",FALSE,FALSE,TRUE
"cgroup_L5_9baaa7ce","MeSH:D001172",1,"mesh_alto_nell_albero",FALSE,FALSE,TRUE
"cgroup_L5_9d05237d","MeSH:D001172",1,"mesh_alto_nell_albero",FALSE,FALSE,TRUE
"cgroup_L5_9d267be4","CHEBI:41001+CHEMBL:CHEMBL2108905",1,"chebi_non_curata",FALSE,FALSE,TRUE
"cgroup_L5_9f0ea111","CHEBI:230484",4,"chebi_non_curata",FALSE,FALSE,TRUE
"cgroup_L5_9f999ca9","CHEBI:231605",2,"chebi_non_curata",FALSE,FALSE,TRUE
"cgroup_L5_a142d410","CHEBI:31952",1,"chebi_non_curata",FALSE,FALSE,TRUE
"cgroup_L5_a2fd9401","MeSH:D003882",1,"mesh_alto_nell_albero",FALSE,FALSE,TRUE
"cgroup_L5_a333f974","CHEBI:81528",1,"chebi_non_curata",FALSE,FALSE,TRUE
"cgroup_L5_a3c3e08c","MeSH:D008175",5,"mesh_alto_nell_albero",FALSE,FALSE,TRUE
"cgroup_L5_a3f0c959","CHEBI:232752",4,"chebi_non_curata",FALSE,FALSE,TRUE
"cgroup_L5_a412dc25","MeSH:D008175",1,"mesh_alto_nell_albero",FALSE,FALSE,TRUE
"cgroup_L5_a497d6cb","CHEBI:43717",2,"chebi_non_curata",FALSE,FALSE,TRUE
"cgroup_L5_a4c464f3","MeSH:D008113",2,"mesh_alto_nell_albero",FALSE,FALSE,TRUE
"cgroup_L5_a4cc8281","MeSH:D019693",1,"mesh_alto_nell_albero",FALSE,FALSE,TRUE
"cgroup_L5_a585df5c","MeSH:D010001",1,"mesh_alto_nell_albero",FALSE,FALSE,TRUE
"cgroup_L5_a69fcae5","MeSH:D008180",6,"mesh_alto_nell_albero",FALSE,FALSE,TRUE
"cgroup_L5_a7dc3bf4","CHEBI:32065",1,"chebi_non_curata",FALSE,FALSE,TRUE
"cgroup_L5_a85317f9","CHEBI:9574",1,"chebi_non_curata",FALSE,FALSE,TRUE
"cgroup_L5_a8607b42","CHEBI:5847",1,"chebi_non_curata",FALSE,FALSE,TRUE
"cgroup_L5_a8a80d29","CHEBI:230488",1,"chebi_non_curata",FALSE,FALSE,TRUE
"cgroup_L5_a8d751c5","CHEBI:189652",2,"chebi_non_curata",FALSE,FALSE,TRUE
"cgroup_L5_aa8c1d6d","CHEBI:230508",9,"chebi_non_curata",FALSE,FALSE,TRUE
"cgroup_L5_ab0eff31","STR:g9a_inhibitor",1,"",FALSE,TRUE,TRUE
"cgroup_L5_ab492b2d","MeSH:D009092",1,"mesh_alto_nell_albero",FALSE,FALSE,TRUE
"cgroup_L5_ad5b88bf","CHEBI:746908",1,"chebi_non_curata",FALSE,FALSE,TRUE
"cgroup_L5_adbc18eb","MeSH:D000074285",1,"mesh_alto_nell_albero",FALSE,FALSE,TRUE
"cgroup_L5_add0af24","NCBITaxon:838",1,"taxon_sopra_specie",FALSE,FALSE,TRUE
"cgroup_L5_add6f0c9","CHEBI:177536",1,"chebi_non_curata",FALSE,FALSE,TRUE
"cgroup_L5_ae4021cf","NCBITaxon:11646",1,"taxon_sopra_specie",FALSE,FALSE,TRUE
"cgroup_L5_ae503a3d","MeSH:D010051",1,"mesh_alto_nell_albero",FALSE,FALSE,TRUE
"cgroup_L5_ae5eee6f","CHEBI:3942",1,"chebi_non_curata",FALSE,FALSE,TRUE
"cgroup_L5_aeabe461","MeSH:D007765",1,"mesh_alto_nell_albero",FALSE,FALSE,TRUE
"cgroup_L5_af782291","CHEBI:81571",3,"chebi_non_curata",FALSE,FALSE,TRUE
"cgroup_L5_b03b2578","CHEBI:17883+CHEBI:231360",1,"chebi_non_curata",FALSE,FALSE,TRUE
"cgroup_L5_b0f414f2","CHEBI:16382+CHEBI:233224",1,"chebi_non_curata",FALSE,FALSE,TRUE
"cgroup_L5_b155ae9d","STR:mir_192_5p_inhibitor",1,"",FALSE,TRUE,TRUE
"cgroup_L5_b198f04a","MeSH:D009202",1,"mesh_alto_nell_albero",FALSE,FALSE,TRUE
"cgroup_L5_b1adf247","MeSH:D012595",2,"mesh_alto_nell_albero",FALSE,FALSE,TRUE
"cgroup_L5_b28c42c7","NCBITaxon:1525965",1,"taxon_sopra_specie",FALSE,FALSE,TRUE
"cgroup_L5_b2c8601f","CHEBI:9574",1,"chebi_non_curata",FALSE,FALSE,TRUE
"cgroup_L5_b4f2d093","CHEBI:231348",1,"chebi_non_curata",FALSE,FALSE,TRUE
"cgroup_L5_b62ada98","MeSH:D049970",1,"mesh_alto_nell_albero",FALSE,FALSE,TRUE
"cgroup_L5_b6d12d89","CHEBI:26523",1,"",TRUE,FALSE,TRUE
"cgroup_L5_b827e5fe","CHEBI:34823",1,"chebi_non_curata",FALSE,FALSE,TRUE
"cgroup_L5_b8ef0d48","CHEBI:232547",1,"chebi_non_curata",FALSE,FALSE,TRUE
"cgroup_L5_b925712f","STR:lin28b_inhibitor",1,"",FALSE,TRUE,TRUE
"cgroup_L5_b9617909","CHEBI:52221",1,"",TRUE,FALSE,TRUE
"cgroup_L5_b9c00623","MeSH:D001172",1,"mesh_alto_nell_albero",FALSE,FALSE,TRUE
"cgroup_L5_bbe0464a","MeSH:D012595",1,"mesh_alto_nell_albero",FALSE,FALSE,TRUE
"cgroup_L5_bc234353","CHEBI:28613",1,"chebi_non_curata",FALSE,FALSE,TRUE
"cgroup_L5_bcbfd799","CHEBI:231345+CHEBI:30780",1,"chebi_non_curata",FALSE,FALSE,TRUE
"cgroup_L5_bd6505c0","CHEBI:207493",1,"chebi_non_curata",FALSE,FALSE,TRUE
"cgroup_L5_bdb890b3","CHEBI:34741",1,"chebi_non_curata",FALSE,FALSE,TRUE
"cgroup_L5_be6718c3","CHEBI:233310",1,"chebi_non_curata",FALSE,FALSE,TRUE
"cgroup_L5_beec6618","CHEBI:233160",1,"chebi_non_curata",FALSE,FALSE,TRUE
"cgroup_L5_c0a4fb9f","STR:brd9_7_inhibitor",1,"",FALSE,TRUE,TRUE
"cgroup_L5_c12aeaec","CHEBI:80551",1,"chebi_non_curata",FALSE,FALSE,TRUE
"cgroup_L5_c17e5342","MeSH:D010190",1,"mesh_alto_nell_albero",FALSE,FALSE,TRUE
"cgroup_L5_c1e217d6","CHEBI:231342",1,"chebi_non_curata",FALSE,FALSE,TRUE
"cgroup_L5_c4a5ae08","CHEBI:5354",1,"chebi_non_curata",FALSE,FALSE,TRUE
"cgroup_L5_c5c72bba","CHEBI:189651",3,"chebi_non_curata",FALSE,FALSE,TRUE
"cgroup_L5_c681a13e","MeSH:D013684",1,"mesh_alto_nell_albero",FALSE,FALSE,TRUE
"cgroup_L5_c70eb4b5","CHEBI:232338",2,"chebi_non_curata",FALSE,FALSE,TRUE
"cgroup_L5_c7bcdd28","STR:oga_mgea5_inhibitor",1,"",FALSE,TRUE,TRUE
"cgroup_L5_c8a8c8eb","STR:plx1_brd4_inhibitor",1,"",FALSE,TRUE,TRUE
"cgroup_L5_c95397b8","CHEBI:17883+CHEBI:231367",1,"chebi_non_curata",FALSE,FALSE,TRUE
"cgroup_L5_c98d0ae1","CHEBI:198892",1,"chebi_non_curata",FALSE,FALSE,TRUE
"cgroup_L5_c99ed4ee","MeSH:D010051",5,"mesh_alto_nell_albero",FALSE,FALSE,TRUE
"cgroup_L5_ca409866","CHEBI:17883+CHEBI:231359",1,"chebi_non_curata",FALSE,FALSE,TRUE
"cgroup_L5_cb8b6f05","MeSH:D017676",2,"mesh_alto_nell_albero",FALSE,FALSE,TRUE
"cgroup_L5_cbbffb26","CHEBI:9570",1,"chebi_non_curata",FALSE,FALSE,TRUE
"cgroup_L5_cc922d97","CHEBI:177770",2,"chebi_non_curata",FALSE,FALSE,TRUE
"cgroup_L5_ccad6e82","STR:p38_mapk_inhibitor",1,"",FALSE,TRUE,TRUE
"cgroup_L5_cd115d76","CHEBI:233359",2,"chebi_non_curata",FALSE,FALSE,TRUE
"cgroup_L5_cd6587ac","CHEBI:747377",1,"chebi_non_curata",FALSE,FALSE,TRUE
"cgroup_L5_ced6c756","MeSH:D000074285",1,"mesh_alto_nell_albero",FALSE,FALSE,TRUE
"cgroup_L5_cedfe2ff","CHEBI:7421",1,"chebi_non_curata",FALSE,FALSE,TRUE
"cgroup_L5_cfcd332c","CHEBI:4948",1,"chebi_non_curata",FALSE,FALSE,TRUE
"cgroup_L5_d29c25b1","MeSH:D064592",1,"mesh_alto_nell_albero",FALSE,FALSE,TRUE
"cgroup_L5_d2bacd4b","CHEBI:207493",1,"chebi_non_curata",FALSE,FALSE,TRUE
"cgroup_L5_d33d9231","MeSH:D009202",1,"mesh_alto_nell_albero",FALSE,FALSE,TRUE
"cgroup_L5_d431e903","MeSH:D006086",1,"mesh_alto_nell_albero",FALSE,FALSE,TRUE
"cgroup_L5_d4488c06","CHEBI:17883+CHEBI:64111",1,"chebi_non_curata",FALSE,FALSE,TRUE
"cgroup_L5_d578bf1b","CHEBI:234079",1,"chebi_non_curata",FALSE,FALSE,TRUE
"cgroup_L5_d73339c0","MeSH:D009396",1,"mesh_alto_nell_albero",FALSE,FALSE,TRUE
"cgroup_L5_d7fa3d11","MeSH:D010182",1,"mesh_alto_nell_albero",FALSE,FALSE,TRUE
"cgroup_L5_d81bc881","CHEBI:80025",2,"chebi_non_curata",FALSE,FALSE,TRUE
"cgroup_L5_d8be0276","NCBITaxon:209",1,"taxon_sopra_specie",FALSE,FALSE,TRUE
"cgroup_L5_da16a4a9","CHEBI:233318",1,"chebi_non_curata",FALSE,FALSE,TRUE
"cgroup_L5_da73a69e","CHEBI:135918",1,"chebi_non_curata",FALSE,FALSE,TRUE
"cgroup_L5_dac1b45f","MeSH:D010911",2,"mesh_alto_nell_albero",FALSE,FALSE,TRUE
"cgroup_L5_dadca8ca","CHEBI:80805",1,"chebi_non_curata",FALSE,FALSE,TRUE
"cgroup_L5_dc7451b1","CHEBI:230493",8,"chebi_non_curata",FALSE,FALSE,TRUE
"cgroup_L5_dc7b147b","CHEBI:177705",2,"chebi_non_curata",FALSE,FALSE,TRUE
"cgroup_L5_dd86d716","MeSH:D001743",1,"mesh_alto_nell_albero",FALSE,FALSE,TRUE
"cgroup_L5_de09e3b7","CHEBI:5939+CHEMBL:CHEMBL2108494",2,"chebi_non_curata",FALSE,FALSE,TRUE
"cgroup_L5_dea6cf06","CHEBI:233365",1,"chebi_non_curata",FALSE,FALSE,TRUE
"cgroup_L5_debc31b0","MeSH:D003924",1,"mesh_alto_nell_albero",FALSE,FALSE,TRUE
"cgroup_L5_dfcd7fd3","CHEBI:231696",1,"chebi_non_curata",FALSE,FALSE,TRUE
"cgroup_L5_e044757f","MeSH:D009092",1,"mesh_alto_nell_albero",FALSE,FALSE,TRUE
"cgroup_L5_e05b35ae","CHEBI:81569",1,"chebi_non_curata",FALSE,FALSE,TRUE
"cgroup_L5_e142b997","CHEBI:135002",1,"chebi_non_curata",FALSE,FALSE,TRUE
"cgroup_L5_e1d6a3fc","STR:ire1_xbp1s_activator",1,"",FALSE,TRUE,TRUE
"cgroup_L5_e218677c","MeSH:D000074285",1,"mesh_alto_nell_albero",FALSE,FALSE,TRUE
"cgroup_L5_e22e54a1","CHEBI:22901+CHEBI:72754",1,"chebi_non_curata",FALSE,FALSE,TRUE
"cgroup_L5_e2cf9535","CHEBI:197107",1,"chebi_non_curata",FALSE,FALSE,TRUE
"cgroup_L5_e37b838c","CHEBI:205761",5,"chebi_non_curata",FALSE,FALSE,TRUE
"cgroup_L5_e398a1f2","CHEBI:233156",1,"chebi_non_curata",FALSE,FALSE,TRUE
"cgroup_L5_e3b42b2b","CHEBI:9747",2,"chebi_non_curata",FALSE,FALSE,TRUE
"cgroup_L5_e4a4ac7c","CHEBI:187904",1,"chebi_non_curata",FALSE,FALSE,TRUE
"cgroup_L5_e557724b","CHEBI:232550",1,"chebi_non_curata",FALSE,FALSE,TRUE
"cgroup_L5_e5ced82e","CHEBI:230504",1,"chebi_non_curata",FALSE,FALSE,TRUE
"cgroup_L5_e61eb594","NCBITaxon:53892",1,"taxon_sopra_specie",FALSE,FALSE,TRUE
"cgroup_L5_e65686c0","CHEBI:232521",1,"chebi_non_curata",FALSE,FALSE,TRUE
"cgroup_L5_e87ebff8","CHEBI:25675",1,"",TRUE,FALSE,TRUE
"cgroup_L5_e886ca66","CHEBI:232752",1,"chebi_non_curata",FALSE,FALSE,TRUE
"cgroup_L5_e8cf059b","CHEBI:232606",1,"chebi_non_curata",FALSE,FALSE,TRUE
"cgroup_L5_e8e95b85","CHEBI:39026+CHEBI:60151",1,"chebi_non_curata",FALSE,FALSE,TRUE
"cgroup_L5_e9ac7edf","CHEBI:195317",1,"chebi_non_curata",FALSE,FALSE,TRUE
"cgroup_L5_eb2e8e0c","MeSH:D006331",1,"mesh_alto_nell_albero",FALSE,FALSE,TRUE
"cgroup_L5_eba39954","MeSH:D000074285",5,"mesh_alto_nell_albero",FALSE,FALSE,TRUE
"cgroup_L5_ec7d20e2","CHEBI:3815",1,"chebi_non_curata",FALSE,FALSE,TRUE
"cgroup_L5_ed24d975","MeSH:D001018",1,"mesh_alto_nell_albero",FALSE,FALSE,TRUE
"cgroup_L5_ede29f25","CHEBI:80240",1,"chebi_non_curata",FALSE,FALSE,TRUE
"cgroup_L5_ef545d5b","MeSH:D055623",1,"mesh_alto_nell_albero",FALSE,FALSE,TRUE
"cgroup_L5_f070b585","CHEBI:43717",1,"chebi_non_curata",FALSE,FALSE,TRUE
"cgroup_L5_f0fb9a81","CHEBI:195327",1,"chebi_non_curata",FALSE,FALSE,TRUE
"cgroup_L5_f134c82d","NCBITaxon:238707",1,"taxon_sopra_specie",FALSE,FALSE,TRUE
"cgroup_L5_f2524d51","CHEBI:81664+CHEBI:84491",1,"chebi_non_curata",FALSE,FALSE,TRUE
"cgroup_L5_f29dd3b3","MeSH:D001172",7,"mesh_alto_nell_albero",FALSE,FALSE,TRUE
"cgroup_L5_f37378b9","CHEBI:141046+CHEBI:26333",1,"chebi_non_curata",FALSE,FALSE,TRUE
"cgroup_L5_f37c67ac","MeSH:D002578",1,"mesh_alto_nell_albero",FALSE,FALSE,TRUE
"cgroup_L5_f44b01e2","CHEBI:230905",4,"chebi_non_curata",FALSE,FALSE,TRUE
"cgroup_L5_f586e278","CHEBI:81579",1,"chebi_non_curata",FALSE,FALSE,TRUE
"cgroup_L5_f5a5242c","STR:zbc_11_inhibitor",1,"",FALSE,TRUE,TRUE
"cgroup_L5_f62ae528","STR:hpk1_inhibitor",1,"",FALSE,TRUE,TRUE
"cgroup_L5_f7416072","NCBITaxon:644105",2,"taxon_sopra_specie",FALSE,FALSE,TRUE
"cgroup_L5_f76cdd38","STR:dyrk1b_inhibitor",1,"",FALSE,TRUE,TRUE
"cgroup_L5_f7960a48","CHEBI:62932+CHEBI:8764",1,"chebi_non_curata",FALSE,FALSE,TRUE
"cgroup_L5_f81fdf92","CHEBI:189658",1,"chebi_non_curata",FALSE,FALSE,TRUE
"cgroup_L5_f832048f","MeSH:D001943",6,"mesh_alto_nell_albero",FALSE,FALSE,TRUE
"cgroup_L5_f87dd30e","NCBITaxon:137507",2,"taxon_sopra_specie",FALSE,FALSE,TRUE
"cgroup_L5_f9769fd6","CHEBI:230495",3,"chebi_non_curata",FALSE,FALSE,TRUE
"cgroup_L5_fa41ee2d","CHEBI:22901+CHEBI:33216",1,"chebi_non_curata",FALSE,FALSE,TRUE
"cgroup_L5_fa51d648","CHEBI:16393+CHEBI:37550",1,"chebi_non_curata",FALSE,FALSE,TRUE
"cgroup_L5_faeead53","CHEBI:89324",1,"chebi_non_curata",FALSE,FALSE,TRUE
"cgroup_L5_fd3a5622","CHEBI:174541",2,"chebi_non_curata",FALSE,FALSE,TRUE
"cgroup_L5_fd54966b","STR:mir_432_5p_inhibitor",1,"",FALSE,TRUE,TRUE
"cgroup_L5_fd862526","NCBITaxon:445",1,"taxon_sopra_specie",FALSE,FALSE,TRUE
"cgroup_L5_fdfde128","MeSH:D009298",1,"mesh_alto_nell_albero",FALSE,FALSE,TRUE
"cgroup_L5_ff1aeef2","STR:hsa_let_7f_inhibitor",1,"",FALSE,TRUE,TRUE
