"alias_innesco","agent_id","name","dict","n_gsm"
"doxycycline","CHEBI:50845","doxycycline","chebi",378
"lps","CHEBI:16412","lps","chebi",341
"tumor","MeSH:D009369","Neoplasms","mesh",217
"dexamethasone","CHEBI:41879","dexamethasone","chebi",216
"fulvestrant","CHEBI:31638","fulvestrant","chebi",172
"cisplatin","CHEBI:27899","cisplatin","chebi",146
"doxorubicin","CHEBI:28748","doxorubicin","chebi",140
"palbociclib","CHEBI:85993","palbociclib","chebi",140
"cancer","MeSH:D009369","Neoplasms","mesh",134
"tamoxifen","CHEBI:41774","tamoxifen","chebi",133
"cyanazine","CHEBI:38069","cyanazine","chebi",118
"fomesafen","CHEBI:81925","fomesafen","chebi",112
"thiram","CHEBI:9495","thiram","chebi",112
"bifenthrin","CHEBI:3093","bifenthrin","chebi",110
"cyproconazole","CHEBI:81758","cyproconazole","chebi",109
"lovastatin","CHEBI:40303","lovastatin","chebi",109
"osimertinib","CHEBI:90943","osimertinib","chebi",109
"dht","CHEBI:16330","17β-hydroxy-5α-androstan-3-one","chebi",106
"prochloraz","CHEBI:8434","prochloraz","chebi",106
"ml","HGNC:11795","THPO","immport",105
"vinclozolin","CHEBI:9986","vinclozolin","chebi",105
"tetrac","CHEBI:131194","3,3',5,5'-tetraiodothyroacetic acid","chebi",104
"cypermethrin","CHEBI:4042","cypermethrin","chebi",103
"flutamide","CHEBI:5132","flutamide","chebi",102
"imazalil","CHEBI:81927","enilconazole","chebi",102
"simazine","CHEBI:27496","simazine","chebi",101
"ifn","HGNC:5417","IFNA1","immport",100
"ziram","CHEBI:79736","ziram","chebi",100
"maneb","CHEBI:52497","maneb","chebi",99
"butafenacil","CHEBI:143863","butafenacil","chebi",98
"nilutamide","CHEBI:7573","nilutamide","chebi",96
"trametinib","CHEBI:75998","trametinib","chebi",96
"in","HGNC:1681","CD44","hgnc",94
"decitabine","CHEBI:50131","5-aza-2'-deoxycytidine","chebi",89
"enzalutamide","CHEBI:68534","enzalutamide","chebi",89
"propiconazole","CHEBI:8489","propiconazole","chebi",89
"troglitazone","CHEBI:9753","troglitazone","chebi",89
"r1881","CHEBI:379896","17β-hydroxy-17-methylestra-4,9,11-trien-3-one","chebi",88
"imatinib","CHEBI:45783","imatinib","chebi",86
"metformin","CHEBI:6801","metformin","chebi",86
"olaparib","CHEBI:83766","olaparib","chebi",85
"pimasertib","CHEBI:94793","pimasertib","chebi",85
"paclitaxel","CHEBI:45863","paclitaxel","chebi",84
"etoposide","CHEBI:4911","etoposide","chebi",80
"rapamycin","CHEBI:9168","sirolimus","chebi",80
"gemcitabine","CHEBI:175901","gemcitabine","chebi",79
"sorafenib","CHEBI:50924","sorafenib","chebi",79
"farglitazar","CHEBI:229920","farglitazar","chebi",78
"simvastatin","CHEBI:9150","simvastatin","chebi",75
"cladribine","CHEBI:567361","cladribine","chebi",74
"estradiol","CHEBI:16469","17β-estradiol","chebi",72
"cycloheximide","CHEBI:27641","cycloheximide","chebi",66
"reserpine","CHEBI:28487","reserpine","chebi",66
"fenofibrate","CHEBI:5001","fenofibrate","chebi",65
"gefitinib","CHEBI:49668","gefitinib","chebi",64
"clofibrate","CHEBI:3750","clofibrate","chebi",62
"crizotinib","CHEBI:64310","crizotinib","chebi",62
"ifna","HGNC:5417","IFNA1","immport",62
"bortezomib","CHEBI:52717","bortezomib","chebi",61
"lapatinib","CHEBI:49603","lapatinib","chebi",61
"sunitinib","CHEBI:38940","sunitinib","chebi",60
"il4","HGNC:6014","IL4","immport",59
"pma","CHEBI:37537","phorbol 13-acetate 12-myristate","chebi",55
"dasatinib","CHEBI:49375","dasatinib (anhydrous)","chebi",53
"erlotinib","CHEBI:114785","erlotinib","chebi",53
"ibrutinib","CHEBI:76612","ibrutinib","chebi",53
"il21","HGNC:6005","IL21","immport",51
"bpa","CHEBI:33216","bisphenol A","chebi",50
"pyraclostrobin","CHEBI:78780","pyraclostrobin","chebi",50
"vemurafenib","CHEBI:63637","vemurafenib","chebi",50
"cyclophosphamide","CHEBI:4026","cyclophosphamide hydrate","chebi",48
"rotenone","CHEBI:28201","rotenone","chebi",48
"panobinostat","CHEBI:85990","panobinostat","chebi",47
"regorafenib","CHEBI:68647","regorafenib","chebi",47
"carfilzomib","CHEBI:65347","carfilzomib","chebi",45
"docetaxel","CHEBI:4672","docetaxel anhydrous","chebi",45
"otx015","CHEBI:230508","birabresib","chebi",45
"egf","HGNC:3229","EGF","immport",44
"il15","HGNC:5977","IL15","immport",44
"quizartinib","CHEBI:90217","quizartinib","chebi",44
"tofacitinib","CHEBI:71200","tofacitinib","chebi",44
"copd","MeSH:D029424","Pulmonary Disease, Chronic Obstructive","mesh",43
"estrogen","CHEBI:50114","estrogen","chebi",43
"actinomycin","CHEBI:15369","actinomycin","chebi",42
"thalidomide","CHEBI:9513","thalidomide","chebi",42
"forskolin","CHEBI:42471","forskolin","chebi",41
"iaa","CHEBI:16411","indole-3-acetic acid","chebi",40
"amiodarone","CHEBI:2663","amiodarone","chebi",39
"ruxolitinib","CHEBI:66919","ruxolitinib","chebi",39
"abemaciclib","CHEBI:233362","Abemaciclib","chebi",38
"atrazine","CHEBI:15930","atrazine","chebi",38
"ethanol","CHEBI:16236","ethanol","chebi",38
"afatinib","CHEBI:61390","afatinib","chebi",37
"methylprednisolone","CHEBI:6888","6α-methylprednisolone","chebi",37
"tunicamycin","CHEBI:29699","tunicamycin","chebi",37
"etanercept","CHEBI:4875","etanercept","chebi",36
"lps","CHEBI:16412","lps-","chebi",36
"nilotinib","CHEBI:52172","nilotinib","chebi",36
"rosiglitazone","CHEBI:50122","rosiglitazone","chebi",36
"tetracycline","CHEBI:27902","tetracycline","chebi",36
"bleomycin","CHEBI:3139","bleomycin A<small><sub>2</sub></small>","chebi",35
"calcitriol","CHEBI:17823","calcitriol","chebi",35
"mefloquine","CHEBI:63609","mefloquine","chebi",35
"selinexor","CHEBI:229764","selinexor","chebi",35
"vpa","CHEBI:39867","valproic acid","chebi",35
"hydroxyurea","CHEBI:44423","hydroxyurea","chebi",34
"mk2206","CHEBI:67271","MK-2206","chebi",34
"romidepsin","CHEBI:61080","romidepsin","chebi",34
"glucose","CHEBI:4167","<small>D</small>-glucopyranose","chebi",33
"qnz","CHEBI:232358","EVP4593","chebi",33
"brequinar","CHEBI:177387","brequinar","chebi",32
"ribociclib","CHEBI:230905","Ribociclib","chebi",32
"neratinib","CHEBI:61397","neratinib","chebi",31
"bosutinib","CHEBI:39112","bosutinib","chebi",30
"carboplatin","CHEBI:31355","carboplatin","chebi",30
"digoxin","CHEBI:4551","digoxin","chebi",30
"genistein","CHEBI:28088","genistein","chebi",30
"lenalidomide","CHEBI:63791","lenalidomide","chebi",30
"tcdd","CHEBI:28119","2,3,7,8-tetrachlorodibenzodioxine","chebi",30
"cabozantinib","CHEBI:72317","cabozantinib","chebi",29
"daunorubicin","CHEBI:41977","daunorubicin","chebi",29
"diazinon","CHEBI:34682","diazinon","chebi",29
"sag","CHEBI:138438","3-chloro-<em>N</em>-[<i>trans</i>-4-(methylamino)cyclohexyl]-<em>N</em>-[3-(pyridin-4-yl)benzyl]-1-benzothiophene-2-carboxamide","chebi",29
"vorinostat","CHEBI:45716","vorinostat","chebi",29
"il13","HGNC:5973","IL13","immport",28
"azd5363","CHEBI:229222","capivasertib","chebi",27
"lurbinectedin","CHEBI:746908","lurbinectedin","chebi",27
"sirolimus","CHEBI:9168","sirolimus","chebi",27
"sulforaphane","CHEBI:47807","sulforaphane","chebi",27
"chir99021","CHEBI:91091","CHIR 99021","chebi",26
"everolimus","CHEBI:68478","everolimus","chebi",26
"mrtx1133","CHEBI:746962","MRTX1133","chebi",26
"paraquat","CHEBI:34905","paraquat","chebi",26
"atorvastatin","CHEBI:39548","atorvastatin","chebi",25
"bafetinib","CHEBI:197107","Bafetinib","chebi",25
"crenolanib","CHEBI:145365","crenolanib","chebi",25
"itraconazole","CHEBI:6076","itraconazole","chebi",25
"axitinib","CHEBI:66910","axitinib","chebi",24
"dabrafenib","CHEBI:75045","dabrafenib","chebi",24
"dha","CHEBI:16016","dihydroxyacetone","chebi",24
"dncb","CHEBI:34718","1-chloro-2,4-dinitrobenzene","chebi",24
"foretinib","CHEBI:91418","foretinib","chebi",24
"talazoparib","CHEBI:231344","talazoparib","chebi",24
"thapsigargin","CHEBI:9516","thapsigargin","chebi",24
"azd1775","CHEBI:91414","adavosertib","chebi",23
"lenvatinib","CHEBI:85994","lenvatinib","chebi",23
"metronidazole","CHEBI:6909","metronidazole","chebi",23
"mln4924","CHEBI:145535","pevonedistat","chebi",23
"norepinephrine","CHEBI:18357","(<i>R</i>)-noradrenaline","chebi",23
"ser","CHEBI:17115","<small>L</small>-serine","chebi",23
"vincristine","CHEBI:28445","vincristine","chebi",23
"acrylamide","CHEBI:28619","acrylamide","chebi",22
"dacomitinib","CHEBI:132268","dacomitinib","chebi",22
"hgf","HGNC:6018","IL6","immport",22
"indisulam","CHEBI:145431","indisulam","chebi",22
"taxol","CHEBI:45863","paclitaxel","chebi",22
"tazemetostat","CHEBI:231598","tazemetostat","chebi",22
"vegf","HGNC:12680","VEGFA","hgnc",22
"androgen","CHEBI:50113","androgen","chebi",21
"azacitidine","CHEBI:2038","5-azacytidine","chebi",21
"dopamine","CHEBI:18243","dopamine","chebi",21
"drb","CHEBI:49852","5,6-dichloro-1-β-<small>D</small>-ribofuranosyl-1<em>H</em>-benzimidazole","chebi",21
"gilteritinib","CHEBI:145372","gilteritinib","chebi",21
"homoharringtonine","CHEBI:71019","omacetaxine mepesuccinate","chebi",21
"linifanib","CHEBI:91435","linifanib","chebi",21
"nivolumab","CHEBI:231614","Nivolumab","chebi",21
"aee788","CHEBI:40629","AEE788","chebi",20
"apg","CHEBI:155879","Ala-Pro-Gly","chebi",20
"belinostat","CHEBI:61076","belinostat","chebi",20
"byl719","CHEBI:231324","alpelisib","chebi",20
"carbon","CHEBI:27594","carbon atom","chebi",20
"dbf","CHEBI:28145","dibenzofuran","chebi",20
"dihydrotestosterone","CHEBI:16330","17β-hydroxy-5α-androstan-3-one","chebi",20
"il1","HGNC:5991","IL1A","immport",20
"cytarabine","CHEBI:28680","cytarabine","chebi",19
"entinostat","CHEBI:132082","entinostat","chebi",19
"fgf2","HGNC:3676","FGF2","immport",19
"il11","HGNC:5966","IL11","immport",19
"lps","CHEBI:16412","lipopolysaccharide","chebi",19
"melatonin","CHEBI:16796","melatonin","chebi",19
"methotrexate","CHEBI:44185","methotrexate","chebi",19
"novobiocin","CHEBI:28368","novobiocin","chebi",19
"pracinostat","CHEBI:95071","pracinostat","chebi",19
"ricolinostat","CHEBI:95073","ricolinostat","chebi",19
"temozolomide","CHEBI:72564","temozolomide","chebi",19
"tgfbeta","HGNC:11766","TGFB1","immport",19
"tmz","CHEBI:72564","temozolomide","chebi",19
"tpa","CHEBI:15702","terephthalic acid","chebi",19
"varlitinib","CHEBI:231356","varlitinib","chebi",19
"5fu","CHEBI:80961","5-formyluracil","chebi",18
"acetaminophen","CHEBI:46195","paracetamol","chebi",18
"clarithromycin","CHEBI:3732","clarithromycin","chebi",18
"disulfiram","CHEBI:4659","disulfiram","chebi",18
"il6","HGNC:6018","IL6","immport",18
"irinotecan","CHEBI:80630","irinotecan","chebi",18
"trastuzumab","CHEBI:231601","trastuzumab","chebi",18
"auxin","CHEBI:22676","auxin","chebi",17
"baff","HGNC:11929","TNFSF13B","immport",17
"chlorpromazine","CHEBI:3647","chlorpromazine","chebi",17
"cyclopamine","CHEBI:4021","Cyclopamine","chebi",17
"fluorouracil","CHEBI:46345","5-fluorouracil","chebi",17
"fluvastatin","CHEBI:38561","fluvastatin","chebi",17
"gentamicin","CHEBI:17833","gentamycin","chebi",17
"mitoxantrone","CHEBI:50729","mitoxantrone","chebi",17
"ponatinib","CHEBI:78543","ponatinib","chebi",17
"progesterone","CHEBI:17026","progesterone","chebi",17
"tdf","CHEBI:63718","tenofovir disoproxil fumarate","chebi",17
"vandetanib","CHEBI:49960","vandetanib","chebi",17
"activin","HGNC:24029","INHBE","hgnc",16
"oxaliplatin","CHEBI:31941","oxaliplatin","chebi",16
"puromycin","CHEBI:17939","puromycin","chebi",16
"tsa","CHEBI:46024","trichostatin A","chebi",16
"azd8186","CHEBI:234358","AZD8186","chebi",15
"dichloromethane","CHEBI:15767","dichloromethane","chebi",15
"eltrombopag","CHEBI:85010","eltrombopag","chebi",15
"flavopiridol","CHEBI:47344","alvocidib","chebi",15
"fructose","CHEBI:28645","β-<small>D</small>-fructofuranose","chebi",15
"insulin","CHEBI:5931","insulin (human)","chebi",15
"pomalidomide","CHEBI:72690","pomalidomide","chebi",15
"rigosertib","CHEBI:145417","rigosertib","chebi",15
"3tc","CHEBI:63577","lamivudine","chebi",14
"acetylcholine","CHEBI:15355","acetylcholine","chebi",14
"coumarin","CHEBI:28794","coumarin","chebi",14
"cpg","CHEBI:167896","cytidylyl-(3'→5')-guanosine","chebi",14
"glutamine","CHEBI:18050","<small>L</small>-glutamine","chebi",14
"gw7647","CHEBI:70778","GW 7647","chebi",14
"il10","HGNC:5962","IL10","immport",14
"isoginkgetin","CHEBI:79087","isoginkgetin","chebi",14
"palmitate","CHEBI:7896","hexadecanoate","chebi",14
"propranolol","CHEBI:8499","propranolol","chebi",14
"sildenafil","CHEBI:9139","sildenafil","chebi",14
"amoxicillin","CHEBI:2676","amoxicillin","chebi",13
"lithium","CHEBI:30145","lithium atom","chebi",13
"mitomycin","CHEBI:27504","mitomycin C","chebi",13
"neocarzinostatin","CHEMBL:CHEMBL454708","NEOCARZINOSTATIN","chembl",13
"nitrofurantoin","CHEBI:71415","nitrofurantoin","chebi",13
"triptolide","CHEBI:9747","Triptolide","chebi",13
"aid","HGNC:13203","AICDA","hgnc",12
"arsenic","CHEBI:27563","arsenic atom","chebi",12
"bucillamine","CHEBI:31312","Bucillamine","chebi",12
"carbamazepine","CHEBI:3387","carbamazepine","chebi",12
"chidamide","CHEBI:135918","chidamide","chebi",12
"chlorpheniramine","CHEBI:52010","chlorphenamine","chebi",12
"chlorpyrifos","CHEBI:34631","chlorpyrifos","chebi",12
"dhea","CHEBI:28689","dehydroepiandrosterone","chebi",12
"enasidenib","CHEBI:145374","enasidenib","chebi",12
"epirubicin","CHEBI:47898","4'-epidoxorubicin","chebi",12
"epz6438","CHEBI:231598","tazemetostat","chebi",12
"fluoxetine","CHEBI:5118","fluoxetine","chebi",12
"ifna","HGNC:5423","IFNA2","hgnc",12
"leucine","CHEBI:15603","<small>L</small>-leucine","chebi",12
"luminal","MeSH:D010634","Phenobarbital","mesh",12
"pal","CHEBI:59043","PAL","chebi",12
"thioacetamide","CHEBI:32497","thioacetamide","chebi",12
"tpo","HGNC:6018","IL6","immport",12
"adenosine","CHEBI:16335","adenosine","chebi",11
"albendazole","CHEBI:16664","albendazole","chebi",11
"aspirin","CHEBI:15365","acetylsalicylic acid","chebi",11
"azd5153","CHEBI:231674","AZD5153","chebi",11
"azd8055","CHEBI:91329","AZD-8055","chebi",11
"benzene","CHEBI:16716","benzene","chebi",11
"bgj398","CHEBI:63451","BGJ-398","chebi",11
"bioallethrin","CHEBI:34572","allethrin","chebi",11
"busulfan","CHEBI:28901","busulfan","chebi",11
"c16","CHEBI:15756","hexadecanoic acid","chebi",11
"clozapine","CHEBI:3766","clozapine","chebi",11
"dioxin","CHEBI:28119","2,3,7,8-tetrachlorodibenzodioxine","chebi",11
"ganetespib","CHEBI:177770","Ganetespib","chebi",11
"isotretinoin","CHEBI:6067","isotretinoin","chebi",11
"lomustine","CHEBI:6520","lomustine","chebi",11
"nicotinamide","CHEBI:17154","nicotinamide","chebi",11
"nocodazole","CHEBI:34892","nocodazole","chebi",11
"permethrin","CHEBI:34911","permethrin","chebi",11
"phenylalanine","CHEBI:17295","<small>L</small>-phenylalanine","chebi",11
"prednisone","CHEBI:8382","prednisone","chebi",11
"propylthiouracil","CHEBI:8502","6-propyl-2-thiouracil","chebi",11
"pvp","CHEBI:53245","poly(vinylpyridine)","chebi",11
"s4u","CHEBI:20480","4-thiouridine","chebi",11
"sr1","CHEBI:230484","StemRegenin 1","chebi",11
"sucrose","CHEBI:17992","sucrose","chebi",11
"3ap","CHEBI:231347","triapine","chebi",10
"ac220","CHEBI:90217","quizartinib","chebi",10
"alisertib","CHEBI:125628","alisertib","chebi",10
"ammonium","CHEBI:28938","ammonium","chebi",10
"hgi","HGNC:6018","IL6","immport",10
"ibuprofen","CHEBI:5855","ibuprofen","chebi",10
"idarubicin","CHEBI:42068","idarubicin","chebi",10
"lycorine","CHEBI:6601","lycorine","chebi",10
"peg","CHEBI:46793","poly(ethylene glycol)","chebi",10
"remdesivir","CHEBI:145994","remdesivir","chebi",10
"resveratrol","CHEBI:27881","resveratrol","chebi",10
"rofecoxib","CHEBI:8887","rofecoxib","chebi",10
"selumetinib","CHEBI:90227","selumetinib","chebi",10
"tnfalpha","HGNC:11892","TNF","immport",10
"volasertib","CHEBI:231358","volasertib","chebi",10
"acrolein","CHEBI:15368","acrolein","chebi",9
"alectinib","CHEBI:90936","alectinib","chebi",9
"amitriptyline","CHEBI:2666","amitriptyline","chebi",9
"azd6738","CHEBI:231342","ceralasertib","chebi",9
"bepridil","CHEBI:3061","bepridil","chebi",9
"cobimetinib","CHEBI:90851","cobimetinib","chebi",9
"copanlisib","CHEBI:173077","copanlisib","chebi",9
"cortisol","CHEBI:17650","cortisol","chebi",9
"csf","HGNC:2434","CSF2","immport",9
"dinaciclib","CHEBI:95060","dinaciclib","chebi",9
"egf","CHEBI:140739","Glu-Gly-Phe","chebi",9
"emetine","CHEBI:4781","emetine","chebi",9
"ezetimibe","CHEBI:49040","ezetimibe","chebi",9
"formoterol","CHEBI:5147","formoterol","chebi",9
"igm","HGNC:11935","CD40LG","immport",9
"il2","HGNC:6001","IL2","immport",9
"il27","HGNC:5984","IL17D","immport",9
"isoproterenol","CHEBI:64317","isoprenaline","chebi",9
"leptin","CHEBI:81571","Leptin","chebi",9
"lgk974","CHEBI:78030","LGK974","chebi",9
"melphalan","CHEBI:28876","melphalan","chebi",9
"mln8237","CHEBI:125628","alisertib","chebi",9
"mms","CHEBI:25255","methyl methanesulfonate","chebi",9
"rb1","HGNC:9884","RB1","hgnc",9
"resiquimod","CHEBI:36706","resiquimod","chebi",9
"ribavirin","CHEBI:63580","ribavirin","chebi",9
"sb939","CHEBI:95071","pracinostat","chebi",9
"sel","CHEBI:24866","salt","chebi",9
"trichloroethylene","CHEBI:16602","trichloroethene","chebi",9
"trifluoperazine","CHEBI:45951","trifluoperazine","chebi",9
"acetaldehyde","CHEBI:15343","acetaldehyde","chebi",8
"aea","CHEBI:2700","anandamide","chebi",8
"aflatoxin","CHEBI:22271","aflatoxin","chebi",8
"amo","CHEBI:53705","amoxicilloyl group","chebi",8
"aphidicolin","CHEBI:2766","aphidicolin","chebi",8
"ar","HGNC:644","AR","hgnc",8
"binimetinib","CHEBI:145371","binimetinib","chebi",8
"birinapant","CHEBI:177705","Birinapant","chebi",8
"camp","CHEBI:17489","3',5'-cyclic AMP","chebi",8
"cccp","CHEBI:3259","CCCP","chebi",8
"chloroquine","CHEBI:3638","chloroquine","chebi",8
"ciclosporin","CHEBI:4031","cyclosporin A","chebi",8
"cloxyquin","CHEBI:134818","cloxiquine","chebi",8
"diethylstilbestrol","CHEBI:41922","diethylstilbestrol","chebi",8
"fk866","CHEBI:231701","FK866","chebi",8
"glyphosate","CHEBI:27744","glyphosate","chebi",8
"gsk461364","CHEBI:91333","GSK461364","chebi",8
"hemin","CHEBI:50385","hemin","chebi",8
"homocysteine","CHEBI:17230","homocysteine","chebi",8
"hydrocortisone","CHEBI:17650","cortisol","chebi",8
"hydroxychloroquine","CHEBI:5801","hydroxychloroquine","chebi",8
"idasanutlin","CHEBI:232616","Idasanutlin","chebi",8
"ink128","CHEBI:91450","sapanisertib","chebi",8
"jardiance","CHEBI:82720","empagliflozin","chebi",8
"ketoconazole","CHEBI:47519","ketoconazole","chebi",8
"largazole","CHEBI:212400","Largazole","chebi",8
"linsitinib","CHEBI:91402","linsitinib","chebi",8
"lps","CHEBI:16412","lps (","chebi",8
"ly2835219","CHEBI:233362","Abemaciclib","chebi",8
"mc","CHEBI:34342","3-methylcholanthrene","chebi",8
"mechlorethamine","CHEBI:28925","mechlorethamine","chebi",8
"mma","CHEBI:16830","methylamine","chebi",8
"mycophenolate","CHEBI:62932","mycophenolate","chebi",8
"nifedipine","CHEBI:7565","nifedipine","chebi",8
"paf1","HGNC:25459","PAF1","hgnc",8
"pinometostat","CHEBI:230493","pinometostat","chebi",8
"pitavastatin","CHEBI:32020","pitavastatin","chebi",8
"platinum","CHEBI:33364","platinum","chebi",8
"rad001","CHEBI:68478","everolimus","chebi",8
"ros","CHEBI:26523","reactive oxygen species","chebi",8
"sorbitol","CHEBI:30911","glucitol","chebi",8
"topotecan","CHEBI:63632","topotecan","chebi",8
"tranilast","CHEBI:77572","tranilast","chebi",8
"wp1066","CHEBI:234609","WP1066","chebi",8
"azd4573","CHEBI:233359","AZD4573","chebi",7
"azd7762","CHEBI:131156","AZD7762","chebi",7
"bap","CHEBI:29022","<em>N</em>-benzyladenine","chebi",7
"baricitinib","CHEBI:95341","baricitinib","chebi",7
"buspirone","CHEBI:3223","buspirone","chebi",7
"c6","HGNC:1339","C6","immport",7
"cadmium","CHEBI:22977","cadmium atom","chebi",7
"camptothecin","CHEBI:27656","camptothecin","chebi",7
"celecoxib","CHEBI:41423","celecoxib","chebi",7
"chaetocin","CHEBI:68747","chaetocin","chebi",7
"chop","CHEBI:18132","phosphocholine","chebi",7
"cinobufagin","CHEBI:80805","Cinobufagin","chebi",7
"cocaine","CHEBI:27958","cocaine","chebi",7
"donor","CHEBI:17499","hydrogen donor","chebi",7
"erastin","CHEBI:94287","erastin","chebi",7
"eribulin","CHEBI:63587","eribulin","chebi",7
"gardiquimod","CHEBI:234430","gardiquimod","chebi",7
"givinostat","CHEBI:94187","givinostat","chebi",7
"glucosamine","CHEBI:5417","glucosamine","chebi",7
"glycerol","CHEBI:17754","glycerol","chebi",7
"gsk2879552","CHEBI:176334","GSK2879552","chebi",7
"ivermectin","CHEBI:6078","ivermectin","chebi",7
"miglitol","CHEBI:6935","Miglitol","chebi",7
"mpa","CHEBI:6716","medroxyprogesterone acetate","chebi",7
"niacin","CHEBI:15940","nicotinic acid","chebi",7
"nintedanib","CHEBI:85164","nintedanib","chebi",7
"pacritinib","CHEBI:231350","pacritinib","chebi",7
"pd1","CHEBI:138655","protectin D1","chebi",7
"pgf2a","CHEBI:15553","prostaglandin F<small><sub>2α</sub></small>","chebi",7
"ph","MeSH:D006863","Hydrogen-Ion Concentration","mesh",7
"shikonin","CHEBI:81068","Shikonin","chebi",7
"testosterone","CHEBI:17347","testosterone","chebi",7
"venetoclax","CHEBI:133021","venetoclax","chebi",7
"verapamil","CHEBI:9948","verapamil","chebi",7
"zoledronate","CHEMBL:CHEMBL924","ZOLEDRONIC ACID ANHYDROUS","chembl",7
"acyclovir","CHEBI:2453","acyclovir","chebi",6
"aha","CHEBI:27777","acetohydroxamic acid","chebi",6
"alpelisib","CHEBI:231324","alpelisib","chebi",6
"amlodipine","CHEBI:2668","amlodipine","chebi",6
"bexarotene","CHEBI:50859","bexarotene","chebi",6
"bpf","CHEBI:34575","bisphenol F","chebi",6
"c","HGNC:11768","TGFB2","immport",6
"c24","CHEBI:87143","(<i>Z</i>)-<em>N</em>-cyclopropyl-11-methyldodec-2-enamide","chebi",6
"capecitabine","CHEBI:31348","capecitabine","chebi",6
"chloramphenicol","CHEBI:17698","chloramphenicol","chebi",6
"chlorprothixene","CHEBI:3651","chlorprothixene","chebi",6
"cla","CHEBI:3732","clarithromycin","chebi",6
"cpt","CHEBI:27656","camptothecin","chebi",6
"cucurbitacin","CHEBI:16219","cucurbitacin","chebi",6
"curcumin","CHEBI:3962","curcumin","chebi",6
"cyclosporine","CHEBI:4031","cyclosporin A","chebi",6
"ddc","CHEBI:10101","zalcitabine","chebi",6
"dec","CHEBI:23574","decanoyl group","chebi",6
"delta","NCBITaxon:998453","delta","taxonomy",6
"digitoxin","CHEBI:28544","digitoxin","chebi",6
"e7820","CHEBI:188454","E7820(1−)","chebi",6
"fgf1","HGNC:3665","FGF1","immport",6
"filgrastim","CHEMBL:CHEMBL1201567","FILGRASTIM","chembl",6
"formaldehyde","CHEBI:16842","formaldehyde","chebi",6
"levosimendan","CHEBI:50567","levosimendan","chebi",6
"mebendazole","CHEBI:6704","mebendazole","chebi",6
"momelotinib","CHEBI:91407","momelotinib","chebi",6
"narasin","CHEBI:183815","Narasin","chebi",6
"niraparib","CHEBI:176844","niraparib","chebi",6
"nrg1","HGNC:30142","GDF15","immport",6
"oridonin","CHEBI:138236","oridonin","chebi",6
"ota","CHEBI:7719","ochratoxin A","chebi",6
"parthenolide","CHEBI:7939","parthenolide","chebi",6
"pdx","CHEBI:138653","(4<i>Z</i>,7<i>Z</i>,10<i>S</i>,11<i>E</i>,13<i>Z</i>,15<i>E</i>,17<i>S</i>,19<i>Z</i>)-10,17-dihydroxydocosahexaenoic acid","chebi",6
"pge2","CHEBI:15551","prostaglandin E<small><sub>2</sub></small>","chebi",6
"quinpirole","CHEBI:75401","quinpirole","chebi",6
"refametinib","CHEBI:231602","refametinib","chebi",6
"saccharin","CHEBI:32111","saccharin","chebi",6
"salmeterol","CHEBI:9011","salmeterol","chebi",6
"saracatinib","CHEBI:47458","saracatinib","chebi",6
"sars2","NCBITaxon:2697049","sars-cov-2","taxonomy",6
"tac","CHEBI:53498","triacetylcellulose","chebi",6
"terfenadine","CHEBI:9453","Terfenadine","chebi",6
"tgfb3","HGNC:11769","TGFB3","immport",6
"tissue","MeSH:D014024","Tissues","mesh",6
"tmp","CHEBI:9533","thiamine(1+) monophosphate","chebi",6
"toosendanin","CHEBI:192461","toosendanin","chebi",6
"vitamin","CHEBI:33229","vitamin (role)","chebi",6
"zidovudine","CHEBI:10110","zidovudine","chebi",6
"aldosterone","CHEBI:27584","aldosterone","chebi",5
"amg510","CHEBI:178199","sotorasib","chebi",5
"amsacrine","CHEBI:2687","amsacrine","chebi",5
"azathioprine","CHEBI:2948","azathioprine","chebi",5
"berbamine","CHEBI:3063","Berbamine","chebi",5
"brdu","CHEBI:472552","5-bromo-2'-deoxyuridine","chebi",5
"can","CHEBI:91238","calcium ammonium nitrate","chebi",5
"canagliflozin","CHEBI:73272","canagliflozin hydrate","chebi",5
"ceritinib","CHEBI:78432","ceritinib","chebi",5
"cerivastatin","CHEBI:3558","cerivastatin","chebi",5
"cisapride","CHEBI:3720","cisapride","chebi",5
"citrate","CHEBI:16947","citrate(3−)","chebi",5
"clofarabine","CHEBI:681569","clofarabine","chebi",5
"cytosine","CHEBI:16040","cytosine","chebi",5
"dpdpe","CHEBI:73356","DPDPE","chebi",5
"edc","CHEBI:27789","1,2-dichloroethane","chebi",5
"empagliflozin","CHEBI:82720","empagliflozin","chebi",5
"enfuvirtide","CHEBI:608828","enfuvirtide","chebi",5
"enu","CHEBI:23995","<em>N</em>-ethyl-<em>N</em>-nitrosourea","chebi",5
"eugenol","CHEBI:4917","eugenol","chebi",5
"glutamate","CHEBI:14321","glutamate(1−)","chebi",5
"ionomycin","CHEBI:63954","ionomycin","chebi",5
"irofulven","CHEBI:135002","irofulven","chebi",5
"isoprenaline","CHEBI:64317","isoprenaline","chebi",5
"kcl","CHEBI:32588","potassium chloride","chebi",5
"lactate","CHEBI:24996","lactate","chebi",5
"lbh589","CHEBI:85990","panobinostat","chebi",5
"lipopolysaccharide","CHEBI:16412","lipopolysaccharide","chebi",5
"loperamide","CHEBI:6532","loperamide","chebi",5
"ltb4","CHEBI:15647","leukotriene B<small><sub>4</sub></small>","chebi",5
"marizomib","CHEBI:48045","salinosporamide A","chebi",5
"mercaptopurine","CHEBI:50667","mercaptopurine","chebi",5
"mifepristone","CHEBI:50692","mifepristone","chebi",5
"mitotane","CHEBI:6954","Mitotane","chebi",5
"mocetinostat","CHEBI:197437","mocetinostat","chebi",5
"niclosamide","CHEBI:7553","niclosamide","chebi",5
"parp1","HGNC:270","PARP1","hgnc",5
"perifosine","CHEBI:67272","perifosine","chebi",5
"pevonedistat","CHEBI:145535","pevonedistat","chebi",5
"phenylephrine","CHEBI:8093","phenylephrine","chebi",5
"pirarubicin","CHEBI:94770","pirarubicin","chebi",5
"plinabulin","CHEBI:177413","plinabulin","chebi",5
"podofilox","CHEBI:50305","podophyllotoxin","chebi",5
"ppt","CHEBI:50305","podophyllotoxin","chebi",5
"probenecid","CHEBI:8426","probenecid","chebi",5
"prolactin","CHEBI:81580","Prolactin","chebi",5
"quinacrine","CHEBI:8711","quinacrine","chebi",5
"raf265","CHEBI:91451","CHIR-265","chebi",5
"raltitrexed","CHEBI:5847","ICI D1694","chebi",5
"ro4929097","CHEBI:86474","RO4929097","chebi",5
"rucaparib","CHEBI:134689","rucaparib","chebi",5
"scf","HGNC:6343","KITLG","immport",5
"silvestrol","CHEBI:66484","silvestrol","chebi",5
"tad","CHEBI:2659","aminophylline","chebi",5
"tariquidar","CHEBI:177609","Tariquidar","chebi",5
"tasisulam","CHEBI:231621","tasisulam","chebi",5
"telatinib","CHEBI:231351","telatinib","chebi",5
"tirapazamine","CHEBI:78887","tirapazamine","chebi",5
"torin1","CHEBI:84327","torin 1","chebi",5
"toyocamycin","CHEBI:134606","toyocamycin","chebi",5
"urea","CHEBI:16199","urea","chebi",5
"vismodegib","CHEBI:66903","vismodegib","chebi",5
"zibotentan","CHEBI:94573","zibotentan","chebi",5
"acf","CHEBI:191932","acetyl fluoride","chebi",4
"adriamycin","CHEBI:28748","doxorubicin","chebi",4
"akm","CHEBI:31255","bekanamycin sulfate","chebi",4
"albuterol","CHEBI:2549","albuterol","chebi",4
"amg208","CHEBI:90626","AMG-208","chebi",4
"anastrozole","CHEBI:2704","anastrozole","chebi",4
"aps","CHEBI:17709","5'-adenylyl sulfate","chebi",4
"astemizole","CHEBI:2896","astemizole","chebi",4
"atp","CHEBI:15422","ATP","chebi",4
"bendamustine","CHEBI:135515","bendamustine","chebi",4
"brivanib","CHEBI:167686","brivanib","chebi",4
"budesonide","CHEBI:3207","budesonide","chebi",4
"capsaicin","CHEBI:3374","capsaicin","chebi",4
"carmustine","CHEBI:3423","carmustine","chebi",4
"ccl26","HGNC:10625","CCL26","immport",4
"celastrol","CHEBI:63959","celastrol","chebi",4
"chrysin","CHEBI:75095","chrysin","chebi",4
"cnt","CHEBI:50594","carbon nanotube","chebi",4
"diltiazem","CHEBI:101278","diltiazem","chebi",4
"dms","CHEBI:17437","dimethyl sulfide","chebi",4
"dpn","MeSH:D009243","NAD","mesh",4
"elesclomol","CHEBI:79369","elesclomol","chebi",4
"epinephrine","CHEBI:28918","(<i>R</i>)-adrenaline","chebi",4
"erdafitinib","CHEBI:232556","Erdafitinib","chebi",4
"estramustine","CHEBI:4868","estramustine","chebi",4
"eto","CHEBI:27561","oxirane","chebi",4
"etomoxir","CHEBI:232547","etomoxir","chebi",4
"exemestane","CHEBI:4953","exemestane","chebi",4
"ffa","CHEBI:42638","flufenamic acid","chebi",4
"fk506","CHEBI:61049","tacrolimus (anhydrous)","chebi",4
"furosemide","CHEBI:47426","furosemide","chebi",4
"geldanamycin","CHEBI:5292","geldanamycin","chebi",4
"gossypol","CHEBI:28584","gossypol","chebi",4
"guadecitabine","CHEBI:231603","guadecitabine","chebi",4
"ibmx","CHEBI:34795","3-isobutyl-1-methyl-7<em>H</em>-xanthine","chebi",4
"icaritin","CHEBI:201674","icaritin","chebi",4
"il18","HGNC:5986","IL18","immport",4
"il33","HGNC:16028","IL33","immport",4
"ilt","HGNC:5977","IL15","immport",4
"indole","CHEBI:16881","1<em>H</em>-indole","chebi",4
"ipilimumab","CHEBI:231679","ipilimumab","chebi",4
"ixabepilone","CHEBI:63605","ixabepilone","chebi",4
"ixazomib","CHEBI:90942","ixazomib","chebi",4
"leuprolide","CHEBI:6427","leuprolide","chebi",4
"lidocaine","CHEBI:6456","lidocaine","chebi",4
"lipopolysaccharide","CHEBI:16412","lps","chebi",4
"lisinopril","CHEBI:6503","lisinopril dihydrate","chebi",4
"lp","HGNC:6667","LPA","hgnc",4
"lps","CHEBI:16412","lps ( )","chebi",4
"lupeol","CHEBI:6570","lupeol","chebi",4
"mek","CHEBI:28398","butan-2-one","chebi",4
"mesotrione","CHEBI:38321","mesotrione","chebi",4
"mithramycin","CHEBI:31856","mithramycin","chebi",4
"mln2480","CHEBI:167672","TAK-580","chebi",4
"mrna","CHEBI:33699","messenger RNA","chebi",4
"mtx","CHEBI:44185","methotrexate","chebi",4
"naltrexone","CHEBI:7465","naltrexone","chebi",4
"nmn","CHEBI:16171","NMN zwitterion","chebi",4
"nmp","CHEBI:7307","<em>N</em>-methylpyrrolidin-2-one","chebi",4
"ouabain","CHEBI:145798","ouabain(1−)","chebi",4
"oxa","CHEBI:53076","4-(ethoxymethylene)-2-phenyloxazol-5-one","chebi",4
"pazopanib","CHEBI:71219","pazopanib","chebi",4
"pentostatin","CHEBI:27834","pentostatin","chebi",4
"plx4032","CHEBI:63637","vemurafenib","chebi",4
"pomiferin","CHEBI:8329","Pomiferin","chebi",4
"procarbazine","CHEBI:71417","procarbazine","chebi",4
"pyrimethamine","CHEBI:8673","pyrimethamine","chebi",4
"pyrvinium","CHEBI:8687","pyrvinium","chebi",4
"quisinostat","CHEBI:94771","quisinostat","chebi",4
"resminostat","CHEBI:231352","resminostat","chebi",4
"ru486","CHEBI:50692","mifepristone","chebi",4
"salinomycin","CHEBI:80025","Salinomycin","chebi",4
"satraplatin","CHEBI:85609","satraplatin","chebi",4
"shh","CHEBI:45716","vorinostat","chebi",4
"sonidegib","CHEBI:90863","sonidegib","chebi",4
"sotalol","CHEBI:63622","sotalol","chebi",4
"suloctidil","CHEBI:233445","(±)-suloctidil","chebi",4
"tacedinaline","CHEBI:90195","tacedinaline","chebi",4
"talampanel","CHEBI:34992","Talampanel","chebi",4
"tasquinimod","CHEBI:231355","tasquinimod","chebi",4
"teniposide","CHEBI:75988","teniposide","chebi",4
"tepa","CHEBI:49798","tetraethylenepentamine","chebi",4
"thioguanine","CHEBI:9555","tioguanine","chebi",4
"thiotepa","CHEBI:9570","Thiotepa","chebi",4
"tivozanib","CHEBI:91327","tivozanib","chebi",4
"tnt","CHEBI:27135","trinitrotoluene","chebi",4
"tolbutamide","CHEBI:27999","tolbutamide","chebi",4
"toremifene","CHEBI:9635","toremifene","chebi",4
"trehalose","CHEBI:16551","α,α-trehalose","chebi",4
"triapine","CHEBI:231347","triapine","chebi",4
"triciribine","CHEBI:65310","triciribine","chebi",4
"tsa","HGNC:9353","PRDX2","hgnc",4
"vadimezan","CHEBI:75934","vadimezan","chebi",4
"acc","CHEBI:18053","1-aminocyclopropanecarboxylic acid","chebi",3
"acetate","CHEBI:30089","acetate","chebi",3
"alvocidib","CHEBI:47344","alvocidib","chebi",3
"anisomycin","CHEBI:338412","(−)-anisomycin","chebi",3
"apolipoprotein","CHEBI:39015","apolipoprotein","chebi",3
"apremilast","CHEBI:78540","apremilast","chebi",3
"aprepitant","CHEBI:499361","aprepitant","chebi",3
"arecoline","CHEBI:2814","arecoline","chebi",3
"ascorbate","CHEBI:38290","<small>L</small>-ascorbate","chebi",3
"atrasentan","CHEBI:135810","atrasentan","chebi",3
"bci","CHEBI:143126","(2<i>E</i>)-2-benzylidene-3-(cyclohexylamino)indan-1-one","chebi",3
"bosentan","CHEBI:51450","bosentan","chebi",3
"brigatinib","CHEBI:232810","brigatinib","chebi",3
"bufexamac","CHEBI:31317","bufexamac","chebi",3
"caffeine","CHEBI:27732","caffeine","chebi",3
"canertinib","CHEBI:61399","canertinib","chebi",3
"cantharidin","CHEBI:64213","cantharidin","chebi",3
"capivasertib","CHEBI:229222","capivasertib","chebi",3
"ciclopirox","CHEBI:453011","ciclopirox","chebi",3
"cilengitide","CHEBI:177833","cilengitide","chebi",3
"cntf","HGNC:2169","CNTF","hgnc",3
"cp724714","CHEBI:167658","CP-724714","chebi",3
"cpi613","CHEBI:233197","devimistat","chebi",3
"cyclocreatine","CHEBI:229254","Cyclocreatine","chebi",3
"cyt387","CHEBI:91407","momelotinib","chebi",3
"dab","CHEBI:90994","3,3'-diaminobenzidine","chebi",3
"dacarbazine","CHEBI:4305","dacarbazine","chebi",3
"daclatasvir","CHEBI:82977","daclatasvir","chebi",3
"dactinomycin","CHEBI:27666","actinomycin D","chebi",3
"darunavir","CHEBI:367163","darunavir","chebi",3
"deferoxamine","CHEBI:4356","desferrioxamine B","chebi",3
"dihydroartemisinin","CHEBI:135921","β-dihydroartemisinin","chebi",3
"dimethylamine","CHEBI:17170","dimethylamine","chebi",3
"dithranol","CHEBI:37510","anthralin","chebi",3
"dmf","CHEBI:17741","<em>N</em>,<em>N</em>-dimethylformamide","chebi",3
"doc","CHEBI:16973","11-deoxycorticosterone","chebi",3
"dorsomorphin","CHEBI:78510","dorsomorphin","chebi",3
"doxorubicine","CHEBI:28748","doxorubicin","chebi",3
"dpn","CHEBI:15846","NAD<small><sup>+</small></sup>","chebi",3
"eniluracil","CHEBI:177783","eniluracil","chebi",3
"entrectinib","CHEBI:195558","entrectinib","chebi",3
"fentanyl","CHEBI:119915","fentanyl","chebi",3
"fisetin","CHEBI:42567","fisetin","chebi",3
"floxuridine","CHEBI:60761","floxuridine","chebi",3
"flubendazole","CHEBI:77095","flubendazole","chebi",3
"galeterone","CHEBI:177536","Galeterone","chebi",3
"gdc0941","CHEBI:65326","pictrelisib","chebi",3
"glasdegib","CHEBI:145428","glasdegib","chebi",3
"glc","CHEBI:17234","glucose","chebi",3
"harmine","CHEBI:28121","harmine","chebi",3
"honokiol","CHEBI:5759","Honokiol","chebi",3
"hypericin","CHEBI:5835","hypericin","chebi",3
"idebenone","CHEBI:31687","idebenone","chebi",3
"ifna8","HGNC:5427","IFNA6","immport",3
"inosine","CHEBI:17596","inosine","chebi",3
"iso","CHEBI:167830","isorhapontigenin","chebi",3
"isoxaflutole","CHEBI:141213","isoxaflutole","chebi",3
"karanjin","CHEBI:166631","Karanjin","chebi",3
"kl1","HGNC:6343","KITLG","immport",3
"ky","HGNC:26576","KY","hgnc",3
"l3","HGNC:10332","RPL3","hgnc",3
"lactacystin","CHEBI:52722","lactacystin","chebi",3
"lcl161","CHEBI:193137","LCL161","chebi",3
"letrozole","CHEBI:6413","letrozole","chebi",3
"lna","CHEBI:48010","locked nucleic acid","chebi",3
"losartan","CHEBI:6541","losartan","chebi",3
"lps","CHEBI:16412","lps ( ) .","chebi",3
"lysine","CHEBI:18019","<small>L</small>-lysine","chebi",3
"menadione","CHEBI:28869","menadione","chebi",3
"merrf","MeSH:D017243","MERRF Syndrome","mesh",3
"methadone","CHEBI:6807","methadone","chebi",3
"methamphetamine","CHEBI:6809","methamphetamine","chebi",3
"methanol","CHEBI:17790","methanol","chebi",3
"metyrapone","CHEBI:44241","metyrapone","chebi",3
"mitoq","CHEBI:234429","mitoquinone mesylate","chebi",3
"mk","HGNC:11905","TNFRSF10B","immport",3
"mnp","CHEBI:139554","magnetic nanoparticle","chebi",3
"nicotine","CHEBI:17688","(<i>S</i>)-nicotine","chebi",3
"nifurtimox","CHEBI:7566","Nifurtimox","chebi",3
"nimodipine","CHEBI:7575","nimodipine","chebi",3
"nmda","CHEBI:6121","ketamine","chebi",3
"oestradiol","CHEBI:23965","estradiol","chebi",3
"oleandrin","CHEBI:59030","oleandrin","chebi",3
"onalespib","CHEBI:140592","onalespib","chebi",3
"oxamate","CHEBI:18058","oxamic acid","chebi",3
"oxyquinoline","CHEBI:48981","quinolin-8-ol","chebi",3
"patient","MeSH:D010361","Patients","mesh",3
"pd0332991","CHEBI:85993","palbociclib","chebi",3
"pemetrexed","CHEBI:63616","pemetrexed","chebi",3
"pendimethalin","CHEBI:83569","pendimethalin","chebi",3
"pipobroman","CHEBI:8242","pipobroman","chebi",3
"pixantrone","CHEBI:135945","pixantrone","chebi",3
"plerixafor","CHEBI:125354","plerixafor","chebi",3
"proscillaridin","CHEBI:32065","Proscillaridin","chebi",3
"prostaglandin","CHEBI:26333","prostaglandin","chebi",3
"purmorphamine","CHEBI:63053","purmorphamine","chebi",3
"raloxifene","CHEBI:8772","raloxifene","chebi",3
"rela","HGNC:9955","RELA","hgnc",3
"retinol","CHEBI:17336","<i>all</i>-<i>trans</i>-retinol","chebi",3
"s1p","CHEBI:37550","sphingosine 1-phosphate","chebi",3
"sanguinarine","CHEBI:17183","sanguinarine","chebi",3
"savolitinib","CHEBI:231369","savolitinib","chebi",3
"sertraline","CHEBI:9123","sertraline","chebi",3
"sevoflurane","CHEBI:9130","sevoflurane","chebi",3
"sotrastaurin","CHEBI:90531","sotrastaurin","chebi",3
"spermidine","CHEBI:16610","spermidine","chebi",3
"tacrolimus","CHEBI:61049","tacrolimus (anhydrous)","chebi",3
"tak733","CHEBI:231366","TAK-733","chebi",3
"tandutinib","CHEBI:90237","tandutinib","chebi",3
"tesamorelin","CHEBI:63626","tesamorelin","chebi",3
"tibolone","CHEBI:32223","tibolone","chebi",3
"tipifarnib","CHEBI:141969","tipifarnib","chebi",3
"tretinoin","CHEBI:15367","<i>all</i>-<i>trans</i>-retinoic acid","chebi",3
"tsp1","HGNC:11785","THBS1","hgnc",3
"uracil","CHEBI:17568","uracil","chebi",3
"val","CHEBI:16414","<small>L</small>-valine","chebi",3
"vinblastine","CHEBI:27375","vincaleukoblastine","chebi",3
"vindesine","CHEBI:36373","vindesine","chebi",3
"a20","HGNC:5735","IGKV1-27","hgnc",2
"aa","CHEBI:15843","arachidonic acid","chebi",2
"abexinostat","CHEBI:92223","abexinostat","chebi",2
"acalabrutinib","CHEBI:167707","acalabrutinib","chebi",2
"ach","HGNC:3690","FGFR3","hgnc",2
"aciclovir","CHEBI:2453","acyclovir","chebi",2
"act","HGNC:16","SERPINA3","uniprot",2
"adenovirus","NCBITaxon:10535","unidentifiedadenovirus","taxonomy",2
"adiponectin","CHEBI:81572","adiponectin","chebi",2
"altretamine","CHEBI:24564","hexamethylmelamine","chebi",2
"aminopterin","CHEBI:22526","4-aminofolic acid","chebi",2
"antiandrogen","CHEBI:35497","androgen antagonist","chebi",2
"apilimod","CHEBI:230506","apilimod","chebi",2
"arg","CHEBI:16467","<small>L</small>-arginine","chebi",2
"at13387","CHEBI:140592","onalespib","chebi",2
"at7519","CHEBI:91326","4-(2,6-dichlorobenzamido)-<em>N</em>-(piperidin-4-yl)-pyrazole-3-carboxamide","chebi",2
"atenolol","CHEBI:2904","atenolol","chebi",2
"atg101","HGNC:25679","ATG101","hgnc",2
"atovaquone","CHEBI:575568","atovaquone","chebi",2
"auranofin","CHEBI:2922","auranofin","chebi",2
"berberine","CHEBI:16118","berberine","chebi",2
"bet","CHEBI:17750","glycine betaine","chebi",2
"bezafibrate","CHEBI:47612","bezafibrate","chebi",2
"bg","HGNC:616","APOH","hgnc",2
"bi2536","CHEBI:49868","BI-2536","chebi",2
"bicalutamide","CHEBI:3090","bicalutamide","chebi",2
"biib021","CHEBI:90687","BIIB021","chebi",2
"bilirubin","CHEBI:16990","bilirubin IXα","chebi",2
"bix","CHEBI:85310","2-(3,4-dihydroxyphenyl)-2-oxoethyl thiocyanate","chebi",2
"bor","CHEBI:27560","boron atom","chebi",2
"bpde","CHEBI:30614","benzo[<em>a</em>]pyrene diol epoxide I","chebi",2
"broxaldine","CHEBI:232618","broxaldine","chebi",2
"bru","CHEBI:20553","5-bromouridine","chebi",2
"btc","CHEBI:746958","benzothiazolylcysteine zwitterion","chebi",2
"bumetanide","CHEBI:3213","bumetanide","chebi",2
"c10","CHEBI:87148","(<i>Z</i>)-13-methyltetradec-2-enoic acid","chebi",2
"c5a","HGNC:1331","C5","hgnc",2
"cabazitaxel","CHEBI:63584","cabazitaxel","chebi",2
"cabergoline","CHEBI:3286","cabergoline","chebi",2
"calcipotriene","CHEBI:50749","calcipotriol","chebi",2
"calcipotriol","CHEBI:50749","calcipotriol","chebi",2
"carbocyanine","CHEBI:52218","pinacyanol iodide","chebi",2
"carmofur","CHEBI:31360","Carmofur","chebi",2
"carnosol","CHEBI:3429","Carnosol","chebi",2
"cd40l","HGNC:11935","CD40LG","immport",2
"ceftriaxone","CHEBI:29007","ceftriaxone","chebi",2
"ceramide","CHEBI:17761","ceramide","chebi",2
"cerulenin","CHEBI:171741","cerulenin","chebi",2
"chetomin","CHEBI:68741","chetomin","chebi",2
"cholesterol","CHEBI:16113","cholesterol","chebi",2
"cinacalcet","CHEBI:48390","cinacalcet","chebi",2
"corin","CHEBI:232604","Corin","chebi",2
"creatine","CHEBI:16919","creatine","chebi",2
"csa","CHEBI:55379","camphorsulfonic acid","chebi",2
"ctx","CHEBI:3498","cefotaxime sodium","chebi",2
"cyproterone","CHEBI:50742","cyproterone","chebi",2
"dbcamp","CHEBI:50095","bucladesine","chebi",2
"dca","CHEMBL:CHEMBL306823","SODIUM DICHLOROACETATE","chembl",2
"dehp","CHEBI:17747","bis(2-ethylhexyl) phthalate","chebi",2
"dhodh","HGNC:2867","DHODH","hgnc",2
"diosmetin","CHEBI:4630","diosmetin","chebi",2
"dipyridamole","CHEBI:4653","dipyridamole","chebi",2
"dobutamine","CHEBI:4670","dobutamine","chebi",2
"don","CHEBI:10022","deoxynivalenol","chebi",2
"elaiophylin","CHEBI:77879","elaiophylin","chebi",2
"elvitegravir","CHEBI:72289","elvitegravir","chebi",2
"emb","CHEBI:4877","ethambutol","chebi",2
"enalapril","CHEBI:4784","enalapril","chebi",2
"epa","CHEBI:28364","<i>all</i>-<i>cis</i>-5,8,11,14,17-icosapentaenoic acid","chebi",2
"epcam","HGNC:11529","EPCAM","immport",2
"etomidate","CHEBI:4910","etomidate","chebi",2
"evodiamine","CHEBI:4948","Evodiamine","chebi",2
"fad","MeSH:D005182","Flavin-Adenine Dinucleotide","mesh",2
"fenbendazole","CHEBI:77092","fenbendazole","chebi",2
"finasteride","CHEBI:5062","finasteride","chebi",2
"fludrocortisone","CHEBI:50885","fludrocortisone","chebi",2
"fotemustine","CHEBI:131848","fotemustine","chebi",2
"galunisertib","CHEBI:137064","LY-2157299","chebi",2
"glimepiride","CHEBI:5383","glimepiride","chebi",2
"glucuronide","CHEBI:15341","β-<small>D</small>-glucosiduronic acid","chebi",2
"gsk1120212","CHEBI:75991","trametinib dimethyl sulfoxide","chebi",2
"gsk690693","CHEBI:90677","GSK690693","chebi",2
"hem","CHEBI:30413","heme","chebi",2
"ifosfamide","CHEBI:5864","ifosfamide","chebi",2
"il5","HGNC:6016","IL5","immport",2
"il7","HGNC:6023","IL7","immport",2
"il9","HGNC:6029","IL9","immport",2
"imipramine","CHEBI:47499","imipramine","chebi",2
"inc280","CHEBI:231693","capmatinib","chebi",2
"indirubin","CHEBI:183083","indirubin","chebi",2
"isorhamnetin","CHEBI:6052","isorhamnetin","chebi",2
"ketamine","CHEBI:6121","ketamine","chebi",2
"ketotifen","CHEBI:92511","ketotifen","chebi",2
"kinetin","CHEBI:27407","kinetin","chebi",2
"lasofoxifene","CHEBI:135938","lasofoxifene","chebi",2
"ldl","CHEBI:39026","low-density lipoprotein","chebi",2
"leucovorin","CHEBI:15640","5-formyltetrahydrofolic acid","chebi",2
"levofloxacin","CHEBI:63598","levofloxacin","chebi",2
"ley","CHEBI:140912","Lewis Y antigen","chebi",2
"lonafarnib","CHEBI:47097","lonafarnib","chebi",2
"lps","HGNC:6121","IRF6","hgnc",2
"mannitol","CHEBI:16899","<small>D</small>-mannitol","chebi",2
"mannose","CHEBI:37684","mannose","chebi",2
"map","CHEBI:6716","medroxyprogesterone acetate","chebi",2
"megestrol","CHEBI:6722","megestrol","chebi",2
"met","CHEBI:16044","<small>L</small>-methionine residue","chebi",2
"methyleugenol","CHEBI:4918","<em>O</em>-methyleugenol","chebi",2
"mgo","CHEBI:31794","magnesium oxide","chebi",2
"mibefradil","CHEBI:6920","Mibefradil","chebi",2
"mk1775","CHEBI:91414","adavosertib","chebi",2
"mmc","CHEBI:27504","mitomycin C","chebi",2
"mns","CHEBI:137270","Met-Asn-Ser","chebi",2
"monensin","CHEBI:27617","monensin A","chebi",2
"morphine","CHEBI:17303","morphine","chebi",2
"motesanib","CHEBI:51098","motesanib","chebi",2
"msp","HGNC:7380","MST1","immport",2
"mta","CHEBI:17509","5'-<em>S</em>-methyl-5'-thioadenosine","chebi",2
"mubritinib","CHEBI:233310","Mubritinib","chebi",2
"naa","CHEBI:21547","<em>N</em>-acetyl-<small>L</small>-aspartic acid","chebi",2
"navitoclax","CHEBI:131174","navitoclax","chebi",2
"nbs","CHEBI:53174","<em>N</em>-bromosuccinimide","chebi",2
"nelarabine","CHEBI:63612","nelarabine","chebi",2
"nigericin","CHEBI:7569","nigericin","chebi",2
"nortriptyline","CHEBI:7640","nortriptyline","chebi",2
"nrf2","HGNC:4071","GABPA","hgnc",2
"ns1","CHEBI:81640","Envelope glycoprotein E2","chebi",2
"oligonucleotide","CHEBI:7754","oligonucleotide","chebi",2
"omeprazole","CHEBI:7772","omeprazole","chebi",2
"omipalisib","CHEBI:95093","omipalisib","chebi",2
"onc201","CHEBI:232328","dordaviprone","chebi",2
"opg","CHEBI:63300","osmoregulated periplasmic glucan","chebi",2
"oprozomib","CHEBI:747352","oprozomib","chebi",2
"oxalate","CHEBI:30623","oxalate(2−)","chebi",2
"oxt","CHEBI:7872","oxytocin","chebi",2
"oxytocin","CHEBI:7872","oxytocin","chebi",2
"paa","CHEBI:42530","peracetic acid","chebi",2
"pam","CHEBI:45021","palmitoyl group","chebi",2
"parbendazole","CHEBI:94267","parbendazole","chebi",2
"paromomycin","CHEBI:7934","paromomycin","chebi",2
"pca","CHEBI:36751","pyrrole-2-carboxylic acid","chebi",2
"penicillamine","CHEBI:7959","<small>D</small>-penicillamine","chebi",2
"pharmaceuticals","CHEBI:52217","pharmaceutical","chebi",2
"phenanthrene","CHEBI:28851","phenanthrene","chebi",2
"phenelzine","CHEBI:8060","Phenelzine","chebi",2
"phenobarbital","CHEBI:8069","phenobarbital","chebi",2
"phosphatidylserine","CHEBI:18303","phosphatidyl-<small>L</small>-serine","chebi",2
"pi","HGNC:8941","SERPINA1","hgnc",2
"pic","CHEBI:53806","phenyl isocyanate","chebi",2
"pirfenidone","CHEBI:32016","pirfenidone","chebi",2
"podophyllotoxin","CHEBI:50305","podophyllotoxin","chebi",2
"polyamide","CHEBI:53224","poly(amide) macromolecule","chebi",2
"pralatrexate","CHEBI:71223","pralatrexate","chebi",2
"prednisolone","CHEBI:8378","prednisolone","chebi",2
"prinomastat","CHEBI:138885","prinomastat","chebi",2
"prl","CHEBI:81580","Prolactin","chebi",2
"pro","CHEBI:50342","<small>L</small>-proline residue","chebi",2
"prostratin","CHEBI:69818","prostratin","chebi",2
"raltegravir","CHEBI:82960","raltegravir","chebi",2
"rest","CHEBI:24433","group","chebi",2
"reversine","CHEBI:70723","reversine","chebi",2
"rg7388","CHEBI:232616","Idasanutlin","chebi",2
"rh","HGNC:10008","RHCE","hgnc",2
"rx","HGNC:18662","RAX","hgnc",2
"sol","MeSH:D019904","Polymethyl Methacrylate","mesh",2
"sts","CHEBI:15738","staurosporine","chebi",2
"sulpiride","CHEBI:32168","sulpiride","chebi",2
"tc","HGNC:2665","CD55","hgnc",2
"tcm","CHEBI:145500","thiencarbazone-methyl","chebi",2
"tempol","CHEBI:180664","4-hydroxy-TEMPO","chebi",2
"temsirolimus","CHEBI:79699","Temsirolimus","chebi",2
"tepoxalin","CHEBI:76277","tepoxalin","chebi",2
"teriflunomide","CHEBI:68540","teriflunomide","chebi",2
"thiostrepton","CHEBI:29693","thiostrepton","chebi",2
"ticlopidine","CHEBI:9588","ticlopidine","chebi",2
"tioguanine","CHEBI:9555","tioguanine","chebi",2
"tobramycin","CHEBI:28864","tobramycin","chebi",2
"trac","HGNC:12029","TRAC","hgnc",2
"triac","CHEBI:40021","tiratricol","chebi",2
"trifluridine","CHEBI:75179","trifluridine","chebi",2
"trimethoprim","CHEBI:45924","trimethoprim","chebi",2
"tyrosine","CHEBI:17895","<small>L</small>-tyrosine","chebi",2
"vancomycin","CHEBI:28001","vancomycin","chebi",2
"vatalanib","CHEBI:90620","vatalanib","chebi",2
"verteporfin","CHEBI:32293","verteporfin","chebi",2
"vinorelbine","CHEBI:480999","vinorelbine","chebi",2
"viread","CHEBI:63718","tenofovir disoproxil fumarate","chebi",2
"warfarin","CHEBI:10033","warfarin","chebi",2
"wiskostatin","CHEBI:78008","wiskostatin","chebi",2
"wogonin","CHEBI:10043","wogonin","chebi",2
"17aag","CHEBI:64153","tanespimycin","chebi",1
"5d4","CHEBI:233312","TopBP1-IN-1","chebi",1
"a10","HGNC:5837","IGKV6D-21","hgnc",1
"abe","CHEBI:27778","abequose","chebi",1
"acamprosate","CHEBI:51041","acamprosate","chebi",1
"acetazolamide","CHEBI:27690","acetazolamide","chebi",1
"acetone","CHEBI:15347","acetone","chebi",1
"aclarubicin","CHEBI:74619","aclacinomycin A","chebi",1
"ada","CHEBI:39048","ADA","chebi",1
"adiponectin","HGNC:13633","ADIPOQ","hgnc",1
"aed","CHEBI:40594","5-[(2-acetamidoethyl)amino]naphthalene-1-sulfonic acid","chebi",1
"agarose","CHEBI:2511","agarose","chebi",1
"alcohol","CHEBI:16236","ethanol","chebi",1
"aldesleukin","HGNC:6001","IL2","immport",1
"aldoxorubicin","CHEBI:231680","aldoxorubicin","chebi",1
"alexidine","CHEBI:53661","alexidine","chebi",1
"alprostadil","CHEBI:15544","prostaglandin E<small><sub>1</sub></small>","chebi",1
"alsterpaullone","CHEBI:138488","alsterpaullone","chebi",1
"amikacin","CHEBI:2637","amikacin","chebi",1
"amiloride","CHEBI:2639","amiloride","chebi",1
"aminacrine","CHEBI:74789","9-aminoacridine","chebi",1
"amisulpride","CHEBI:64045","amisulpride","chebi",1
"amrubicin","CHEBI:135779","amrubicin","chebi",1
"angiotensin","CHEBI:2719","Ile<small><sup>5</small></sup>-angiotensin II","chebi",1
"anle138b","CHEBI:232606","Anle138b","chebi",1
"aph","CHEBI:228483","APH","chebi",1
"apigenin","CHEBI:18388","apigenin","chebi",1
"apocynin","CHEBI:2781","apocynin","chebi",1
"ari","CHEBI:35640","adrenergic uptake inhibitor","chebi",1
"ars","HGNC:18746","SLURP1","hgnc",1
"artenimol","CHEBI:135921","β-dihydroartemisinin","chebi",1
"artesunate","CHEBI:63918","artesunate","chebi",1
"asa","CHEBI:15365","acetylsalicylic acid","chebi",1
"asn","CHEBI:17196","<small>L</small>-asparagine","chebi",1
"asunaprevir","CHEBI:134723","asunaprevir","chebi",1
"atx","CHEBI:80716","aplysiatoxin","chebi",1
"aurothioglucose","CHEBI:2930","aurothioglucose","chebi",1
"b1","HGNC:7315","MS4A1","hgnc",1
"baicalein","CHEBI:2979","baicalein","chebi",1
"bap1","HGNC:950","BAP1","hgnc",1
"barasertib","CHEBI:167636","AZT-1152","chebi",1
"bardoxolone","CHEBI:177450","Bardoxolone","chebi",1
"bez235","CHEBI:71952","dactolisib","chebi",1
"bi6727","CHEBI:231358","volasertib","chebi",1
"biperiden","CHEBI:3112","biperiden","chebi",1
"birabresib","CHEBI:230508","birabresib","chebi",1
"bronopol","CHEBI:31306","Bronopol","chebi",1
"bruceantin","CHEBI:3188","Bruceantin","chebi",1
"brusatol","CHEBI:3197","Brusatol","chebi",1
"butoconazole","CHEBI:3240","butoconazole","chebi",1
"bv6","CHEBI:47924","<em>N</em>,<em>N</em>'-(hexane-1,6-diyl)bis(1-{(2<i>S</i>)-2-cyclohexyl-2-[(<em>N</em>-methyl-<small>L</small>-alanyl)amino]acetyl}-<small>L</small>-prolyl-β-phenyl-<small>L</small>-phenylalaninamide)","chebi",1
"calcimycin","CHEBI:3305","Calcimycin","chebi",1
"calcium","CHEBI:22984","calcium atom","chebi",1
"calmidazolium","CHEBI:75400","calmidazolium","chebi",1
"candesartan","CHEBI:149509","candesartan(2−)","chebi",1
"carnosine","CHEBI:15727","carnosine","chebi",1
"carvedilol","CHEBI:3441","carvedilol","chebi",1
"cbz","CHEBI:51097","benzyloxycarbonyl group","chebi",1
"cefoxitin","CHEBI:209807","cefoxitin","chebi",1
"ceg","CHEBI:34613","cefaloglycin","chebi",1
"chalcone","CHEBI:27618","chalcone","chebi",1
"chlorhexidine","CHEBI:3614","chlorhexidine","chebi",1
"chloroxine","CHEBI:59477","chloroxine","chebi",1
"clemastine","CHEBI:3738","clemastine","chebi",1
"copper","CHEBI:28694","copper atom","chebi",1
"corticosteroid","CHEBI:50858","corticosteroid","chebi",1
"cpa","CHEBI:165821","CpA","chebi",1
"cr","HGNC:2665","CD55","hgnc",1
"cxcl10","HGNC:10637","CXCL10","immport",1
"cxcl9","HGNC:7098","CXCL9","immport",1
"cysteine","CHEBI:15356","cysteine","chebi",1
"cytidine","CHEBI:17562","cytidine","chebi",1
"dactolisib","CHEBI:71952","dactolisib","chebi",1
"dapsone","CHEBI:4325","dapsone","chebi",1
"def","CHEBI:38737","tribufos","chebi",1
"dfo","CHEBI:4356","desferrioxamine B","chebi",1
"dic","CHEBI:4305","dacarbazine","chebi",1
"diclofenac","CHEBI:47381","diclofenac","chebi",1
"dihydrocelastrol","CHEBI:132340","triptohypol C","chebi",1
"dihydroouabain","CHEBI:131146","dihydroouabain","chebi",1
"dim","CHEBI:50182","3,3'-diindolylmethane","chebi",1
"dmso","MeSH:D004121","Dimethyl Sulfoxide","mesh",1
"dpt","CHEBI:39161","1,1,1-trichloro-2,2-diphenylethane","chebi",1
"dsf","CHEBI:81585","cis-11-Methyl-2-dodecenoic acid","chebi",1
"elacestrant","CHEBI:229213","elacestrant","chebi",1
"endoxifen","CHEBI:80555","4-Hydroxy-N-desmethyltamoxifen","chebi",1
"enrofloxacin","CHEBI:35720","enrofloxacin","chebi",1
"erismodegib","CHEBI:90863","sonidegib","chebi",1
"esp","HGNC:6016","IL5","immport",1
"ethisterone","CHEBI:34749","ethisterone","chebi",1
"f2","HGNC:3535","F2","immport",1
"fangchinoline","CHEBI:132893","fangchinoline","chebi",1
"fenretinide","CHEBI:42588","4-hydroxyphenyl retinamide","chebi",1
"filgrastim","HGNC:2438","CSF3","immport",1
"finerenone","CHEBI:747008","Finerenone","chebi",1
"fingolimod","CHEBI:63115","fingolimod","chebi",1
"fluoride","CHEBI:17051","fluoride","chebi",1
"fluvoxamine","CHEBI:5138","fluvoxamine","chebi",1
"ftc","CHEBI:173106","ferroptocide","chebi",1
"fty720","CHEBI:63112","fingolimod hydrochloride","chebi",1
"fumarate","CHEBI:29806","fumarate(2−)","chebi",1
"garcinol","CHEBI:5276","Garcinol","chebi",1
"gh","HGNC:4261","GH1","hgnc",1
"ghrelin","CHEBI:75431","ghrelin","chebi",1
"ginkgetin","CHEBI:5353","ginkgetin","chebi",1
"gip","CHEBI:80165","Glucose-dependent insulinotropic peptide","chebi",1
"gramicidin","CHEBI:5530","gramicidin S","chebi",1
"h89","CHEBI:47495","<em>N</em>-[2-(4-bromocinnamylamino)ethyl]isoquinoline-5-sulfonamide","chebi",1
"hantavirus","NCBITaxon:1980442","orthohantavirus","taxonomy",1
"harringtonine","CHEBI:5626","Harringtonine","chebi",1
"his","CHEBI:15971","<small>L</small>-histidine","chebi",1
"histamine","CHEBI:18295","histamine","chebi",1
"histidinol","CHEBI:43321","histidinol","chebi",1
"hmgb1","HGNC:4983","HMGB1","hgnc",1
"hmm","CHEBI:24564","hexamethylmelamine","chebi",1
"hpbcd","CHEBI:195327","HYDROXYPROPYL BETADEX","chebi",1
"hrg","CHEBI:231555","Human Heregulin-b1","chebi",1
"hsc","CHEBI:50443","<em>N</em>-(3-carboxypropanoyl)-<em>N</em>-hydroxycadaverine","chebi",1
"idelalisib","CHEBI:82701","idelalisib","chebi",1
"iguratimod","CHEBI:31689","Iguratimod","chebi",1
"iloprost","CHEBI:63916","iloprost","chebi",1
"imd","CHEBI:5870","imidacloprid","chebi",1
"imp","CHEBI:17202","IMP","chebi",1
"indocin","CHEBI:49662","indometacin","chebi",1
"indy","CHEBI:195332","INDY","chebi",1
"iohexol","CHEBI:31709","iohexol","chebi",1
"isoquercitrin","CHEBI:28299","quercetin 3-<em>O</em>-β-<small>D</small>-glucofuranoside","chebi",1
"isothiocyanate","CHEBI:52221","isothiocyanate","chebi",1
"istradefylline","CHEBI:134726","istradefylline","chebi",1
"lactose","CHEBI:17716","lactose","chebi",1
"lasiocarpine","CHEBI:6382","Lasiocarpine","chebi",1
"lde225","CHEBI:90863","sonidegib","chebi",1
"ldn","CHEBI:131902","<em>N</em>-acetyl-β-<small>D</small>-galactosaminyl-(1→4)-<em>N</em>-acetyl-<small>D</small>-glucosaminyl group","chebi",1
"leflunomide","CHEBI:6402","leflunomide","chebi",1
"leuprorelin","CHEBI:6427","leuprolide","chebi",1
"levamisole","CHEBI:6432","levamisole","chebi",1
"light","CHEBI:30212","photon","chebi",1
"light","HGNC:11930","TNFSF14","immport",1
"linopirdine","CHEBI:34823","Linopirdine","chebi",1
"lnt","CHEBI:30248","β-<small>D</small>-Gal-(1→3)-β-<small>D</small>-GlcNAc-(1→3)-β-<small>D</small>-Gal-(1→4)-<small>D</small>-Glc","chebi",1
"lopinavir","CHEBI:31781","lopinavir","chebi",1
"losmapimod","CHEBI:131167","losmapimod","chebi",1
"lta","CHEBI:73572","Leu-Thr-Ala","chebi",1
"luteolin","CHEBI:15864","luteolin","chebi",1
"m6a","HGNC:17563","METTL3","hgnc",1
"methylparaben","CHEBI:31835","methylparaben","chebi",1
"metoprolol","CHEBI:6904","metoprolol","chebi",1
"mig","HGNC:7098","CXCL9","immport",1
"mit","CHEBI:27847","3-iodo-<small>L</small>-tyrosine","chebi",1
"ml355","CHEBI:195557","ML355","chebi",1
"mln2238","CHEBI:90942","ixazomib","chebi",1
"mmf","CHEBI:8764","mycophenolate mofetil","chebi",1
"mnng","CHEBI:21759","<em>N</em>-methyl-<em>N</em>'-nitro-<em>N</em>-nitrosoguanidine","chebi",1
"mre269","CHEBI:90848","ACT-333679","chebi",1
"myr","CHEBI:25456","tetradecanoyl group","chebi",1
"nac","CHEBI:7421","NAC","chebi",1
"nad","CHEBI:15846","NAD<small><sup>+</small></sup>","chebi",1
"naltrindole","CHEBI:81528","Naltrindole","chebi",1
"naringenin","CHEBI:17846","(<i>S</i>)-naringenin","chebi",1
"nbt","CHEBI:9505","nitro blue tetrazolium dichloride","chebi",1
"nebivolol","CHEBI:64022","nebivolol","chebi",1
"nelfinavir","CHEBI:7496","nelfinavir","chebi",1
"neomycin","CHEBI:7507","neomycin","chebi",1
"ner","CHEBI:25503","nervonoyl group","chebi",1
"nitrendipine","CHEBI:7582","nitrendipine","chebi",1
"nitroxoline","CHEBI:67121","nitroxoline","chebi",1
"nl1","CHEBI:233244","5-[(3,5-ditert-butyl-4-hydroxyphenyl)methyl]-1,3-thiazolidine-2,4-dione","chebi",1
"nnk","CHEBI:32692","4-(<em>N</em>-nitrosomethylamino)-1-(3-pyridyl)butan-1-one","chebi",1
"nobiletin","CHEBI:7602","nobiletin","chebi",1
"nog","CHEBI:44482","<em>N</em>-oxalylglycine","chebi",1
"nvp","CHEBI:63613","nevirapine","chebi",1
"obatoclax","CHEBI:231698","Obatoclax","chebi",1
"oltipraz","CHEBI:77319","oltipraz","chebi",1
"onametostat","CHEBI:746978","Onametostat","chebi",1
"one","CHEBI:58972","(<i>E</i>)-4-oxonon-2-enal","chebi",1
"orteronel","CHEBI:231353","orteronel","chebi",1
"osajin","CHEBI:7797","Osajin","chebi",1
"ova","NCBITaxon:2951306","ova","taxonomy",1
"pamapimod","CHEBI:90685","pamapimod","chebi",1
"paracetamol","CHEBI:46195","paracetamol","chebi",1
"pb1","CHEBI:177890","Pb1","chebi",1
"pd1","HGNC:8760","PDCD1","hgnc",1
"pfd","CHEBI:31263","bentiromide","chebi",1
"phenamil","CHEBI:34919","Phenylamil","chebi",1
"phenothiazine","CHEBI:37931","10<em>H</em>-phenothiazine","chebi",1
"phenoxybenzamine","CHEBI:8077","Phenoxybenzamine","chebi",1
"phenytoin","CHEBI:8107","phenytoin","chebi",1
"phosphoramidon","CHEBI:45353","phosphoramidon","chebi",1
"plumbagin","CHEBI:8273","plumbagin","chebi",1
"plx5622","CHEBI:230497","PLX5622","chebi",1
"pravastatin","CHEBI:63618","pravastatin","chebi",1
"pristimerin","CHEBI:8416","Pristimerin","chebi",1
"propafenone","CHEBI:63619","propafenone","chebi",1
"propofol","CHEBI:44915","propofol","chebi",1
"prunetin","CHEBI:8600","prunetin","chebi",1
"ptx","CHEBI:146207","palytoxin","chebi",1
"putrescine","CHEBI:17148","putrescine","chebi",1
"pyruvate","CHEBI:15361","pyruvate","chebi",1
"rapa","NCBITaxon:644105","rapa","taxonomy",1
"riluzole","CHEBI:8863","Riluzole","chebi",1
"riociguat","CHEBI:76018","riociguat","chebi",1
"risperidone","CHEBI:8871","risperidone","chebi",1
"rita","NCBITaxon:337744","rita","taxonomy",1
"ritonavir","CHEBI:45409","ritonavir","chebi",1
"sam","CHEBI:15414","<em>S</em>-adenosyl-<small>L</small>-methionine","chebi",1
"saxagliptin","CHEBI:71272","saxagliptin","chebi",1
"senicapoc","CHEBI:233644","Senicapoc","chebi",1
"serotonin","CHEBI:28790","serotonin","chebi",1
"sfa","CHEBI:26607","saturated fatty acid","chebi",1
"sfe","HGNC:7154","MME","uniprot",1
"sitagliptin","CHEBI:40237","sitagliptin","chebi",1
"snap","CHEBI:77702","<i>S</i>-nitroso-<em>N</em>-acetyl-<small>D</small>-penicillamine","chebi",1
"solifenacin","CHEBI:135530","solifenacin","chebi",1
"sotorasib","CHEBI:178199","sotorasib","chebi",1
"spermine","CHEBI:15746","spermine","chebi",1
"sphingomyelin","CHEBI:17636","sphingomyelin d18:1","chebi",1
"spironolactone","CHEBI:9241","spironolactone","chebi",1
"sulconazole","CHEBI:9325","sulconazole","chebi",1
"taf","HGNC:6018","IL6","immport",1
"tau","CHEBI:36355","tau lepton","chebi",1
"tedizolid","CHEBI:82717","tedizolid","chebi",1
"teicoplanin","CHEBI:29687","teicoplanin","chebi",1
"tenofovir","CHEBI:63625","tenofovir (anhydrous)","chebi",1
"terbinafine","CHEBI:9448","terbinafine","chebi",1
"tgfbr2","HGNC:11773","TGFBR2","immport",1
"thiothixene","CHEBI:9571","Thiothixene","chebi",1
"threonine","CHEBI:16857","<small>L</small>-threonine","chebi",1
"thymoquinone","CHEBI:113532","thymoquinone","chebi",1
"tigecycline","CHEBI:142708","tigecycline(1+)","chebi",1
"tipiracil","CHEBI:90879","tipiracil","chebi",1
"tipranavir","CHEBI:63628","tipranavir","chebi",1
"tmpyp4","CHEBI:37447","<em>meso</em>-tetrakis(<em>N</em>-methyl-4-pyridyl)porphine(4+)","chebi",1
"tmx","CHEBI:39185","thiamethoxam","chebi",1
"tofa","CHEBI:77936","5-(tetradecyloxy)-2-furoic acid","chebi",1
"totarol","CHEBI:69241","totarol","chebi",1
"triamcinolone","CHEBI:9667","triamcinolone","chebi",1
"trpm2","HGNC:12339","TRPM2","hgnc",1
"ttp","CHEBI:9534","thiamine(1+) triphosphate","chebi",1
"uridine","CHEBI:16704","uridine","chebi",1
"utx","HGNC:12637","KDM6A","hgnc",1
"veliparib","CHEBI:62880","veliparib","chebi",1
"xl147","CHEBI:71957","XL147","chebi",1
"yap","HGNC:30935","YY1AP1","hgnc",1
