geo_accession	series_id_raw	series_id_resolved
GSM1846629	GSE71691,GSE71840	GSE71840
GSM1846630	GSE71691,GSE71840	GSE71840
GSM1846631	GSE71691,GSE71840	GSE71840
GSM1846632	GSE71691,GSE71840	GSE71840
GSM1846633	GSE71691,GSE71840	GSE71840
GSM1846634	GSE71691,GSE71840	GSE71840
GSM1846635	GSE71691,GSE71840	GSE71840
GSM1846636	GSE71691,GSE71840	GSE71840
GSM1846637	GSE71691,GSE71840	GSE71840
GSM1931296	GSE74729	GSE74729
GSM1931297	GSE74729	GSE74729
GSM1931298	GSE74729	GSE74729
GSM1931299	GSE74729	GSE74729
GSM1931300	GSE74729	GSE74729
GSM1931301	GSE74729	GSE74729
GSM1931302	GSE74729	GSE74729
GSM1931303	GSE74729	GSE74729
GSM1931304	GSE74729	GSE74729
GSM2436524	GSE92725,GSE92726	GSE92725
GSM2436525	GSE92725,GSE92726	GSE92725
GSM2436526	GSE92725,GSE92726	GSE92725
GSM2436527	GSE92725,GSE92726	GSE92725
GSM2436528	GSE92725,GSE92726	GSE92725
GSM2436529	GSE92725,GSE92726	GSE92725
GSM2436530	GSE92725,GSE92726	GSE92725
GSM2436531	GSE92725,GSE92726	GSE92725
GSM2436532	GSE92725,GSE92726	GSE92725
GSM2436533	GSE92725,GSE92726	GSE92725
GSM2436534	GSE92725,GSE92726	GSE92725
GSM2436535	GSE92725,GSE92726	GSE92725
GSM2436536	GSE92725,GSE92726	GSE92725
GSM2436537	GSE92725,GSE92726	GSE92725
GSM2436538	GSE92725,GSE92726	GSE92725
GSM2436539	GSE92725,GSE92726	GSE92725
GSM2436540	GSE92725,GSE92726	GSE92725
GSM2436541	GSE92725,GSE92726	GSE92725
GSM2522387	GSE95706	GSE95706
GSM2522388	GSE95706	GSE95706
GSM2522389	GSE95706	GSE95706
GSM2522390	GSE95706	GSE95706
GSM2522391	GSE95706	GSE95706
GSM2522392	GSE95706	GSE95706
GSM2589020	GSE98183	GSE98183
GSM2589021	GSE98183	GSE98183
GSM2589022	GSE98183	GSE98183
GSM2589023	GSE98183	GSE98183
GSM2589024	GSE98183	GSE98183
GSM2589025	GSE98183	GSE98183
GSM2589026	GSE98183	GSE98183
GSM2589027	GSE98183	GSE98183
GSM2589028	GSE98183	GSE98183
GSM2589029	GSE98183	GSE98183
GSM2637927	GSE99240	GSE99240
GSM2637928	GSE99240	GSE99240
GSM2637929	GSE99240	GSE99240
GSM2637930	GSE99240	GSE99240
GSM2637931	GSE99240	GSE99240
GSM2637932	GSE99240	GSE99240
GSM2690847	GSE100669	GSE100669
GSM2690848	GSE100669	GSE100669
GSM2690849	GSE100669	GSE100669
GSM2690850	GSE100669	GSE100669
GSM2690851	GSE100669	GSE100669
GSM2690852	GSE100669	GSE100669
GSM2690853	GSE100669	GSE100669
GSM2690854	GSE100669	GSE100669
GSM2690855	GSE100669	GSE100669
GSM2690856	GSE100669	GSE100669
GSM2690857	GSE100669	GSE100669
GSM2714336	GSE101745,GSE111706	GSE101745
GSM2714337	GSE101745,GSE111706	GSE101745
GSM2714338	GSE101745,GSE111706	GSE101745
GSM2714339	GSE101745,GSE111706	GSE101745
GSM2714340	GSE101745,GSE111706	GSE101745
GSM2714341	GSE101745,GSE111706	GSE101745
GSM2714342	GSE101745,GSE111706	GSE101745
GSM2714343	GSE101745,GSE111706	GSE101745
GSM2714344	GSE101745,GSE111706	GSE101745
GSM2714345	GSE101745,GSE111706	GSE101745
GSM2714346	GSE101745,GSE111706	GSE101745
GSM2714347	GSE101745,GSE111706	GSE101745
GSM2714348	GSE101745,GSE111706	GSE101745
GSM2714349	GSE101745,GSE111706	GSE101745
GSM2714350	GSE101745,GSE111706	GSE101745
GSM2714351	GSE101745,GSE111706	GSE101745
GSM2714352	GSE101745,GSE111706	GSE101745
GSM2714353	GSE101745,GSE111706	GSE101745
GSM2714354	GSE101745,GSE111706	GSE101745
GSM2714355	GSE101745,GSE111706	GSE101745
GSM2724425	GSE98183	GSE98183
GSM2724426	GSE98183	GSE98183
GSM2724427	GSE98183	GSE98183
GSM2724428	GSE98183	GSE98183
GSM2724429	GSE98183	GSE98183
GSM2724430	GSE98183	GSE98183
GSM2724431	GSE98183	GSE98183
GSM2724432	GSE98183	GSE98183
GSM2724433	GSE98183	GSE98183
GSM2724434	GSE98183	GSE98183
GSM2724435	GSE98183	GSE98183
GSM2724436	GSE98183	GSE98183
GSM2724437	GSE98183	GSE98183
GSM2724439	GSE98183	GSE98183
GSM2724440	GSE98183	GSE98183
GSM2724441	GSE98183	GSE98183
GSM2724442	GSE98183	GSE98183
GSM2724443	GSE98183	GSE98183
GSM2724444	GSE98183	GSE98183
GSM2724445	GSE98183	GSE98183
GSM2724446	GSE98183	GSE98183
GSM2724447	GSE98183	GSE98183
GSM2724448	GSE98183	GSE98183
GSM2724449	GSE98183	GSE98183
GSM2724450	GSE98183	GSE98183
GSM2724451	GSE98183	GSE98183
GSM2724452	GSE98183	GSE98183
GSM2724455	GSE98183	GSE98183
GSM2724456	GSE98183	GSE98183
GSM2724457	GSE98183	GSE98183
GSM2724460	GSE98183	GSE98183
GSM2724461	GSE98183	GSE98183
GSM2724462	GSE98183	GSE98183
GSM2724463	GSE98183	GSE98183
GSM2724464	GSE98183	GSE98183
GSM2724465	GSE98183	GSE98183
GSM2731727	GSE102246	GSE102246
GSM2731728	GSE102246	GSE102246
GSM2731729	GSE102246	GSE102246
GSM2731730	GSE102246	GSE102246
GSM2731731	GSE102246	GSE102246
GSM2731732	GSE102246	GSE102246
GSM2731733	GSE102246	GSE102246
GSM2731734	GSE102246	GSE102246
GSM2731735	GSE102246	GSE102246
GSM2731736	GSE102246	GSE102246
GSM2731737	GSE102246	GSE102246
GSM2731738	GSE102246	GSE102246
GSM2731739	GSE102246	GSE102246
GSM2731740	GSE102246	GSE102246
GSM2731741	GSE102246	GSE102246
GSM2731742	GSE102246	GSE102246
GSM2731743	GSE102246	GSE102246
GSM2731744	GSE102246	GSE102246
GSM2731745	GSE102246	GSE102246
GSM2731746	GSE102246	GSE102246
GSM2731747	GSE102246	GSE102246
GSM2731748	GSE102246	GSE102246
GSM2731749	GSE102246	GSE102246
GSM2731750	GSE102246	GSE102246
GSM2731751	GSE102246	GSE102246
GSM2731752	GSE102246	GSE102246
GSM2731753	GSE102246	GSE102246
GSM3004406	GSE110626	GSE110626
GSM3004407	GSE110626	GSE110626
GSM3004408	GSE110626	GSE110626
GSM3004415	GSE110626	GSE110626
GSM3004416	GSE110626	GSE110626
GSM3004417	GSE110626	GSE110626
GSM3004418	GSE110626	GSE110626
GSM3004425	GSE110626	GSE110626
GSM3004426	GSE110626	GSE110626
GSM3068889	GSE112372	GSE112372
GSM3068890	GSE112372	GSE112372
GSM3068891	GSE112372	GSE112372
GSM3068892	GSE112372	GSE112372
GSM3068893	GSE112372	GSE112372
GSM3068894	GSE112372	GSE112372
GSM3068895	GSE112372	GSE112372
GSM3068896	GSE112372	GSE112372
GSM3068897	GSE112372	GSE112372
GSM3068898	GSE112372	GSE112372
GSM3068899	GSE112372	GSE112372
GSM3068900	GSE112372	GSE112372
GSM3068901	GSE112372	GSE112372
GSM3068902	GSE112372	GSE112372
GSM3068903	GSE112372	GSE112372
GSM3068904	GSE112372	GSE112372
GSM3068905	GSE112372	GSE112372
GSM3068906	GSE112372	GSE112372
GSM3068907	GSE112372	GSE112372
GSM3230539	GSE116392	GSE116392
GSM3230540	GSE116392	GSE116392
GSM3230541	GSE116392	GSE116392
GSM3230542	GSE116392	GSE116392
GSM3230543	GSE116392	GSE116392
GSM3230544	GSE116392	GSE116392
GSM3377950	GSE119587,GSE119588	GSE119587
GSM3377951	GSE119587,GSE119588	GSE119587
GSM3377952	GSE119587,GSE119588	GSE119587
GSM3377953	GSE119587,GSE119588	GSE119587
GSM3377954	GSE119587,GSE119588	GSE119587
GSM3377955	GSE119587,GSE119588	GSE119587
GSM3382133	GSE119749,GSE119751	GSE119749
GSM3382134	GSE119749,GSE119751	GSE119749
GSM3382135	GSE119749,GSE119751	GSE119749
GSM3382136	GSE119749,GSE119751	GSE119749
GSM3382137	GSE119749,GSE119751	GSE119749
GSM3382138	GSE119749,GSE119751	GSE119749
GSM3382139	GSE119749,GSE119751	GSE119749
GSM3382140	GSE119749,GSE119751	GSE119749
GSM3382141	GSE119749,GSE119751	GSE119749
GSM3382142	GSE119749,GSE119751	GSE119749
GSM3382143	GSE119749,GSE119751	GSE119749
GSM3382144	GSE119749,GSE119751	GSE119749
GSM3382145	GSE119749,GSE119751	GSE119749
GSM3382146	GSE119749,GSE119751	GSE119749
GSM3382147	GSE119749,GSE119751	GSE119749
GSM3382148	GSE119749,GSE119751	GSE119749
GSM3452849	GSE122002,GSE122003	GSE122002
GSM3452850	GSE122002,GSE122003	GSE122002
GSM3452851	GSE122002,GSE122003	GSE122002
GSM3452852	GSE122002,GSE122003	GSE122002
GSM3452853	GSE122002,GSE122003	GSE122002
GSM3452854	GSE122002,GSE122003	GSE122002
GSM3452855	GSE122002,GSE122003	GSE122002
GSM3452856	GSE122002,GSE122003	GSE122002
GSM3474011	GSE122568	GSE122568
GSM3474012	GSE122568	GSE122568
GSM3474013	GSE122568	GSE122568
GSM3474014	GSE122568	GSE122568
GSM3474015	GSE122568	GSE122568
GSM3474016	GSE122568	GSE122568
GSM3474017	GSE122568	GSE122568
GSM3474018	GSE122568	GSE122568
GSM3474019	GSE122568	GSE122568
GSM3474020	GSE122568	GSE122568
GSM3474021	GSE122568	GSE122568
GSM3474022	GSE122568	GSE122568
GSM3612189	GSE126753	GSE126753
GSM3612190	GSE126753	GSE126753
GSM3612191	GSE126753	GSE126753
GSM3612192	GSE126753	GSE126753
GSM3612193	GSE126753	GSE126753
GSM3612195	GSE126753	GSE126753
GSM3612196	GSE126753	GSE126753
GSM3612197	GSE126753	GSE126753
GSM3612198	GSE126753	GSE126753
GSM3612200	GSE126753	GSE126753
GSM3612201	GSE126753	GSE126753
GSM3612202	GSE126753	GSE126753
GSM3612203	GSE126753	GSE126753
GSM3612204	GSE126753	GSE126753
GSM3612205	GSE126753	GSE126753
GSM3717999	GSE129643	GSE129643
GSM3718000	GSE129643	GSE129643
GSM3718001	GSE129643	GSE129643
GSM3718002	GSE129643	GSE129643
GSM3718003	GSE129643	GSE129643
GSM3718004	GSE129643	GSE129643
GSM3718005	GSE129643	GSE129643
GSM3718006	GSE129643	GSE129643
GSM3718007	GSE129643	GSE129643
GSM3718008	GSE129643	GSE129643
GSM3718009	GSE129643	GSE129643
GSM3718010	GSE129643	GSE129643
GSM3718011	GSE129643	GSE129643
GSM3718012	GSE129643	GSE129643
GSM3718013	GSE129643	GSE129643
GSM3718014	GSE129643	GSE129643
GSM3718015	GSE129643	GSE129643
GSM3718016	GSE129643	GSE129643
GSM3718017	GSE129643	GSE129643
GSM3718018	GSE129643	GSE129643
GSM3718019	GSE129643	GSE129643
GSM3718020	GSE129643	GSE129643
GSM3718021	GSE129643	GSE129643
GSM3718023	GSE129643	GSE129643
GSM3718024	GSE129643	GSE129643
GSM3718027	GSE129643	GSE129643
GSM3718029	GSE129643	GSE129643
GSM3718030	GSE129643	GSE129643
GSM3718032	GSE129643	GSE129643
GSM3718036	GSE129643	GSE129643
GSM3718038	GSE129643	GSE129643
GSM3718043	GSE129643	GSE129643
GSM3718044	GSE129643	GSE129643
GSM3718047	GSE129643	GSE129643
GSM3718048	GSE129643	GSE129643
GSM3718049	GSE129643	GSE129643
GSM3718051	GSE129643	GSE129643
GSM3734078	GSE130219	GSE130219
GSM3734079	GSE130219	GSE130219
GSM3734080	GSE130219	GSE130219
GSM3734081	GSE130219	GSE130219
GSM3734082	GSE130219	GSE130219
GSM3734083	GSE130219	GSE130219
GSM3734084	GSE130219	GSE130219
GSM3755986	GSE130903	GSE130903
GSM3755987	GSE130903	GSE130903
GSM3755988	GSE130903	GSE130903
GSM3755989	GSE130903	GSE130903
GSM3755990	GSE130903	GSE130903
GSM3755991	GSE130903	GSE130903
GSM3755992	GSE130903	GSE130903
GSM3755993	GSE130903	GSE130903
GSM3755994	GSE130903	GSE130903
GSM3755995	GSE130903	GSE130903
GSM3755996	GSE130903	GSE130903
GSM3755997	GSE130903	GSE130903
GSM3881026	GSE132610	GSE132610
GSM3881027	GSE132610	GSE132610
GSM3881028	GSE132610	GSE132610
GSM3881029	GSE132610	GSE132610
GSM3881030	GSE132610	GSE132610
GSM3881031	GSE132610	GSE132610
GSM3881032	GSE132610	GSE132610
GSM3881033	GSE132610	GSE132610
GSM3939854	GSE131817,GSE134228,GSE167606	GSE134228
GSM3939855	GSE131817,GSE134228,GSE167606	GSE134228
GSM3939856	GSE131817,GSE134228,GSE167606	GSE134228
GSM3939857	GSE131817,GSE134228,GSE167606	GSE134228
GSM3939858	GSE131817,GSE134228,GSE167606	GSE134228
GSM3939859	GSE131817,GSE134228,GSE167606	GSE134228
GSM3939860	GSE131817,GSE134228,GSE167606	GSE134228
GSM3939861	GSE131817,GSE134228,GSE167606	GSE134228
GSM3939862	GSE131817,GSE134228,GSE167606	GSE134228
GSM3939863	GSE131817,GSE134228,GSE167606	GSE134228
GSM3939864	GSE131817,GSE134228,GSE167606	GSE134228
GSM3939865	GSE131817,GSE134228,GSE167606	GSE134228
GSM3939866	GSE131817,GSE134228,GSE167606	GSE134228
GSM3939867	GSE131817,GSE134228,GSE167606	GSE134228
GSM3939868	GSE131817,GSE134228,GSE167606	GSE134228
GSM3939869	GSE131817,GSE134228,GSE167606	GSE134228
GSM3983072	GSE134981	GSE134981
GSM3983073	GSE134981	GSE134981
GSM3983074	GSE134981	GSE134981
GSM3983075	GSE134981	GSE134981
GSM3983076	GSE134981	GSE134981
GSM3983077	GSE134981	GSE134981
GSM3983078	GSE134981	GSE134981
GSM3983079	GSE134981	GSE134981
GSM3983080	GSE134981	GSE134981
GSM4007674	GSE135400	GSE135400
GSM4007675	GSE135400	GSE135400
GSM4007676	GSE135400	GSE135400
GSM4007677	GSE135400	GSE135400
GSM4007678	GSE135400	GSE135400
GSM4007679	GSE135400	GSE135400
GSM4007680	GSE135400	GSE135400
GSM4007681	GSE135400	GSE135400
GSM4007682	GSE135400	GSE135400
GSM4007683	GSE135400	GSE135400
GSM4066252	GSE137053,GSE163076	GSE137053
GSM4066253	GSE137053,GSE163076	GSE137053
GSM4066254	GSE137053,GSE163076	GSE137053
GSM4066255	GSE137053,GSE163076	GSE137053
GSM4066256	GSE137053,GSE163076	GSE137053
GSM4066257	GSE137053,GSE163076	GSE137053
GSM4066258	GSE137053,GSE163076	GSE137053
GSM4066259	GSE137053,GSE163076	GSE137053
GSM4066260	GSE137053,GSE163076	GSE137053
GSM4073827	GSE137245,GSE160583	GSE137245
GSM4073828	GSE137245,GSE160583	GSE137245
GSM4073829	GSE137245,GSE160583	GSE137245
GSM4073830	GSE137245,GSE160583	GSE137245
GSM4073831	GSE137245,GSE160583	GSE137245
GSM4073832	GSE137245,GSE160583	GSE137245
GSM4073833	GSE137245,GSE160583	GSE137245
GSM4073834	GSE137245,GSE160583	GSE137245
GSM4073835	GSE137245,GSE160583	GSE137245
GSM4073836	GSE137245,GSE160583	GSE137245
GSM4073837	GSE137245,GSE160583	GSE137245
GSM4073838	GSE137245,GSE160583	GSE137245
GSM4073839	GSE137245,GSE160583	GSE137245
GSM4073840	GSE137245,GSE160583	GSE137245
GSM4073841	GSE137245,GSE160583	GSE137245
GSM4073842	GSE137245,GSE160583	GSE137245
GSM4073843	GSE137245,GSE160583	GSE137245
GSM4073844	GSE137245,GSE160583	GSE137245
GSM4073845	GSE137245,GSE160583	GSE137245
GSM4073846	GSE137245,GSE160583	GSE137245
GSM4073847	GSE137245,GSE160583	GSE137245
GSM4134964	GSE139261	GSE139261
GSM4134966	GSE139261	GSE139261
GSM4134970	GSE139261	GSE139261
GSM4134973	GSE139261	GSE139261
GSM4134974	GSE139261	GSE139261
GSM4134975	GSE139261	GSE139261
GSM4134976	GSE139261	GSE139261
GSM4134977	GSE139261	GSE139261
GSM4134978	GSE139261	GSE139261
GSM4278905	GSE144058	GSE144058
GSM4278906	GSE144058	GSE144058
GSM4278907	GSE144058	GSE144058
GSM4278908	GSE144058	GSE144058
GSM4278909	GSE144058	GSE144058
GSM4278910	GSE144058	GSE144058
GSM4278911	GSE144058	GSE144058
GSM4278912	GSE144058	GSE144058
GSM4278913	GSE144058	GSE144058
GSM4278914	GSE144058	GSE144058
GSM4278915	GSE144058	GSE144058
GSM4278916	GSE144058	GSE144058
GSM4278917	GSE144058	GSE144058
GSM4278918	GSE144058	GSE144058
GSM4278919	GSE144058	GSE144058
GSM4278920	GSE144058	GSE144058
GSM4278921	GSE144058	GSE144058
GSM4278922	GSE144058	GSE144058
GSM4278923	GSE144058	GSE144058
GSM4278924	GSE144058	GSE144058
GSM4278925	GSE144058	GSE144058
GSM4278926	GSE144058	GSE144058
GSM4308404	GSE145203,GSE145205	GSE145203
GSM4308405	GSE145203,GSE145205	GSE145203
GSM4308406	GSE145203,GSE145205	GSE145203
GSM4308407	GSE145203,GSE145205	GSE145203
GSM4308408	GSE145203,GSE145205	GSE145203
GSM4308409	GSE145203,GSE145205	GSE145203
GSM4308410	GSE145203,GSE145205	GSE145203
GSM4308411	GSE145203,GSE145205	GSE145203
GSM4308412	GSE145203,GSE145205	GSE145203
GSM4308413	GSE145203,GSE145205	GSE145203
GSM4308414	GSE145203,GSE145205	GSE145203
GSM4308415	GSE145203,GSE145205	GSE145203
GSM4308416	GSE145203,GSE145205	GSE145203
GSM4308417	GSE145203,GSE145205	GSE145203
GSM4308418	GSE145203,GSE145205	GSE145203
GSM4308419	GSE145203,GSE145205	GSE145203
GSM4459852	GSE148297	GSE148297
GSM4459853	GSE148297	GSE148297
GSM4459854	GSE148297	GSE148297
GSM4459855	GSE148297	GSE148297
GSM4459856	GSE148297	GSE148297
GSM4459857	GSE148297	GSE148297
GSM4459858	GSE148297	GSE148297
GSM4459859	GSE148297	GSE148297
GSM4459860	GSE148297	GSE148297
GSM4459861	GSE148297	GSE148297
GSM4459862	GSE148297	GSE148297
GSM4459863	GSE148297	GSE148297
GSM4592591	GSE151875,GSE151877	GSE151875
GSM4592592	GSE151875,GSE151877	GSE151875
GSM4592593	GSE151875,GSE151877	GSE151875
GSM4592594	GSE151875,GSE151877	GSE151875
GSM4592595	GSE151875,GSE151877	GSE151875
GSM4592596	GSE151875,GSE151877	GSE151875
GSM4592597	GSE151875,GSE151877	GSE151875
GSM4592598	GSE151875,GSE151877	GSE151875
GSM4592599	GSE151875,GSE151877	GSE151875
GSM4592600	GSE151875,GSE151877	GSE151875
GSM4592601	GSE151875,GSE151877	GSE151875
GSM4592602	GSE151875,GSE151877	GSE151875
GSM4592603	GSE151875,GSE151877	GSE151875
GSM4592604	GSE151875,GSE151877	GSE151875
GSM4592605	GSE151875,GSE151877	GSE151875
GSM4592606	GSE151875,GSE151877	GSE151875
GSM4592607	GSE151875,GSE151877	GSE151875
GSM4592608	GSE151875,GSE151877	GSE151875
GSM4592609	GSE151875,GSE151877	GSE151875
GSM4592610	GSE151875,GSE151877	GSE151875
GSM4592611	GSE151875,GSE151877	GSE151875
GSM4592612	GSE151875,GSE151877	GSE151875
GSM4592613	GSE151875,GSE151877	GSE151875
GSM4592614	GSE151875,GSE151877	GSE151875
GSM4592615	GSE151875,GSE151877	GSE151875
GSM4592616	GSE151875,GSE151877	GSE151875
GSM4592617	GSE151875,GSE151877	GSE151875
GSM4592618	GSE151875,GSE151877	GSE151875
GSM4592619	GSE151875,GSE151877	GSE151875
GSM4592620	GSE151875,GSE151877	GSE151875
GSM4972102	GSE163101	GSE163101
GSM4972103	GSE163101	GSE163101
GSM4972104	GSE163101	GSE163101
GSM4972105	GSE163101	GSE163101
GSM4972106	GSE163101	GSE163101
GSM4972107	GSE163101	GSE163101
GSM5028395	GSE137053,GSE163076	GSE137053
GSM5028396	GSE137053,GSE163076	GSE137053
GSM5070747	GSE157036,GSE166411	GSE166411
GSM5070748	GSE157036,GSE166411	GSE166411
GSM5070749	GSE157036,GSE166411	GSE166411
GSM5070750	GSE157036,GSE166411	GSE166411
GSM5070751	GSE157036,GSE166411	GSE166411
GSM5070752	GSE157036,GSE166411	GSE166411
GSM5070753	GSE157036,GSE166411	GSE166411
GSM5070754	GSE157036,GSE166411	GSE166411
GSM5070755	GSE157036,GSE166411	GSE166411
GSM5070756	GSE157036,GSE166411	GSE166411
GSM5070757	GSE157036,GSE166411	GSE166411
GSM5070758	GSE157036,GSE166411	GSE166411
GSM5070759	GSE157036,GSE166411	GSE166411
GSM5070760	GSE157036,GSE166411	GSE166411
GSM5070761	GSE157036,GSE166411	GSE166411
GSM5070762	GSE157036,GSE166411	GSE166411
GSM5070763	GSE157036,GSE166411	GSE166411
GSM5070764	GSE157036,GSE166411	GSE166411
GSM5553109	GSE183199,GSE183200	GSE183199
GSM5553110	GSE183199,GSE183200	GSE183199
GSM5553111	GSE183199,GSE183200	GSE183199
GSM5553112	GSE183199,GSE183200	GSE183199
GSM5553113	GSE183199,GSE183200	GSE183199
GSM5553114	GSE183199,GSE183200	GSE183199
GSM5553115	GSE183199,GSE183200	GSE183199
GSM5553116	GSE183199,GSE183200	GSE183199
GSM5553117	GSE183199,GSE183200	GSE183199
GSM5553118	GSE183199,GSE183200	GSE183199
GSM5553119	GSE183199,GSE183200	GSE183199
GSM5553120	GSE183199,GSE183200	GSE183199
GSM5553121	GSE183199,GSE183200	GSE183199
GSM5663877	GSE186933	GSE186933
GSM5663878	GSE186933	GSE186933
GSM5663879	GSE186933	GSE186933
GSM5663880	GSE186933	GSE186933
GSM5663881	GSE186933	GSE186933
GSM5663882	GSE186933	GSE186933
GSM5702793	GSE189518	GSE189518
GSM5702794	GSE189518	GSE189518
GSM5702795	GSE189518	GSE189518
GSM5702796	GSE189518	GSE189518
GSM5702797	GSE189518	GSE189518
GSM5702798	GSE189518	GSE189518
GSM5702799	GSE189518	GSE189518
GSM5702800	GSE189518	GSE189518
GSM5702801	GSE189518	GSE189518
GSM5702802	GSE189518	GSE189518
GSM5702803	GSE189518	GSE189518
GSM5702804	GSE189518	GSE189518
GSM5702805	GSE189518	GSE189518
GSM5702806	GSE189518	GSE189518
GSM5702807	GSE189518	GSE189518
GSM5702808	GSE189518	GSE189518
GSM5702809	GSE189518	GSE189518
GSM5702810	GSE189518	GSE189518
GSM5702811	GSE189518	GSE189518
GSM5702812	GSE189518	GSE189518
GSM5702813	GSE189518	GSE189518
GSM5702814	GSE189518	GSE189518
GSM5702815	GSE189518	GSE189518
GSM5702816	GSE189518	GSE189518
GSM5702817	GSE189518	GSE189518
GSM5702818	GSE189518	GSE189518
GSM5702819	GSE189518	GSE189518
GSM5702820	GSE189518	GSE189518
GSM5702821	GSE189518	GSE189518
GSM5702822	GSE189518	GSE189518
GSM5702823	GSE189518	GSE189518
GSM5702824	GSE189518	GSE189518
GSM5702825	GSE189518	GSE189518
GSM5702826	GSE189518	GSE189518
GSM5702827	GSE189518	GSE189518
GSM5702828	GSE189518	GSE189518
GSM5702829	GSE189518	GSE189518
GSM5702830	GSE189518	GSE189518
GSM5702831	GSE189518	GSE189518
GSM5702832	GSE189518	GSE189518
GSM5702833	GSE189518	GSE189518
GSM5702834	GSE189518	GSE189518
GSM5702835	GSE189518	GSE189518
GSM5702836	GSE189518	GSE189518
GSM5702837	GSE189518	GSE189518
GSM5702838	GSE189518	GSE189518
GSM5702839	GSE189518	GSE189518
GSM5702840	GSE189518	GSE189518
GSM5702841	GSE189518	GSE189518
GSM5702842	GSE189518	GSE189518
GSM5702843	GSE189518	GSE189518
GSM5702844	GSE189518	GSE189518
GSM5726187	GSE190600	GSE190600
GSM5726188	GSE190600	GSE190600
GSM5726189	GSE190600	GSE190600
GSM5726190	GSE190600	GSE190600
GSM5726191	GSE190600	GSE190600
GSM5726192	GSE190600	GSE190600
GSM5726193	GSE190600	GSE190600
GSM5726194	GSE190600	GSE190600
GSM5726195	GSE190600	GSE190600
GSM5726196	GSE190600	GSE190600
GSM5726197	GSE190600	GSE190600
GSM5726198	GSE190600	GSE190600
GSM5726199	GSE190600	GSE190600
GSM5726200	GSE190600	GSE190600
GSM5732492	GSE190823	GSE190823
GSM5732493	GSE190823	GSE190823
GSM5732494	GSE190823	GSE190823
GSM5732495	GSE190823	GSE190823
GSM5732496	GSE190823	GSE190823
GSM5732497	GSE190823	GSE190823
GSM5732498	GSE190823	GSE190823
GSM5732499	GSE190823	GSE190823
GSM5732500	GSE190823	GSE190823
GSM5738045	GSE191054	GSE191054
GSM5738046	GSE191054	GSE191054
GSM5738047	GSE191054	GSE191054
GSM5738048	GSE191054	GSE191054
GSM5738049	GSE191054	GSE191054
GSM5738050	GSE191054	GSE191054
GSM5738051	GSE191054	GSE191054
GSM5738052	GSE191054	GSE191054
GSM5738053	GSE191054	GSE191054
GSM5738054	GSE191054	GSE191054
GSM5738055	GSE191054	GSE191054
GSM5738056	GSE191054	GSE191054
GSM5738057	GSE191054	GSE191054
GSM5738058	GSE191054	GSE191054
GSM5738059	GSE191054	GSE191054
GSM5738060	GSE191054	GSE191054
GSM6106623	GSE202222,GSE202230	GSE202222
GSM6106624	GSE202222,GSE202230	GSE202222
GSM6106625	GSE202222,GSE202230	GSE202222
GSM6106626	GSE202222,GSE202230	GSE202222
GSM6106627	GSE202222,GSE202230	GSE202222
GSM6106628	GSE202222,GSE202230	GSE202222
GSM6106629	GSE202222,GSE202230	GSE202222
GSM6106630	GSE202222,GSE202230	GSE202222
GSM6106631	GSE202222,GSE202230	GSE202222
GSM6106632	GSE202222,GSE202230	GSE202222
GSM6106633	GSE202222,GSE202230	GSE202222
GSM6106634	GSE202222,GSE202230	GSE202222
GSM6287791	GSE207452	GSE207452
GSM6287792	GSE207452	GSE207452
GSM6287793	GSE207452	GSE207452
GSM6287794	GSE207452	GSE207452
GSM6287795	GSE207452	GSE207452
GSM6287796	GSE207452	GSE207452
GSM6287797	GSE207452	GSE207452
GSM6287798	GSE207452	GSE207452
GSM6287799	GSE207452	GSE207452
GSM6287800	GSE207452	GSE207452
GSM6287801	GSE207452	GSE207452
GSM6287802	GSE207452	GSE207452
GSM6287803	GSE207452	GSE207452
GSM6287804	GSE207452	GSE207452
GSM6287805	GSE207452	GSE207452
GSM6287806	GSE207452	GSE207452
GSM6596033	GSE213896	GSE213896
GSM6596034	GSE213896	GSE213896
GSM6596035	GSE213896	GSE213896
GSM6596036	GSE213896	GSE213896
GSM6596037	GSE213896	GSE213896
GSM6596038	GSE213896	GSE213896
GSM6596039	GSE213896	GSE213896
GSM6596040	GSE213896	GSE213896
GSM6596041	GSE213896	GSE213896
GSM6596042	GSE213896	GSE213896
GSM6596043	GSE213896	GSE213896
GSM6596044	GSE213896	GSE213896
GSM6596045	GSE213896	GSE213896
GSM6596046	GSE213896	GSE213896
GSM6596047	GSE213896	GSE213896
GSM6596048	GSE213896	GSE213896
GSM6596049	GSE213896	GSE213896
GSM6596050	GSE213896	GSE213896
GSM6596051	GSE213896	GSE213896
GSM6596052	GSE213896	GSE213896
GSM6596053	GSE213896	GSE213896
GSM6596054	GSE213896	GSE213896
GSM6596055	GSE213896	GSE213896
GSM6596056	GSE213896	GSE213896
GSM6596057	GSE213896	GSE213896
GSM6596058	GSE213896	GSE213896
GSM6596059	GSE213896	GSE213896
GSM6596060	GSE213896	GSE213896
GSM6596061	GSE213896	GSE213896
GSM6596062	GSE213896	GSE213896
GSM6596063	GSE213896	GSE213896
GSM6596064	GSE213896	GSE213896
GSM6596065	GSE213896	GSE213896
GSM6596066	GSE213896	GSE213896
GSM6596067	GSE213896	GSE213896
GSM6596068	GSE213896	GSE213896
GSM6596069	GSE213896	GSE213896
GSM6596070	GSE213896	GSE213896
GSM6596071	GSE213896	GSE213896
GSM6596072	GSE213896	GSE213896
GSM6596073	GSE213896	GSE213896
GSM6596074	GSE213896	GSE213896
GSM6596075	GSE213896	GSE213896
GSM6596076	GSE213896	GSE213896
GSM6596077	GSE213896	GSE213896
GSM6596078	GSE213896	GSE213896
GSM6596079	GSE213896	GSE213896
GSM6596080	GSE213896	GSE213896
GSM6596081	GSE213896	GSE213896
GSM6596082	GSE213896	GSE213896
GSM6596083	GSE213896	GSE213896
GSM6596084	GSE213896	GSE213896
GSM6596085	GSE213896	GSE213896
GSM6596086	GSE213896	GSE213896
GSM6596087	GSE213896	GSE213896
GSM6596088	GSE213896	GSE213896
GSM6596089	GSE213896	GSE213896
GSM6596090	GSE213896	GSE213896
GSM6596091	GSE213896	GSE213896
GSM6596092	GSE213896	GSE213896
GSM6596093	GSE213896	GSE213896
GSM6596094	GSE213896	GSE213896
GSM6596095	GSE213896	GSE213896
GSM6596096	GSE213896	GSE213896
GSM6596097	GSE213896	GSE213896
GSM6596098	GSE213896	GSE213896
GSM6596099	GSE213896	GSE213896
GSM6596100	GSE213896	GSE213896
GSM6596101	GSE213896	GSE213896
GSM6596102	GSE213896	GSE213896
GSM6696698	GSE216845	GSE216845
GSM6696699	GSE216845	GSE216845
GSM6696700	GSE216845	GSE216845
GSM6696701	GSE216845	GSE216845
GSM6696702	GSE216845	GSE216845
GSM6696703	GSE216845	GSE216845
GSM6696704	GSE216845	GSE216845
GSM6696705	GSE216845	GSE216845
GSM6696706	GSE216845	GSE216845
GSM6696707	GSE216845	GSE216845
GSM6696708	GSE216845	GSE216845
GSM6696709	GSE216845	GSE216845
GSM6710179	GSE217260	GSE217260
GSM6710180	GSE217260	GSE217260
GSM6710181	GSE217260	GSE217260
GSM6710182	GSE217260	GSE217260
GSM6710183	GSE217260	GSE217260
GSM6710184	GSE217260	GSE217260
GSM6710185	GSE217260	GSE217260
GSM6710186	GSE217260	GSE217260
GSM6710187	GSE217260	GSE217260
GSM6710188	GSE217260	GSE217260
GSM6710189	GSE217260	GSE217260
GSM6710190	GSE217260	GSE217260
GSM6710191	GSE217260	GSE217260
GSM6710192	GSE217260	GSE217260
GSM6710193	GSE217260	GSE217260
GSM6710194	GSE217260	GSE217260
GSM6710195	GSE217260	GSE217260
GSM6710196	GSE217260	GSE217260
GSM6710197	GSE217260	GSE217260
GSM6710198	GSE217260	GSE217260
GSM6710199	GSE217260	GSE217260
GSM6710200	GSE217260	GSE217260
GSM6710201	GSE217260	GSE217260
GSM6710202	GSE217260	GSE217260
GSM6710203	GSE217260	GSE217260
GSM6710204	GSE217260	GSE217260
GSM6710205	GSE217260	GSE217260
GSM6710206	GSE217260	GSE217260
GSM6710207	GSE217260	GSE217260
GSM6710208	GSE217260	GSE217260
GSM6710209	GSE217260	GSE217260
GSM6710210	GSE217260	GSE217260
GSM6710211	GSE217260	GSE217260
GSM6710212	GSE217260	GSE217260
GSM6710213	GSE217260	GSE217260
GSM6710214	GSE217260	GSE217260
GSM7022005	GSE224420,GSE224422	GSE224420
GSM7022006	GSE224420,GSE224422	GSE224420
GSM7022007	GSE224420,GSE224422	GSE224420
GSM7022008	GSE224420,GSE224422	GSE224420
GSM7022009	GSE224420,GSE224422	GSE224420
GSM7022010	GSE224420,GSE224422	GSE224420
GSM7035197	GSE224899	GSE224899
GSM7035198	GSE224899	GSE224899
GSM7035199	GSE224899	GSE224899
GSM7035200	GSE224899	GSE224899
GSM7035203	GSE224899	GSE224899
GSM7035204	GSE224899	GSE224899
GSM7035205	GSE224899	GSE224899
GSM7035207	GSE224899	GSE224899
GSM7035208	GSE224899	GSE224899
GSM7035209	GSE224899	GSE224899
GSM7035210	GSE224899	GSE224899
GSM7035211	GSE224899	GSE224899
GSM7035212	GSE224899	GSE224899
GSM7265592	GSE231352	GSE231352
GSM7265593	GSE231352	GSE231352
GSM7265594	GSE231352	GSE231352
GSM7265595	GSE231352	GSE231352
GSM7265596	GSE231352	GSE231352
GSM7265597	GSE231352	GSE231352
GSM7265598	GSE231352	GSE231352
GSM7265599	GSE231352	GSE231352
GSM7265600	GSE231352	GSE231352
GSM7265601	GSE231352	GSE231352
GSM7286978	GSE231509	GSE231509
GSM7286979	GSE231509	GSE231509
GSM7286981	GSE231509	GSE231509
GSM7286983	GSE231509	GSE231509
GSM7286984	GSE231509	GSE231509
GSM7286985	GSE231509	GSE231509
GSM7286986	GSE231509	GSE231509
GSM7286988	GSE231509	GSE231509
GSM7286989	GSE231509	GSE231509
GSM7286990	GSE231509	GSE231509
GSM7286991	GSE231509	GSE231509
GSM7286992	GSE231509	GSE231509
GSM7286993	GSE231509	GSE231509
GSM7286994	GSE231509	GSE231509
GSM7286995	GSE231509	GSE231509
GSM7286997	GSE231509	GSE231509
GSM7286998	GSE231509	GSE231509
GSM7286999	GSE231509	GSE231509
GSM7287000	GSE231509	GSE231509
GSM7287001	GSE231509	GSE231509
GSM7287004	GSE231509	GSE231509
GSM7287007	GSE231509	GSE231509
GSM7287009	GSE231509	GSE231509
GSM7287011	GSE231509	GSE231509
GSM7287012	GSE231509	GSE231509
GSM7287013	GSE231509	GSE231509
GSM7287014	GSE231509	GSE231509
GSM7287015	GSE231509	GSE231509
GSM7287017	GSE231509	GSE231509
GSM7287018	GSE231509	GSE231509
GSM7287019	GSE231509	GSE231509
GSM7461517	GSE234282	GSE234282
GSM7461518	GSE234282	GSE234282
GSM7461519	GSE234282	GSE234282
GSM7461520	GSE234282	GSE234282
GSM7461521	GSE234282	GSE234282
GSM7461522	GSE234282	GSE234282
GSM7461523	GSE234282	GSE234282
GSM7461524	GSE234282	GSE234282
GSM7461525	GSE234282	GSE234282
GSM7679508	GSE239991	GSE239991
GSM7679509	GSE239991	GSE239991
GSM7679510	GSE239991	GSE239991
GSM7679511	GSE239991	GSE239991
GSM7679512	GSE239991	GSE239991
GSM7679513	GSE239991	GSE239991
GSM7679514	GSE239991	GSE239991
GSM7679515	GSE239991	GSE239991
GSM7679516	GSE239991	GSE239991
GSM7679517	GSE239991	GSE239991
GSM7679518	GSE239991	GSE239991
GSM7679519	GSE239991	GSE239991
GSM7679520	GSE239991	GSE239991
GSM7679521	GSE239991	GSE239991
GSM7679522	GSE239991	GSE239991
GSM7679523	GSE239991	GSE239991
GSM7679524	GSE239991	GSE239991
GSM7679525	GSE239991	GSE239991
GSM7679526	GSE239991	GSE239991
GSM7679527	GSE239991	GSE239991
GSM7679528	GSE239991	GSE239991
GSM7679529	GSE239991	GSE239991
GSM7679530	GSE239991	GSE239991
GSM7679531	GSE239991	GSE239991
GSM7695888	GSE240308	GSE240308
GSM7695889	GSE240308	GSE240308
GSM7695890	GSE240308	GSE240308
GSM7695891	GSE240308	GSE240308
GSM7695892	GSE240308	GSE240308
GSM7695894	GSE240308	GSE240308
GSM7695895	GSE240308	GSE240308
GSM7695896	GSE240308	GSE240308
GSM7695897	GSE240308	GSE240308
GSM7695898	GSE240308	GSE240308
GSM7695899	GSE240308	GSE240308
GSM7695900	GSE240308	GSE240308
GSM7695901	GSE240308	GSE240308
GSM7695902	GSE240308	GSE240308
GSM7695903	GSE240308	GSE240308
GSM7754914	GSE242202	GSE242202
GSM7754915	GSE242202	GSE242202
GSM7754916	GSE242202	GSE242202
GSM7754917	GSE242202	GSE242202
GSM7754918	GSE242202	GSE242202
GSM7754919	GSE242202	GSE242202
GSM7754920	GSE242202	GSE242202
GSM7754921	GSE242202	GSE242202
GSM7754922	GSE242202	GSE242202
GSM7754923	GSE242202	GSE242202
GSM7754924	GSE242202	GSE242202
GSM7754925	GSE242202	GSE242202
GSM7754926	GSE242202	GSE242202
GSM7754927	GSE242202	GSE242202
GSM7754928	GSE242202	GSE242202
GSM7754929	GSE242202	GSE242202
GSM7754930	GSE242202	GSE242202
GSM7754931	GSE242202	GSE242202
GSM7754932	GSE242202	GSE242202
GSM7754933	GSE242202	GSE242202
GSM7754934	GSE242202	GSE242202
GSM7754935	GSE242202	GSE242202
GSM7754936	GSE242202	GSE242202
GSM7754937	GSE242202	GSE242202
GSM7754938	GSE242202	GSE242202
GSM7754939	GSE242202	GSE242202
GSM7754940	GSE242202	GSE242202
GSM7754941	GSE242202	GSE242202
GSM7754942	GSE242202	GSE242202
GSM7754943	GSE242202	GSE242202
GSM7754944	GSE242202	GSE242202
GSM7754945	GSE242202	GSE242202
GSM7754946	GSE242202	GSE242202
GSM7754947	GSE242202	GSE242202
GSM7754948	GSE242202	GSE242202
GSM7754949	GSE242202	GSE242202
GSM7754950	GSE242202	GSE242202
GSM7754951	GSE242202	GSE242202
GSM7754952	GSE242202	GSE242202
GSM7754953	GSE242202	GSE242202
GSM7754954	GSE242202	GSE242202
GSM7754955	GSE242202	GSE242202
GSM7754956	GSE242202	GSE242202
GSM7754957	GSE242202	GSE242202
GSM7754958	GSE242202	GSE242202
GSM7754959	GSE242202	GSE242202
GSM7754960	GSE242202	GSE242202
GSM7754961	GSE242202	GSE242202
GSM7754962	GSE242202	GSE242202
GSM7754963	GSE242202	GSE242202
GSM7754964	GSE242202	GSE242202
GSM7754965	GSE242202	GSE242202
GSM7754966	GSE242202	GSE242202
GSM7754967	GSE242202	GSE242202
GSM7754968	GSE242202	GSE242202
GSM7754969	GSE242202	GSE242202
GSM7754970	GSE242202	GSE242202
GSM7754971	GSE242202	GSE242202
GSM7754972	GSE242202	GSE242202
GSM7779991	GSE243151,GSE243154	GSE243151
GSM7779992	GSE243151,GSE243154	GSE243151
GSM7779993	GSE243151,GSE243154	GSE243151
GSM7779994	GSE243151,GSE243154	GSE243151
GSM7779995	GSE243151,GSE243154	GSE243151
GSM7779996	GSE243151,GSE243154	GSE243151
GSM7779997	GSE243151,GSE243154	GSE243151
GSM7779998	GSE243151,GSE243154	GSE243151
GSM7779999	GSE243151,GSE243154	GSE243151
GSM7780000	GSE243151,GSE243154	GSE243151
GSM7780001	GSE243151,GSE243154	GSE243151
GSM7823602	GSE244672,GSE244753	GSE244672
GSM7823603	GSE244672,GSE244753	GSE244672
GSM7823604	GSE244672,GSE244753	GSE244672
GSM7823605	GSE244672,GSE244753	GSE244672
GSM7823606	GSE244672,GSE244753	GSE244672
GSM7823607	GSE244672,GSE244753	GSE244672
GSM7823608	GSE244672,GSE244753	GSE244672
GSM7823609	GSE244672,GSE244753	GSE244672
GSM7823610	GSE244672,GSE244753	GSE244672
GSM7823611	GSE244672,GSE244753	GSE244672
GSM7823612	GSE244672,GSE244753	GSE244672
GSM7823613	GSE244672,GSE244753	GSE244672
GSM7838311	GSE245184,GSE245187	GSE245184
GSM7838312	GSE245184,GSE245187	GSE245184
GSM7838313	GSE245184,GSE245187	GSE245184
GSM7838314	GSE245184,GSE245187	GSE245184
GSM7838315	GSE245184,GSE245187	GSE245184
GSM7838316	GSE245184,GSE245187	GSE245184
GSM7838317	GSE245184,GSE245187	GSE245184
GSM7838318	GSE245184,GSE245187	GSE245184
GSM7838319	GSE245184,GSE245187	GSE245184
GSM7838320	GSE245184,GSE245187	GSE245184
GSM7880572	GSE246903	GSE246903
GSM7880573	GSE246903	GSE246903
GSM7880574	GSE246903	GSE246903
GSM7880575	GSE246903	GSE246903
GSM7880576	GSE246903	GSE246903
GSM7880577	GSE246903	GSE246903
GSM7880578	GSE246903	GSE246903
GSM7880579	GSE246903	GSE246903
GSM7880580	GSE246903	GSE246903
GSM7880581	GSE246903	GSE246903
GSM7880582	GSE246903	GSE246903
GSM7880583	GSE246903	GSE246903
GSM7880584	GSE246903	GSE246903
GSM7880585	GSE246903	GSE246903
GSM7880586	GSE246903	GSE246903
GSM7880587	GSE246903	GSE246903
GSM7882265	GSE247025	GSE247025
GSM7882266	GSE247025	GSE247025
GSM7882267	GSE247025	GSE247025
GSM7882268	GSE247025	GSE247025
GSM7882269	GSE247025	GSE247025
GSM7882270	GSE247025	GSE247025
GSM7882271	GSE247025	GSE247025
GSM7882272	GSE247025	GSE247025
GSM7882273	GSE247025	GSE247025
GSM7882274	GSE247025	GSE247025
GSM7882275	GSE247025	GSE247025
GSM7882276	GSE247025	GSE247025
GSM7882277	GSE247025	GSE247025
GSM7882278	GSE247025	GSE247025
GSM7882279	GSE247025	GSE247025
GSM7882280	GSE247025	GSE247025
GSM7882281	GSE247025	GSE247025
GSM7882282	GSE247025	GSE247025
GSM7882283	GSE247025	GSE247025
GSM7882284	GSE247025	GSE247025
GSM7882285	GSE247025	GSE247025
GSM7882286	GSE247025	GSE247025
GSM7882287	GSE247025	GSE247025
GSM7882288	GSE247025	GSE247025
GSM8182632	GSE262976	GSE262976
GSM8182633	GSE262976	GSE262976
GSM8182634	GSE262976	GSE262976
GSM8182635	GSE262976	GSE262976
GSM8182636	GSE262976	GSE262976
GSM8182637	GSE262976	GSE262976
GSM8182638	GSE262976	GSE262976
GSM8182639	GSE262976	GSE262976
GSM8182640	GSE262976	GSE262976
GSM8182641	GSE262976	GSE262976
GSM8182643	GSE262976	GSE262976
GSM8182644	GSE262976	GSE262976
GSM8182646	GSE262976	GSE262976
