"cluster_id","record_id","entita_gruppo","entita_nominate","nomina_la_propria","etichette"
"cgroup_L5_3f0cc1fe","GSE102746__GSE102746__ulcerative_colitis_vs_normal","MeSH:D003093","NCBITaxon:562",TRUE,"Ulcerative Colitis CTd-155 Normal NL-156"
"cgroup_L5_3f0cc1fe","GSE102746__GSE102746__ulcerative_colitis_vs_normal","MeSH:D003093","NCBITaxon:562",TRUE,"Ulcerative Colitis CTd-155 Normal NL-156"
"cgroup_L5_3f0cc1fe","GSE102746__GSE102746__ulcerative_colitis_vs_normal","MeSH:D003093","NCBITaxon:562",TRUE,"Ulcerative Colitis CTd-155 Normal NL-156"
"cgroup_L5_3f0cc1fe","GSE102746__GSE102746__ulcerative_colitis_vs_normal","MeSH:D003093","NCBITaxon:562",TRUE,"Ulcerative Colitis CTd-155 Normal NL-156"
"cgroup_L5_3f0cc1fe","GSE102746__GSE102746__ulcerative_colitis_vs_normal","MeSH:D003093","NCBITaxon:562",TRUE,"Ulcerative Colitis CTd-155 Normal NL-156"
"cgroup_L5_3f0cc1fe","GSE102746__GSE102746__ulcerative_colitis_vs_normal","MeSH:D003093","NCBITaxon:562",TRUE,"Ulcerative Colitis CTd-155 Normal NL-156"
"cgroup_L5_3f0cc1fe","GSE102746__GSE102746__ulcerative_colitis_vs_normal","MeSH:D003093","NCBITaxon:562",TRUE,"Ulcerative Colitis CTd-155 Normal NL-156"
"cgroup_L5_3f0cc1fe","GSE102746__GSE102746__ulcerative_colitis_vs_normal","MeSH:D003093","NCBITaxon:562",TRUE,"Ulcerative Colitis CTd-155 Normal NL-156"
"cgroup_L5_3f0cc1fe","GSE102746__GSE102746__ulcerative_colitis_vs_normal","MeSH:D003093","NCBITaxon:562",TRUE,"Ulcerative Colitis CTd-155 Normal NL-156"
"cgroup_L5_3f0cc1fe","GSE102746__GSE102746__ulcerative_colitis_vs_normal","MeSH:D003093","NCBITaxon:562",TRUE,"Ulcerative Colitis CTd-155 Normal NL-156"
"cgroup_L5_387b0d1a","GSE106148__GSE106148__Type_I_diabetes_vs_non-diabetic_control","MeSH:D003922","STR:diabetic",FALSE,"Type I diabetes Non-diabetic control"
"cgroup_L5_1d96b9da","GSE106885__GSE106885__grp_asthma_polyic_vs_grp_asthma_sham","CHEBI:84491","STR:asthma",TRUE,"Asthma human bronchial epithelium Poly I:C Asthma human bronchial epithelium Sham (culture media)"
"cgroup_L5_cf34c533","GSE108406__GSE108406__grp_0005_vs_grp_0007","CHEBI:46742","CHEBI:46741",TRUE,"Nutlin-3 Control"
"cgroup_L5_35d1be10","GSE111009__GSE111009__grp_0002_vs_grp_0001","STR:nutlin_3a","CHEBI:46741 CHEBI:46742",TRUE,"MCF10A_Nutlin3A_5uM MCF10A_DMSO"
"cgroup_L5_35d1be10","GSE111009__GSE111009__grp_0003_vs_grp_0001","STR:nutlin_3a","CHEBI:46741 CHEBI:46742",TRUE,"MCF10A_Nutlin3A_5uM_rep MCF10A_DMSO"
"cgroup_L5_35d1be10","GSE111009__GSE111009__grp_0005_vs_grp_0004","STR:nutlin_3a","CHEBI:46741 CHEBI:46742",TRUE,"MCF10A_p53shRNA_Nutlin3A_5uM MCF10A_p53shRNA_DMSO"
"cgroup_L5_35d1be10","GSE111009__GSE111009__grp_0006_vs_grp_0001","STR:nutlin_3a","CHEBI:46741 CHEBI:46742",TRUE,"MCF10A_p63shRNA_Nutlin3A_5uM MCF10A_DMSO"
"cgroup_L5_35d1be10","GSE111009__GSE111009__grp_0007_vs_grp_0001","STR:nutlin_3a","CHEBI:46741 CHEBI:46742",TRUE,"MCF10A_p63shRNA_Nutlin3A_5uM_rep MCF10A_DMSO"
"cgroup_L5_35d1be10","GSE111009__GSE111009__grp_0009_vs_grp_0008","STR:nutlin_3a","CHEBI:46741 CHEBI:46742",TRUE,"Skin_Fibroblast_Nutlin3A_5uM_1h Skin_Fibroblast_DMSO"
"cgroup_L5_35d1be10","GSE111009__GSE111009__grp_0010_vs_grp_0008","STR:nutlin_3a","CHEBI:46741 CHEBI:46742",TRUE,"Skin_Fibroblast_Nutlin3A_5uM_3h Skin_Fibroblast_DMSO"
"cgroup_L5_35d1be10","GSE111009__GSE111009__grp_0011_vs_grp_0008","STR:nutlin_3a","CHEBI:46741 CHEBI:46742",TRUE,"Skin_Fibroblast_Nutlin3A_5uM_2h Skin_Fibroblast_DMSO"
"cgroup_L5_3f0cc1fe","GSE112057__GSE112057__Ulcerative_Colitis_1_vs_Healthy_Control","MeSH:D003093","NCBITaxon:562",TRUE,"Ulcerative Colitis (Female) Healthy Control"
"cgroup_L5_3f0cc1fe","GSE112057__GSE112057__Ulcerative_Colitis_2_vs_Healthy_Control","MeSH:D003093","NCBITaxon:562",TRUE,"Ulcerative Colitis (Male) Healthy Control"
"cgroup_L5_03d0ca7b","GSE112202__GSE112202__grp_0005_vs_grp_0006","CHEBI:4551","MeSH:D000077273",TRUE,"Papillary thyroid cancer + Digoxin Papillary thyroid cancer + None"
"cgroup_L5_03d0ca7b","GSE112202__GSE112202__grp_0011_vs_grp_0012","CHEBI:4551","MeSH:D000077273",TRUE,"Follicular-variant papillary thyroid cancer + Digoxin Follicular-variant papillary thyroid cancer + None"
"cgroup_L5_03d0ca7b","GSE112202__GSE112202__grp_0014_vs_grp_0013","CHEBI:4551","MeSH:D000077273",TRUE,"Papillary thyroid cancer (TERT mutant) + Digoxin Papillary thyroid cancer (TERT mutant)"
"cgroup_L5_03d0ca7b","GSE112202__GSE112202__grp_0014_vs_grp_0015","CHEBI:4551","MeSH:D000077273",TRUE,"Papillary thyroid cancer (TERT mutant) + Digoxin Papillary thyroid cancer (TERT mutant) + None"
"cgroup_L5_3f0cc1fe","GSE123141__GSE123141__grp_0007_vs_grp_0012","MeSH:D003093","NCBITaxon:562",TRUE,"Ulcerative Colitis, Never Smoked Normal Control, Never Smoked"
"cgroup_L5_3f0cc1fe","GSE123141__GSE123141__grp_0009_vs_grp_0012","MeSH:D003093","NCBITaxon:562",TRUE,"Ulcerative Colitis, Systemic Immunosuppression, Never Smoked Normal Control, Never Smoked"
"cgroup_L5_9bb4734d","GSE126409__GSE126409__grp_0003_vs_grp_0007","STR:ifnb","HGNC:6018",FALSE,"Celiac IFNb 24h Celiac Control"
"cgroup_L5_9bb4734d","GSE126409__GSE126409__grp_0023_vs_grp_0026","STR:ifnb","HGNC:6018",FALSE,"Healthy IFNb 24h Healthy Vehicle Control"
"cgroup_L5_3be7454c","GSE126517__GSE126517__grp_0005_vs_grp_0001","HGNC:5417","MeSH:D001943 STR:r5020",TRUE,"T47D breast cancer cells treated with R5020 for 6 hours and IFN-alpha for 18 hours T47D breast cancer cells tr"
"cgroup_L5_4753688f","GSE126517__GSE126517__grp_0006_vs_grp_0001","STR:r5020","MeSH:D001943",TRUE,"T47D breast cancer cells treated with R5020 for 6 hours and water for 18 hours T47D breast cancer cells treate"
"cgroup_L5_4753688f","GSE126517__GSE126517__grp_0007_vs_grp_0001","STR:r5020","MeSH:D001943",TRUE,"T47D breast cancer cells treated with R5020 for 6 hours and water for 18 hours T47D breast cancer cells treate"
"cgroup_L5_3be7454c","GSE126517__GSE126517__grp_0008_vs_grp_0001","HGNC:5417","MeSH:D001943 STR:r5020",TRUE,"T47D breast cancer cells treated with R5020 for 6 hours and IFN-alpha for 18 hours T47D breast cancer cells tr"
"cgroup_L5_3be7454c","GSE126517__GSE126517__grp_0009_vs_grp_0001","HGNC:5417","MeSH:D001943 STR:r5020",TRUE,"T47D breast cancer cells treated with R5020 for 6 hours and IFN-alpha for 18 hours T47D breast cancer cells tr"
"cgroup_L5_35d1be10","GSE135870__GSE135870__grp_0005_vs_grp_0002","STR:nutlin_3a","CHEBI:46741 CHEBI:46742",TRUE,"HCT116_Nutlin-3a HCT116_bivalent_peptide_DMSO"
"cgroup_L5_35d1be10","GSE137297__GSE137297__grp_0002_vs_grp_0001","STR:nutlin_3a","CHEBI:46741 CHEBI:46742",TRUE,"HCT116 + Nutlin-3A HCT116 + DMSO"
"cgroup_L5_35d1be10","GSE137297__GSE137297__grp_0006_vs_grp_0005","STR:nutlin_3a","CHEBI:46741 CHEBI:46742",TRUE,"HCT116 + Nutlin-3A HCT116 + DMSO"
"cgroup_L5_35d1be10","GSE137297__GSE137297__grp_0007_vs_grp_0003","STR:nutlin_3a","CHEBI:46741 CHEBI:46742",TRUE,"HCT116 (disease model) + Nutlin-3A HCT116 (disease model) + DMSO"
"cgroup_L5_35d1be10","GSE137297__GSE137297__grp_0009_vs_grp_0008","STR:nutlin_3a","CHEBI:46741 CHEBI:46742",TRUE,"HCT116 + Nutlin-3A HCT116 + DMSO"
"cgroup_L5_35d1be10","GSE137297__GSE137297__grp_0010_vs_grp_0004","STR:nutlin_3a","CHEBI:46741 CHEBI:46742",TRUE,"HCT116 + Nutlin-3A HCT116 + DMSO"
"cgroup_L5_3f0cc1fe","GSE137344__GSE137344__grp_UlcerativeColitis_1_vs_grp_HealthyControl","MeSH:D003093","NCBITaxon:562",TRUE,"Ulcerative Colitis (Case) Healthy Control"
"cgroup_L5_3f0cc1fe","GSE137344__GSE137344__grp_UlcerativeColitis_2_vs_grp_HealthyControl","MeSH:D003093","NCBITaxon:562",TRUE,"Ulcerative Colitis (Case) Healthy Control"
"cgroup_L5_3f0cc1fe","GSE137344__GSE137344__grp_UlcerativeColitis_3_vs_grp_HealthyControl","MeSH:D003093","NCBITaxon:562",TRUE,"Ulcerative Colitis (Case) Healthy Control"
"cgroup_L5_3f0cc1fe","GSE137344__GSE137344__grp_UlcerativeColitis_4_vs_grp_HealthyControl","MeSH:D003093","NCBITaxon:562",TRUE,"Ulcerative Colitis (Case) Healthy Control"
"cgroup_L5_702a5dea","GSE138780__GSE138780__grp_0030_vs_grp_0029","CHEBI:75998","MeSH:D001943",FALSE,"Triple-Negative Breast Cancer Cell Line, 30nM_Tram, 24h Triple-Negative Breast Cancer Cell Line, DMSO"
"cgroup_L5_35d1be10","GSE139003__GSE139003__Nutlin-3a_6h_vs_DMSO","STR:nutlin_3a","CHEBI:46741 CHEBI:46742",TRUE,"Nutlin-3a 6h DMSO"
"cgroup_L5_35d1be10","GSE139003__GSE139003__Nutlin-3a_9h_vs_DMSO","STR:nutlin_3a","CHEBI:46741 CHEBI:46742",TRUE,"Nutlin-3a 9h DMSO"
"cgroup_L5_35d1be10","GSE139003__GSE139003__Nutlin-3a_12h_vs_DMSO","STR:nutlin_3a","CHEBI:46741 CHEBI:46742",TRUE,"Nutlin-3a 12h DMSO"
"cgroup_L5_cf34c533","GSE139862__GSE139862__Nutlin-3_10uM_24h_passage3_vs_DMSO","CHEBI:46742","CHEBI:46741",TRUE,"PAEC, passage 3, Nutlin-3 10 uM 24h PAEC, passage 3, DMSO"
"cgroup_L5_cf34c533","GSE139862__GSE139862__Nutlin-3_10uM_24h_passage5_vs_PBS","CHEBI:46742","CHEBI:46741",TRUE,"PAEC, passage 5, Nutlin-3 10 uM 24h PAEC, passage 3, PBS"
"cgroup_L5_2e16719f","GSE139963__GSE139963__grp_0002_vs_grp_0003","HGNC:11766","STR:hypoxia",TRUE,"Hypoxia + TGF-β1 PBS (Vehicle Control)"
"cgroup_L5_2e16719f","GSE145746__GSE145746__grp_0002_vs_grp_0004","HGNC:11766","STR:diabetic",TRUE,"Non-Diabetic Donors - TGF-β1 Non-Diabetic Donors - Untreated"
"cgroup_L5_2e16719f","GSE145746__GSE145746__grp_0005_vs_grp_0001","HGNC:11766","STR:diabetic",TRUE,"Diabetic Donors - TGF-β1 Diabetic Donors - No Treatment"
"cgroup_L5_eedd08cb","GSE146547__GSE146547__grp_0003_vs_grp_0002","STR:sirna_pool_against_igf2bp1","MeSH:D008175",TRUE,"A549 cells transfected with siRNA pool against IGF2BP1 (lung cancer) A549 cells transfected with Control siRNA"
"cgroup_L5_dde29fb4","GSE147012__GSE147012__grp_0001_vs_grp_0002","CHEBI:16240","CHEBI:15367",FALSE,"H2O2-treated Retinal Epithelium Cells (Replicate 1) Untreated Retinal Epithelium Cells (Replicates 1-2)"
"cgroup_L5_dde29fb4","GSE147012__GSE147012__grp_0003_vs_grp_0002","CHEBI:16240","CHEBI:15367",FALSE,"H2O2-treated Retinal Epithelium Cells (Replicate 2) Untreated Retinal Epithelium Cells (Replicates 1-2)"
"cgroup_L5_35d1be10","GSE147699__GSE147699__grp_0002_vs_grp_0001","STR:nutlin_3a","CHEBI:46741 CHEBI:46742",TRUE,"MCF10A WTp53 cDNA insert Nutlin-3a MCF10A WTp53 cDNA insert DMSO"
"cgroup_L5_35d1be10","GSE147699__GSE147699__grp_0004_vs_grp_0003","STR:nutlin_3a","CHEBI:46741 CHEBI:46742",TRUE,"MCF10A full length p53 tethered to full length p53 cDNA followed IRES expressed mCherry followed by SV40 polyA"
"cgroup_L5_35d1be10","GSE147699__GSE147699__grp_0007_vs_grp_0005","STR:nutlin_3a","CHEBI:46741 CHEBI:46742",TRUE,"MCF10A WTp53 cDNA insert Nutlin-3a MCF10A WTp53 cDNA insert DMSO"
"cgroup_L5_35d1be10","GSE147699__GSE147699__grp_0009_vs_grp_0006","STR:nutlin_3a","CHEBI:46741 CHEBI:46742",TRUE,"MCF10A WTp53 cDNA insert Nutlin-3a MCF10A WTp53 cDNA insert DMSO"
"cgroup_L5_35d1be10","GSE147699__GSE147699__grp_0008_vs_grp_0003","STR:nutlin_3a","CHEBI:46741 CHEBI:46742",TRUE,"MCF10A full length p53 tethered to full length p53 cDNA followed IRES expressed mCherry followed by SV40 polyA"
"cgroup_L5_35d1be10","GSE147701__GSE147701__grp_0002_vs_grp_0001","STR:nutlin_3a","CHEBI:46741 CHEBI:46742",TRUE,"MCF10A WTp53 cDNA insert Nutlin-3a MCF10A WTp53 cDNA insert DMSO"
"cgroup_L5_35d1be10","GSE147701__GSE147701__grp_0004_vs_grp_0003","STR:nutlin_3a","CHEBI:46741 CHEBI:46742",TRUE,"MCF10A full length p53 tethered to full length p53 cDNA Nutlin-3a MCF10A full length p53 tethered to full leng"
"cgroup_L5_35d1be10","GSE148342__GSE148342__nutlin-3a_vs_control","STR:nutlin_3a","CHEBI:46741 CHEBI:46742",TRUE,"Nutlin-3a 2.5 uM Control"
"cgroup_L5_871ae09e","GSE151803__GSE151803__grp_0001_vs_grp_0003","NCBITaxon:2697049","STR:covid_19",FALSE,"COVID-19 Lung 58L hESC Mock"
"cgroup_L5_871ae09e","GSE151803__GSE151803__grp_0002_vs_grp_0003","NCBITaxon:2697049","STR:covid_19",FALSE,"COVID-19 Lung hESC Mock"
"cgroup_L5_cf34c533","GSE154101__GSE154101__grp_0002_vs_grp_0003","CHEBI:46742","CHEBI:46741",TRUE,"Healthy Donor 1, Passage 2, Nutlin-3 (10 µM) Healthy Donor 1, Passage 2, PBS/DMSO"
"cgroup_L5_cf34c533","GSE154101__GSE154101__grp_0004_vs_grp_0005","CHEBI:46742","CHEBI:46741",TRUE,"Healthy Donor 2, Passage 2, Nutlin-3 (10 µM) Healthy Donor 2, Passage 2, PBS/DMSO"
"cgroup_L5_cf34c533","GSE154118__GSE154118__Nutlin-3_vs_PBS_DMSO","CHEBI:46742","CHEBI:46741",TRUE,"Nutlin-3 treated PASMCs Vehicle control (PBS/DMSO) PASMCs"
"cgroup_L5_3973fe03","GSE155141__GSE155141__grp_0003_vs_grp_0002","HGNC:5991","HGNC:5992",FALSE,"Non-lesional human skin, IL-1β stimulated Non-lesional human skin, no treatment"
"cgroup_L5_3973fe03","GSE155141__GSE155141__grp_0004_vs_grp_0005","HGNC:5991","HGNC:5992",FALSE,"Non-lesional human skin, IL-1β stimulated Non-lesional human skin, no treatment"
"cgroup_L5_c5e86fe9","GSE165548__GSE165548__grp_0002_vs_grp_0001","CHEBI:83766","STR:radiation",TRUE,"Olaparib + Radiotherapy Control - No irradiation - No treatment"
"cgroup_L5_c5e86fe9","GSE165548__GSE165548__grp_0016_vs_grp_0001","CHEBI:83766","STR:radiation",TRUE,"Olaparib + Radiotherapy Control - No irradiation - No treatment"
"cgroup_L5_c5e86fe9","GSE165548__GSE165548__grp_0017_vs_grp_0001","CHEBI:83766","STR:radiation",TRUE,"Olaparib + Radiotherapy Control - No irradiation - No treatment"
"cgroup_L5_a8015c98","GSE165548__GSE165548__grp_0018_vs_grp_0001","CHEBI:175901","STR:radiation",TRUE,"Gemcitabine + Radiotherapy Control - No irradiation - No treatment"
"cgroup_L5_c5e86fe9","GSE165548__GSE165548__grp_0020_vs_grp_0001","CHEBI:83766","STR:radiation",TRUE,"Olaparib + Radiotherapy Control - No irradiation - No treatment"
"cgroup_L5_721184e6","GSE171676__GSE171676__grp_0003_vs_grp_0001","CHEBI:230500","STR:psoriasis",FALSE,"THZ1-treated CD4+ T cells (Psoriasis) DMSO-treated CD4+ T cells (Psoriasis)"
"cgroup_L5_721184e6","GSE171676__GSE171676__grp_0003_vs_grp_0002","CHEBI:230500","STR:psoriasis",FALSE,"THZ1-treated CD4+ T cells (Psoriasis) DMSO-treated CD4+ T cells (Psoriasis) [2 uM]"
"cgroup_L5_35d1be10","GSE173483__GSE173483__grp_0002_vs_grp_0001","STR:nutlin_3a","CHEBI:46741 CHEBI:46742",TRUE,"U2OS_Nutlin-3a U2OS_DMSO"
"cgroup_L5_35d1be10","GSE173483__GSE173483__grp_0005_vs_grp_0003","STR:nutlin_3a","CHEBI:46741 CHEBI:46742",TRUE,"U2OS_RFX7-/-_Nutlin-3a U2OS_RFX7-/-_DMSO"
"cgroup_L5_35d1be10","GSE173483__GSE173483__grp_0006_vs_grp_0004","STR:nutlin_3a","CHEBI:46741 CHEBI:46742",TRUE,"U2OS_RFX7-/-_Nutlin-3a U2OS_RFX7-/-_DMSO"
"cgroup_L5_35d1be10","GSE173483__GSE173483__grp_0007_vs_grp_0004","STR:nutlin_3a","CHEBI:46741 CHEBI:46742",TRUE,"U2OS_RFX7-/-_Nutlin-3a U2OS_RFX7-/-_DMSO"
"cgroup_L5_33673560","GSE178714__GSE178714__grp_0005_vs_grp_0001","STR:tgfb","HGNC:11766",FALSE,"Wild-type, TGFB, 1h Wild-type, untreated, 1h"
"cgroup_L5_33673560","GSE178714__GSE178714__grp_0010_vs_grp_0008","STR:tgfb","HGNC:11766",FALSE,"SMAD2/SMAD3 KO, TGFB, 1h SMAD2/SMAD3 KO, untreated, 1h"
"cgroup_L5_33673560","GSE178714__GSE178714__grp_0012_vs_grp_0008","STR:tgfb","HGNC:11766",FALSE,"SMAD2/SMAD3 KO, TGFB, 1h SMAD2/SMAD3 KO, untreated, 1h"
"cgroup_L5_b9e7806c","GSE181905__GSE181905__grp_0001_vs_grp_0002","CHEBI:143122","MeSH:D001943",TRUE,"HCC1954 K12i THZ531 HER2+ breast cancer cells DMSO"
"cgroup_L5_721184e6","GSE181905__GSE181905__grp_0004_vs_grp_0002","CHEBI:230500","MeSH:D001943",FALSE,"HER2+ breast cancer cells THZ1 HER2+ breast cancer cells DMSO"
"cgroup_L5_b9e7806c","GSE181905__GSE181905__grp_0005_vs_grp_0006","CHEBI:143122","MeSH:D001943",TRUE,"HER2+ breast cancer cells THZ531 HER2+ breast cancer cells DMSO"
"cgroup_L5_871ae09e","GSE183850__GSE183850__grp_0003_vs_grp_0002","NCBITaxon:2697049","STR:heart_failure",TRUE,"Heart Failure SARS-CoV-2 Heart Failure Mock"
"cgroup_L5_35d1be10","GSE189133__GSE189133__grp_0003_vs_grp_0001","STR:nutlin_3a","CHEBI:46741 CHEBI:46742",TRUE,"FAM193A KO + Nutlin-3a (replicate) FAM193A KO + DMSO"
"cgroup_L5_a32e5eaa","GSE192743__GSE192743__grp_0001_vs_grp_0002","CHEBI:50131","MeSH:D015179",FALSE,"Colorectal cancer cells treated with DAC Colorectal cancer cells treated with vehicle"
"cgroup_L5_b6b8bc00","GSE197600__GSE197600__grp_palbociclib_vs_grp_none_1","CHEBI:85993","MeSH:D008175",TRUE,"A549 lung cancer cells, Palbociclib treatment A549 lung cancer cells, no treatment"
"cgroup_L5_3973fe03","GSE205853__GSE205853__grp_0002_vs_grp_0003","HGNC:5991","HGNC:5992",FALSE,"IFN-γ, IL-1β No Treatment"
"cgroup_L5_3973fe03","GSE205853__GSE205853__grp_0005_vs_grp_0003","HGNC:5991","HGNC:5992",FALSE,"IFN-γ, IL-1β No Treatment"
"cgroup_L5_3973fe03","GSE205853__GSE205853__grp_0007_vs_grp_0003","HGNC:5991","HGNC:5992",FALSE,"IFN-γ, IL-1β No Treatment"
"cgroup_L5_46a3a103","GSE206225__GSE206225__grp_0011_vs_grp_0010","STR:radiation","CHEBI:72564",TRUE,"JX14P primary radiation temozolomide JX14P primary untreated"
"cgroup_L5_46a3a103","GSE206225__GSE206225__grp_0014_vs_grp_0010","STR:radiation","CHEBI:72564",TRUE,"JX14T primary radiation temozolomide JX14P primary untreated"
"cgroup_L5_46a3a103","GSE206225__GSE206225__grp_0015_vs_grp_0010","STR:radiation","CHEBI:72564",TRUE,"JX14T primary radiation temozolomide JX14P primary untreated"
"cgroup_L5_be15b706","GSE206510__GSE206510__grp_asthma_il13_vs_grp_asthma_untreated","HGNC:5973","STR:asthma",FALSE,"Asthma IL-13 Asthma untreated"
"cgroup_L5_8958b27a","GSE211244__GSE211244__HCT116_Nutlin3A_case_vs_HCT116_DMSO_case","CHEBI:46741","CHEBI:46742 STR:nutlin_3a",TRUE,"HCT116_Nutlin3A_case HCT116_DMSO_case"
"cgroup_L5_8958b27a","GSE211244__GSE211244__HCT116_Nutlin3A_control_vs_HCT116_DMSO_control","CHEBI:46741","CHEBI:46742 STR:nutlin_3a",TRUE,"HCT116_Nutlin3A_control HCT116_DMSO_control"
"cgroup_L5_601ede7b","GSE223372__GSE223372__grp_0001_vs_grp_0003","CHEBI:90943","CHEBI:4167",TRUE,"LX1042 + osimertinib (25 mg/kg) LX1042 + vehicle (5% glucose+0.5%HPMC)"
"cgroup_L5_601ede7b","GSE223372__GSE223372__grp_0015_vs_grp_0018","CHEBI:90943","CHEBI:4167",TRUE,"LX831b + osimertinib (25 mg/kg) LX831b + vehicle (5% glucose+0.5%HPMC)"
"cgroup_L5_601ede7b","GSE223372__GSE223372__grp_0016_vs_grp_0018","CHEBI:90943","CHEBI:4167",TRUE,"LX831b + osimertinib (25 mg/kg) LX831b + vehicle (5% glucose+0.5%HPMC)"
"cgroup_L5_601ede7b","GSE223372__GSE223372__grp_0017_vs_grp_0018","CHEBI:90943","CHEBI:4167",TRUE,"LX831b + osimertinib (25 mg/kg) LX831b + vehicle (5% glucose+0.5%HPMC)"
"cgroup_L5_3f0cc1fe","GSE224758__GSE224758__grp_0001_vs_grp_0003","MeSH:D003093","NCBITaxon:562",TRUE,"Active Ulcerative Colitis (single sample) Healthy Control (colon)"
"cgroup_L5_3f0cc1fe","GSE224758__GSE224758__grp_0001_vs_grp_0004","MeSH:D003093","NCBITaxon:562",TRUE,"Active Ulcerative Colitis (single sample) Healthy Control (colon)"
"cgroup_L5_63e69fdc","GSE228458__GSE228458__grp_0008_vs_grp_0004","MeSH:D000544","MeSH:D001943",TRUE,"Alzheimer's disease with Breast Cancer (90.67 years, F) Neurologically unaffected control (50.75 years, F)"
"cgroup_L5_81b706c4","GSE232764__GSE232764__grp_0004_vs_grp_0001","CHEBI:45863","MeSH:D001943",TRUE,"Breast cancer tissue (paclitaxel) Breast cancer tissue (control)"
"cgroup_L5_dc7451b1","GSE234615__GSE234615__grp_0003_vs_grp_0001","CHEBI:230493","MeSH:D015179",TRUE,"HCT116 cells treated with EPZ-5676 Colorectal carcinoma cells treated with DMSO"
"cgroup_L5_dc7451b1","GSE234615__GSE234615__grp_0008_vs_grp_0005","CHEBI:230493","MeSH:D015179",TRUE,"HCT116 cells with shNELFE modification treated with EPZ-5676 Colorectal carcinoma cells with shNELFE modificat"
"cgroup_L5_dc7451b1","GSE234615__GSE234615__grp_0009_vs_grp_0005","CHEBI:230493","MeSH:D015179",TRUE,"HCT116 cells with shNELFE modification treated with EPZ-5676 Colorectal carcinoma cells with shNELFE modificat"
"cgroup_L5_b71a25a2","GSE239585__GSE239585__grp_0006_vs_grp_0005","CHEBI:137113","NCBITaxon:2697049",FALSE,"JQ1-treated, SARS-CoV-2-infected DMSO-treated, SARS-CoV-2-infected"
"cgroup_L5_3f0cc1fe","GSE243625__GSE243625__grp_0005_vs_grp_0001","MeSH:D003093","NCBITaxon:562",TRUE,"Active ulcerative colitis Normal mucosa (control)"
"cgroup_L5_3f0cc1fe","GSE243625__GSE243625__grp_0006_vs_grp_0001","MeSH:D003093","NCBITaxon:562",TRUE,"Active ulcerative colitis (unclear perturbation) Normal mucosa (control)"
"cgroup_L5_3f0cc1fe","GSE243625__GSE243625__grp_0007_vs_grp_0001","MeSH:D003093","NCBITaxon:562",TRUE,"Inactive ulcerative colitis Normal mucosa (control)"
"cgroup_L5_29cb04f8","GSE245887__GSE245887__grp_0001_vs_grp_0002","CHEBI:46345","MeSH:D013274",FALSE,"gastric cancer patient-derived cells treated with 5-FU JSC15-3 cells treated with DMSO"
"cgroup_L5_601ede7b","GSE255958__GSE255958__grp_LungCancerOrganoid_Osimertinib_3d_vs_grp_LungCancerOrganoid_DMSO","CHEBI:90943","MeSH:D008175",TRUE,"Lung cancer organoid Osimertinib 1 uM 3d Lung cancer organoid DMSO 0.1% 3d"
"cgroup_L5_601ede7b","GSE255958__GSE255958__grp_LungCancerOrganoid_Osimertinib_3d_2_vs_grp_LungCancerOrganoid_DMSO","CHEBI:90943","MeSH:D008175",TRUE,"Lung cancer organoid Osimertinib 1 uM 3d Lung cancer organoid DMSO 0.1% 3d"
"cgroup_L5_a6fd82fa","GSE262110__GSE262110__grp_0005_vs_grp_0007","CHEBI:44616","MeSH:D001943",FALSE,"Breast cancer organoids, 4-OHT (200nM) Breast cancer organoids, DMSO"
"cgroup_L5_a6fd82fa","GSE262110__GSE262110__grp_0006_vs_grp_0007","CHEBI:44616","MeSH:D001943",FALSE,"Breast cancer organoids, 4-OHT (3uM) Breast cancer organoids, DMSO"
"cgroup_L5_81b706c4","GSE262746__GSE262746__grp_0004_vs_grp_0001","CHEBI:45863","STR:radiation",TRUE,"Nab-Paclitaxel + Radiation Control"
"cgroup_L5_29cb04f8","GSE264144__GSE264144__grp_0003_vs_grp_0001","CHEBI:46345","MeSH:D013274",FALSE,"gastric cancer patient-derived cells treated with 5-FU for 5 days gastric cancer patient-derived cells treated"
"cgroup_L5_29cb04f8","GSE264144__GSE264144__grp_0006_vs_grp_0005","CHEBI:46345","MeSH:D013274",FALSE,"gastric cancer patient-derived tissue treated with 5-FU gastric cancer patient-derived tissue treated with PBS"
"cgroup_L5_efced505","GSE59066__GSE59066__grp_0004_vs_grp_0003","CHEBI:38940","MeSH:D002292",TRUE,"Renal Cell Carcinoma Stage IV Sutent Treated Renal Cell Carcinoma Stage IV Untreated"
"cgroup_L5_cf34c533","GSE59841__GSE59841__nutlin_10uM_vs_DMSO","CHEBI:46742","CHEBI:46741",FALSE,"nutlin 10uM DMSO"
"cgroup_L5_cf34c533","GSE59841__GSE59841__nutlin_10uM_no_disease_vs_DMSO","CHEBI:46742","CHEBI:46741",FALSE,"nutlin 10uM no disease DMSO"
"cgroup_L5_dd2a13de","GSE79544__GSE79544__IPF_non_smokers_vs_Healthy_non_smokers","STR:idiopathic_pulmonary_fibrosis","MeSH:D000074285",FALSE,"IPF non-smokers Healthy non-smokers"
"cgroup_L5_dd2a13de","GSE79544__GSE79544__IPF_smokers_vs_Healthy_smokers","STR:idiopathic_pulmonary_fibrosis","MeSH:D000074285",FALSE,"IPF smokers Healthy smokers"
"cgroup_L5_35d1be10","GSE80716__GSE80716__Nutlin-3a_vs_DMSO","STR:nutlin_3a","CHEBI:46741 CHEBI:46742",TRUE,"Nutlin-3a DMSO"
"cgroup_L5_3f0cc1fe","GSE83687__GSE83687__Ulcerative_colitis_right_colon_vs_control_left_colon","MeSH:D003093","NCBITaxon:562",TRUE,"Ulcerative colitis right colon Control left colon"
"cgroup_L5_3f0cc1fe","GSE83687__GSE83687__Ulcerative_colitis_sigmoid_colon_vs_control_left_colon","MeSH:D003093","NCBITaxon:562",TRUE,"Ulcerative colitis sigmoid colon Control left colon"
"cgroup_L5_3f0cc1fe","GSE83687__GSE83687__Ulcerative_colitis_left_colon_vs_control_colon","MeSH:D003093","NCBITaxon:562",TRUE,"Ulcerative colitis left colon Control colon"
"cgroup_L5_3f0cc1fe","GSE83687__GSE83687__Ulcerative_colitis_left_colon_vs_control_colon","MeSH:D003093","NCBITaxon:562",TRUE,"Ulcerative colitis left colon Control colon"
"cgroup_L5_3f0cc1fe","GSE83687__GSE83687__Ulcerative_colitis_left_colon_vs_control_colon","MeSH:D003093","NCBITaxon:562",TRUE,"Ulcerative colitis left colon Control colon"
"cgroup_L5_3f0cc1fe","GSE83687__GSE83687__Ulcerative_colitis_left_colon_vs_control_colon","MeSH:D003093","NCBITaxon:562",TRUE,"Ulcerative colitis left colon Control colon"
"cgroup_L5_3f0cc1fe","GSE83687__GSE83687__Ulcerative_colitis_left_colon_vs_control_colon","MeSH:D003093","NCBITaxon:562",TRUE,"Ulcerative colitis left colon Control colon"
"cgroup_L5_3f0cc1fe","GSE83687__GSE83687__Ulcerative_colitis_left_colon_vs_control_colon","MeSH:D003093","NCBITaxon:562",TRUE,"Ulcerative colitis left colon Control colon"
"cgroup_L5_3f0cc1fe","GSE83687__GSE83687__Ulcerative_colitis_rectum_vs_control_colon","MeSH:D003093","NCBITaxon:562",TRUE,"Ulcerative colitis rectum Control colon"
"cgroup_L5_3f0cc1fe","GSE83687__GSE83687__Ulcerative_colitis_rectum_vs_control_colon","MeSH:D003093","NCBITaxon:562",TRUE,"Ulcerative colitis rectum Control colon"
"cgroup_L5_3f0cc1fe","GSE83687__GSE83687__Ulcerative_colitis_rectum_vs_control_colon","MeSH:D003093","NCBITaxon:562",TRUE,"Ulcerative colitis rectum Control colon"
"cgroup_L5_3f0cc1fe","GSE83687__GSE83687__Ulcerative_colitis_right_colon_vs_control_colon","MeSH:D003093","NCBITaxon:562",TRUE,"Ulcerative colitis right colon Control colon"
"cgroup_L5_3f0cc1fe","GSE83687__GSE83687__Ulcerative_colitis_right_colon_vs_control_colon","MeSH:D003093","NCBITaxon:562",TRUE,"Ulcerative colitis right colon Control colon"
"cgroup_L5_3f0cc1fe","GSE83687__GSE83687__Ulcerative_colitis_small_bowel_vs_control_colon","MeSH:D003093","NCBITaxon:562",TRUE,"Ulcerative colitis small bowel Control colon"
"cgroup_L5_3f0cc1fe","GSE83687__GSE83687__grp_0004_vs_grp_0001","MeSH:D003093","NCBITaxon:562",TRUE,"Ulcerative Colitis left colon (female) Control small bowel"
"cgroup_L5_3f0cc1fe","GSE83687__GSE83687__grp_0004_vs_grp_0002","MeSH:D003093","NCBITaxon:562",TRUE,"Ulcerative Colitis left colon (female) Control transverse colon (male)"
"cgroup_L5_3f0cc1fe","GSE83687__GSE83687__grp_0004_vs_grp_0003","MeSH:D003093","NCBITaxon:562",TRUE,"Ulcerative Colitis left colon (female) Control transverse colon (female)"
"cgroup_L5_3f0cc1fe","GSE83687__GSE83687__grp_0005_vs_grp_0001","MeSH:D003093","NCBITaxon:562",TRUE,"Ulcerative Colitis left colon (male) Control small bowel"
"cgroup_L5_3f0cc1fe","GSE83687__GSE83687__grp_0005_vs_grp_0002","MeSH:D003093","NCBITaxon:562",TRUE,"Ulcerative Colitis left colon (male) Control transverse colon (male)"
"cgroup_L5_3f0cc1fe","GSE83687__GSE83687__grp_0005_vs_grp_0003","MeSH:D003093","NCBITaxon:562",TRUE,"Ulcerative Colitis left colon (male) Control transverse colon (female)"
"cgroup_L5_3f0cc1fe","GSE92472__GSE92472__Ulcerative_colitis_vs_Healthy_control","MeSH:D003093","NCBITaxon:562",TRUE,"Ulcerative colitis Healthy control"
"cgroup_L5_d631ee89","GSE93620__GSE93620__grp_0002_vs_grp_0001","HGNC:6011","MeSH:D015179",FALSE,"HT-29-MTX, Colorectal carcinoma, A. ceylanicum iL3 larvae, 24h HT-29-MTX, Colorectal carcinoma, untreated"
"cgroup_L5_16525349","GSE95079__GSE95079__Ponatinib_vs_DMSO","CHEBI:78543","MeSH:D001943",TRUE,"LM2 Triple Negative Breast Cancer Cells Treated with Ponatinib LM2 Triple Negative Breast Cancer Cells Treated"
